batch_idx,n_train,acc_running,cumulative_regret,acc_ds1000,acc_ddxplus,acc_hotpotqa,pg_loss,mean_kl,adv_std,ppo_clipfrac,gen_time_s,train_time_s
0,10,0.4000,6.0000,0.5000,0.3333,0.5000,-0.037424,0.000000,0.4858,0.0000,4.0,2.3
1,20,0.4000,12.0000,0.1667,0.4545,0.6667,-0.416293,0.000000,0.4182,0.0000,4.7,2.4
2,30,0.3667,19.0000,0.1667,0.3750,0.5000,-0.307506,-0.000648,0.4247,0.0000,2.6,3.9
3,40,0.4000,24.0000,0.2222,0.4000,0.5455,-0.241914,-0.000778,0.4541,0.0000,3.2,5.1
4,50,0.3800,31.0000,0.1818,0.4167,0.4667,-0.570428,-0.001355,0.3736,0.0000,20.3,6.5
5,60,0.3667,38.0000,0.2308,0.3793,0.4444,-0.462295,-0.001180,0.3902,0.0013,5.8,7.9
6,70,0.4000,42.0000,0.2000,0.3750,0.5652,-0.594406,-0.001209,0.3806,0.0044,10.9,9.5
7,80,0.4000,48.0000,0.2381,0.3714,0.5833,-0.234080,-0.001106,0.4561,0.0132,14.5,10.7
8,90,0.4111,53.0000,0.2400,0.4054,0.5714,-0.260553,-0.001345,0.4561,0.0220,4.7,12.2
9,100,0.4500,55.0000,0.2308,0.4103,0.6571,-0.375495,-0.001341,0.4510,0.0295,12.3,13.8
10,100,0.4455,61.0000,0.2414,0.4186,0.6316,-0.426461,0.000021,0.4416,0.0280,10.4,14.1
11,100,0.4500,66.0000,0.2414,0.4082,0.6429,-0.398916,0.003523,0.4506,0.0255,2.9,14.4
12,100,0.4538,71.0000,0.2188,0.4423,0.6304,-0.458195,0.005705,0.4480,0.0277,6.0,14.5
13,100,0.4571,76.0000,0.2500,0.4364,0.6327,-0.463349,0.008084,0.4469,0.0284,3.4,14.5
14,100,0.4667,80.0000,0.2564,0.4464,0.6364,-0.373007,0.009775,0.4725,0.0275,3.5,14.7
15,100,0.4625,86.0000,0.2558,0.4500,0.6316,-0.453531,0.016869,0.4637,0.0273,8.2,15.0
16,100,0.4706,90.0000,0.3043,0.4462,0.6271,-0.320466,0.020809,0.4825,0.0328,5.2,14.7
17,100,0.4667,96.0000,0.3061,0.4348,0.6290,-0.582679,0.022471,0.4425,0.0348,7.8,14.4
18,100,0.4526,104.0000,0.3000,0.4267,0.6000,-0.564497,0.025823,0.4332,0.0407,5.9,14.2
19,100,0.4500,110.0000,0.2885,0.4304,0.5942,-0.496185,0.029449,0.4286,0.0441,6.5,13.9
20,100,0.4429,117.0000,0.3036,0.4250,0.5676,-0.484360,0.028865,0.4262,0.0443,8.7,14.0
21,100,0.4318,125.0000,0.2931,0.4167,0.5513,-0.476715,0.026766,0.4131,0.0494,3.9,13.8
22,100,0.4348,130.0000,0.3016,0.4186,0.5556,-0.390106,0.027752,0.4313,0.0508,4.4,13.6
23,100,0.4208,139.0000,0.2836,0.4205,0.5294,-0.560226,0.028130,0.3726,0.0500,18.4,13.9
24,100,0.4080,148.0000,0.2817,0.4022,0.5172,-0.521939,0.031263,0.3499,0.0601,7.3,13.7
25,100,0.4038,155.0000,0.2800,0.4000,0.5111,-0.516506,0.025020,0.3456,0.0537,14.0,13.9
26,100,0.4074,160.0000,0.3038,0.3939,0.5109,-0.506297,0.021426,0.3403,0.0417,3.7,13.7
27,100,0.4214,162.0000,0.3210,0.4078,0.5208,-0.499646,0.021604,0.3686,0.0416,2.9,13.9
28,100,0.4310,165.0000,0.3176,0.4352,0.5258,-0.552044,0.020978,0.3868,0.0419,3.1,13.7
29,100,0.4400,168.0000,0.3295,0.4324,0.5446,-0.537314,0.026111,0.4063,0.0421,4.0,13.8
30,100,0.4387,174.0000,0.3370,0.4286,0.5377,-0.519969,0.027778,0.4153,0.0409,9.8,13.7
31,100,0.4437,178.0000,0.3469,0.4336,0.5413,-0.600951,0.031348,0.4182,0.0404,9.4,13.6
32,100,0.4455,183.0000,0.3495,0.4359,0.5455,-0.721429,0.031641,0.3938,0.0385,17.7,13.4
33,100,0.4441,189.0000,0.3429,0.4262,0.5575,-0.580266,0.034482,0.4365,0.0393,3.7,13.6
34,100,0.4429,195.0000,0.3426,0.4331,0.5478,-0.577324,0.035199,0.4495,0.0365,2.8,13.1
35,100,0.4444,200.0000,0.3482,0.4275,0.5556,-0.547870,0.040553,0.4604,0.0425,8.0,12.9
36,100,0.4459,205.0000,0.3509,0.4307,0.5546,-0.633646,0.052330,0.4462,0.0346,10.3,13.2
37,100,0.4474,210.0000,0.3448,0.4357,0.5565,-0.646124,0.061170,0.4316,0.0443,4.8,13.0
38,100,0.4462,216.0000,0.3361,0.4437,0.5556,-0.689446,0.063230,0.4104,0.0550,8.2,13.1
39,100,0.4450,222.0000,0.3440,0.4422,0.5469,-0.639858,0.053518,0.4057,0.0541,3.8,12.8
40,100,0.4390,230.0000,0.3386,0.4371,0.5379,-0.614634,0.053958,0.4011,0.0569,2.9,12.8
41,100,0.4381,236.0000,0.3359,0.4416,0.5333,-0.585464,0.053498,0.3970,0.0646,4.4,12.8
42,100,0.4395,241.0000,0.3284,0.4522,0.5324,-0.483790,0.054193,0.4189,0.0737,3.0,13.0
43,100,0.4432,245.0000,0.3333,0.4601,0.5282,-0.476339,0.052960,0.4301,0.0646,3.0,13.0
44,100,0.4422,251.0000,0.3286,0.4643,0.5282,-0.526367,0.053110,0.4198,0.0587,4.9,12.9
45,100,0.4435,256.0000,0.3217,0.4713,0.5315,-0.494796,0.052912,0.4260,0.0602,3.6,12.9
46,100,0.4447,261.0000,0.3265,0.4746,0.5274,-0.252275,0.043170,0.4697,0.0541,10.9,13.0
47,100,0.4479,265.0000,0.3289,0.4751,0.5333,-0.209269,0.045512,0.4790,0.0481,4.7,12.8
48,100,0.4429,273.0000,0.3247,0.4703,0.5298,-0.146906,0.045601,0.4809,0.0482,6.2,12.7
49,100,0.4440,278.0000,0.3208,0.4759,0.5325,-0.196208,0.055751,0.4767,0.0428,3.9,13.0
50,100,0.4490,281.0000,0.3272,0.4815,0.5346,-0.208989,0.060456,0.4879,0.0408,4.2,13.0
51,100,0.4481,287.0000,0.3253,0.4844,0.5309,-0.176464,0.061270,0.4911,0.0382,4.1,13.0
52,100,0.4453,294.0000,0.3198,0.4845,0.5305,-0.211179,0.077694,0.4829,0.0384,4.9,12.8
53,100,0.4426,301.0000,0.3179,0.4798,0.5266,-0.188593,0.078313,0.4776,0.0363,2.6,12.9
54,100,0.4455,305.0000,0.3202,0.4826,0.5322,-0.232348,0.080140,0.4779,0.0410,6.2,13.1
55,100,0.4482,309.0000,0.3187,0.4828,0.5429,-0.222387,0.087607,0.4820,0.0434,3.7,13.4
56,100,0.4456,316.0000,0.3102,0.4829,0.5449,-0.438791,0.089006,0.4398,0.0455,7.5,13.2
57,100,0.4431,323.0000,0.3138,0.4714,0.5440,-0.392785,0.101153,0.4356,0.0497,4.6,13.2
58,100,0.4424,329.0000,0.3089,0.4720,0.5459,-0.406796,0.102494,0.4421,0.0548,6.1,13.7
59,100,0.4433,334.0000,0.3144,0.4676,0.5474,-0.368420,0.095656,0.4496,0.0629,3.0,13.3
60,100,0.4426,340.0000,0.3081,0.4749,0.5440,-0.421851,0.090823,0.4249,0.0690,4.2,13.3
61,100,0.4435,345.0000,0.3069,0.4749,0.5477,-0.372960,0.092581,0.4397,0.0657,5.0,13.7
62,100,0.4413,352.0000,0.3043,0.4753,0.5450,-0.322812,0.077740,0.4498,0.0624,5.8,13.7
63,100,0.4437,356.0000,0.3143,0.4714,0.5468,-0.240004,0.084437,0.4753,0.0617,5.4,13.6
64,99,0.4415,363.0000,0.3131,0.4652,0.5485,-0.289576,0.083649,0.4563,0.0692,28.7,13.6
65,99,0.4394,370.0000,0.3119,0.4632,0.5450,-0.269852,0.079796,0.4472,0.0683,3.8,13.7
66,99,0.4418,374.0000,0.3094,0.4701,0.5493,-0.280038,0.075464,0.4578,0.0677,6.3,13.8
67,99,0.4441,378.0000,0.3080,0.4664,0.5596,-0.347277,0.063035,0.4577,0.0520,3.2,14.0
68,99,0.4435,384.0000,0.3128,0.4628,0.5566,-0.301611,0.061901,0.4656,0.0582,5.4,14.0
69,99,0.4457,388.0000,0.3190,0.4653,0.5561,-0.307993,0.061441,0.4682,0.0611,14.2,14.0
70,99,0.4493,391.0000,0.3234,0.4720,0.5556,-0.319950,0.058734,0.4762,0.0735,3.9,13.9
71,99,0.4500,396.0000,0.3249,0.4722,0.5541,-0.427036,0.057531,0.4595,0.0655,12.0,13.8
72,99,0.4521,400.0000,0.3264,0.4724,0.5570,-0.481089,0.062151,0.4610,0.0644,5.9,14.1
73,99,0.4554,403.0000,0.3264,0.4747,0.5643,-0.627343,0.056458,0.4398,0.0605,3.9,14.1
74,100,0.4573,407.0000,0.3320,0.4788,0.5587,-0.433770,0.060137,0.4791,0.0595,4.5,14.6
75,100,0.4579,412.0000,0.3347,0.4791,0.5582,-0.411670,0.057772,0.4863,0.0608,3.2,14.2
76,100,0.4571,418.0000,0.3333,0.4774,0.5595,-0.401608,0.065289,0.4830,0.0592,8.8,14.3
77,100,0.4564,424.0000,0.3346,0.4797,0.5529,-0.461021,0.086693,0.4699,0.0532,10.5,14.1
78,100,0.4557,430.0000,0.3295,0.4818,0.5543,-0.464791,0.109224,0.4695,0.0581,2.9,14.0
79,100,0.4562,435.0000,0.3295,0.4838,0.5534,-0.475878,0.112588,0.4643,0.0598,4.6,13.9
80,100,0.4580,439.0000,0.3295,0.4820,0.5597,-0.454619,0.121539,0.4640,0.0584,3.4,14.2
80,100,0.4605,437.0000,0.3371,0.4820,0.5597,-0.443651,0.121539,0.4721,0.0584,5.2,15.4
81,100,0.4610,442.0000,0.3408,0.4858,0.5535,-0.333557,0.132359,0.4864,0.0599,3.0,13.9
82,100,0.4590,449.0000,0.3370,0.4858,0.5527,-0.336846,0.127911,0.4795,0.0544,7.4,14.1
83,100,0.4631,451.0000,0.3345,0.4965,0.5560,-0.344033,0.141803,0.4815,0.0550,2.8,14.1
80,100,0.4605,437.0000,0.3371,0.4820,0.5597,-0.443651,0.121539,0.4721,0.0584,4.9,15.4
81,100,0.4610,442.0000,0.3408,0.4858,0.5535,-0.333451,0.132318,0.4864,0.0576,3.0,13.8
82,100,0.4602,448.0000,0.3407,0.4858,0.5527,-0.257189,0.127163,0.4906,0.0523,6.3,14.1
83,100,0.4643,450.0000,0.3382,0.4965,0.5560,-0.261269,0.141087,0.4925,0.0537,2.8,14.0
84,100,0.4647,455.0000,0.3417,0.4966,0.5536,-0.272169,0.156917,0.4896,0.0570,3.6,13.6
85,100,0.4686,457.0000,0.3452,0.5000,0.5579,-0.315336,0.159899,0.4912,0.0609,4.2,13.8
86,100,0.4678,463.0000,0.3439,0.5000,0.5571,-0.322428,0.168592,0.4910,0.0593,8.8,13.8
87,100,0.4693,467.0000,0.3472,0.5034,0.5544,-0.188488,0.137819,0.5007,0.0485,4.4,13.9
88,100,0.4708,471.0000,0.3447,0.5067,0.5589,-0.254815,0.116281,0.5021,0.0523,6.3,14.1
89,100,0.4689,478.0000,0.3467,0.5067,0.5533,-0.242240,0.116187,0.5010,0.0491,5.3,14.3
90,100,0.4692,483.0000,0.3477,0.5115,0.5479,-0.255649,0.122706,0.4962,0.0509,4.0,14.1
91,100,0.4728,485.0000,0.3497,0.5162,0.5523,-0.347024,0.118108,0.4929,0.0518,6.1,14.0
92,100,0.4742,489.0000,0.3485,0.5223,0.5502,-0.396326,0.129125,0.4919,0.0449,3.7,13.7
93,100,0.4723,496.0000,0.3485,0.5219,0.5431,-0.337875,0.133840,0.4875,0.0423,3.0,14.0
94,100,0.4737,500.0000,0.3516,0.5263,0.5394,-0.358288,0.114219,0.4872,0.0417,4.7,14.2
95,100,0.4719,507.0000,0.3505,0.5229,0.5373,-0.456877,0.118680,0.4548,0.0468,18.0,14.1
95,100,0.4719,507.0000,0.3505,0.5229,0.5373,-0.456877,0.118680,0.4548,0.0468,18.7,15.7
96,100,0.4732,511.0000,0.3546,0.5181,0.5415,-0.379815,0.125834,0.4728,0.0479,3.3,14.8
97,100,0.4714,518.0000,0.3567,0.5148,0.5366,-0.349900,0.169150,0.4675,0.0586,5.2,14.0
98,100,0.4737,521.0000,0.3567,0.5160,0.5405,-0.316335,0.178950,0.4735,0.0743,3.0,14.6
99,100,0.4740,526.0000,0.3556,0.5187,0.5385,-0.352853,0.181033,0.4739,0.0787,3.6,14.5
100,100,0.4743,531.0000,0.3553,0.5185,0.5396,-0.404502,0.189858,0.4683,0.0839,6.0,14.3
101,100,0.4765,534.0000,0.3571,0.5226,0.5407,-0.325352,0.199897,0.4760,0.0919,4.0,14.6
102,100,0.4777,538.0000,0.3560,0.5250,0.5418,-0.328274,0.198068,0.4762,0.0883,3.8,14.2
103,100,0.4788,542.0000,0.3589,0.5246,0.5431,-0.348843,0.186427,0.4809,0.0732,5.7,13.7
104,100,0.4771,549.0000,0.3576,0.5216,0.5429,-0.372917,0.190399,0.4694,0.0844,5.1,13.5
105,100,0.4774,554.0000,0.3554,0.5225,0.5442,-0.264620,0.190181,0.4925,0.0844,4.6,13.3
106,100,0.4785,558.0000,0.3593,0.5211,0.5449,-0.293017,0.176983,0.4868,0.0774,10.0,13.4
107,100,0.4787,563.0000,0.3582,0.5196,0.5470,-0.384213,0.156423,0.4822,0.0680,5.0,13.8
108,100,0.4798,567.0000,0.3571,0.5220,0.5477,-0.421024,0.157100,0.4737,0.0679,6.5,13.9
109,100,0.4791,573.0000,0.3591,0.5216,0.5432,-0.387817,0.186835,0.4759,0.0838,2.8,13.8
110,100,0.4811,576.0000,0.3628,0.5227,0.5440,-0.338486,0.176240,0.4858,0.0880,3.1,14.3
110,100,0.4811,576.0000,0.3628,0.5227,0.5440,-0.338486,0.176240,0.4858,0.0880,4.3,15.3
111,100,0.4795,583.0000,0.3636,0.5186,0.5426,-0.368989,0.171239,0.4738,0.1014,4.9,13.9
112,100,0.4788,589.0000,0.3652,0.5184,0.5397,-0.351329,0.181165,0.4702,0.1065,4.7,13.9
113,100,0.4816,591.0000,0.3689,0.5194,0.5433,-0.356045,0.178175,0.4758,0.1163,3.7,14.0
114,100,0.4817,596.0000,0.3689,0.5203,0.5417,-0.331917,0.190537,0.4851,0.1135,2.8,14.1
115,100,0.4810,602.0000,0.3675,0.5213,0.5401,-0.275946,0.184040,0.4881,0.1147,3.2,14.4
116,100,0.4803,608.0000,0.3644,0.5211,0.5410,-0.288995,0.203444,0.4854,0.1261,4.2,14.2
117,100,0.4797,614.0000,0.3624,0.5221,0.5392,-0.374617,0.190920,0.4720,0.1242,7.5,14.3
118,100,0.4790,620.0000,0.3613,0.5219,0.5375,-0.347963,0.188804,0.4708,0.1219,4.6,13.7
119,100,0.4808,623.0000,0.3613,0.5262,0.5371,-0.384693,0.179999,0.4744,0.1053,2.2,13.7
120,100,0.4826,626.0000,0.3657,0.5271,0.5381,-0.380977,0.198560,0.4734,0.1137,3.3,13.5
121,100,0.4803,634.0000,0.3654,0.5224,0.5366,-0.431924,0.212307,0.4560,0.0968,8.8,13.7
122,100,0.4829,636.0000,0.3661,0.5265,0.5388,-0.489957,0.208388,0.4603,0.0948,5.8,13.8
123,100,0.4839,640.0000,0.3686,0.5285,0.5373,-0.454641,0.232005,0.4593,0.0901,4.6,13.9
124,100,0.4856,643.0000,0.3703,0.5293,0.5394,-0.458258,0.241363,0.4648,0.0739,3.4,13.9
125,100,0.4857,648.0000,0.3683,0.5290,0.5414,-0.494899,0.259563,0.4619,0.0874,3.8,14.0
126,100,0.4843,655.0000,0.3690,0.5278,0.5374,-0.481909,0.250682,0.4548,0.0904,8.7,14.2
127,100,0.4859,658.0000,0.3714,0.5255,0.5427,-0.393052,0.262780,0.4728,0.1102,3.9,14.1
128,100,0.4860,663.0000,0.3694,0.5284,0.5413,-0.384743,0.303507,0.4769,0.1090,3.3,14.1
129,100,0.4869,667.0000,0.3708,0.5314,0.5399,-0.371207,0.285854,0.4784,0.1092,4.2,14.2
130,100,0.4870,672.0000,0.3721,0.5332,0.5374,-0.402859,0.279352,0.4747,0.1114,5.9,14.1
131,100,0.4871,677.0000,0.3728,0.5320,0.5381,-0.472819,0.266630,0.4691,0.0978,13.5,14.3
132,100,0.4872,682.0000,0.3728,0.5316,0.5378,-0.635235,0.291084,0.4324,0.0961,23.6,14.6
133,100,0.4888,685.0000,0.3760,0.5323,0.5386,-0.648304,0.306041,0.4312,0.0933,6.0,14.4
134,100,0.4904,688.0000,0.3740,0.5351,0.5415,-0.723201,0.300401,0.4219,0.0942,7.9,14.4
135,100,0.4912,692.0000,0.3740,0.5347,0.5433,-0.773469,0.292156,0.4156,0.0813,5.8,14.2
136,100,0.4927,695.0000,0.3747,0.5354,0.5460,-0.779642,0.298957,0.4334,0.0728,4.7,14.2
137,100,0.4920,701.0000,0.3759,0.5322,0.5470,-0.830032,0.287749,0.4047,0.0748,11.5,13.8
138,100,0.4914,707.0000,0.3747,0.5331,0.5455,-0.822134,0.266327,0.4020,0.0754,4.7,13.8
139,100,0.4936,709.0000,0.3778,0.5365,0.5453,-0.838018,0.285069,0.4065,0.0908,4.6,13.9
140,100,0.4943,713.0000,0.3778,0.5410,0.5417,-0.850272,0.285494,0.4062,0.1037,2.6,14.2
141,100,0.4951,717.0000,0.3793,0.5406,0.5423,-0.722096,0.276485,0.4335,0.0998,4.1,14.1
142,100,0.4951,722.0000,0.3799,0.5393,0.5430,-0.725541,0.243386,0.4248,0.1041,23.7,14.0
143,100,0.4958,726.0000,0.3790,0.5414,0.5430,-0.772185,0.303549,0.4150,0.1040,5.1,13.8
144,100,0.4945,733.0000,0.3753,0.5423,0.5416,-0.754953,0.280161,0.3993,0.1309,13.6,13.7
145,100,0.4966,735.0000,0.3759,0.5463,0.5425,-0.771390,0.273150,0.4003,0.1240,12.0,13.6
146,100,0.4973,739.0000,0.3750,0.5486,0.5422,-0.800236,0.252763,0.3855,0.1261,11.0,13.6
147,100,0.4980,743.0000,0.3771,0.5492,0.5418,-0.756736,0.256400,0.4047,0.0970,4.3,13.8
148,100,0.4987,747.0000,0.3777,0.5488,0.5435,-0.823043,0.245498,0.3989,0.0863,10.1,13.8
149,100,0.4987,752.0000,0.3768,0.5503,0.5421,-0.811430,0.222239,0.3892,0.0843,2.9,14.0
150,100,0.4974,759.0000,0.3762,0.5493,0.5409,-0.768149,0.201865,0.3808,0.0823,11.7,13.8
151,100,0.4967,765.0000,0.3764,0.5501,0.5386,-0.711787,0.223280,0.3874,0.0858,8.0,13.8
152,100,0.4967,770.0000,0.3761,0.5497,0.5393,-0.704224,0.239822,0.3969,0.0703,23.2,13.8
153,100,0.4968,775.0000,0.3764,0.5496,0.5401,-0.682757,0.134024,0.3978,0.0533,5.0,14.2
154,100,0.4968,780.0000,0.3775,0.5502,0.5389,-0.633242,0.159252,0.4143,0.0505,5.7,14.2
155,100,0.4962,786.0000,0.3767,0.5497,0.5377,-0.481555,0.201310,0.4238,0.0533,12.8,14.2
156,100,0.4962,791.0000,0.3750,0.5495,0.5392,-0.485145,0.220788,0.4282,0.0704,4.6,14.4
157,100,0.4962,796.0000,0.3756,0.5492,0.5389,-0.470445,0.228984,0.4195,0.0777,10.3,14.4
158,100,0.4956,802.0000,0.3747,0.5485,0.5379,-0.329436,0.197499,0.4217,0.0874,13.0,14.3
159,100,0.4963,806.0000,0.3747,0.5506,0.5366,-0.429769,0.206882,0.4086,0.0853,23.4,14.6
160,100,0.4963,811.0000,0.3767,0.5493,0.5365,-0.426233,0.319345,0.4142,0.0841,10.4,14.5
161,100,0.4975,814.0000,0.3786,0.5499,0.5380,-0.527383,0.301518,0.4007,0.1090,9.5,14.5
162,100,0.4975,819.0000,0.3769,0.5519,0.5369,-0.409711,0.301909,0.4041,0.1101,5.5,14.2
163,100,0.4957,827.0000,0.3753,0.5507,0.5341,-0.476850,0.323860,0.3838,0.1071,13.7,14.2
164,100,0.4945,834.0000,0.3758,0.5478,0.5331,-0.522160,0.314704,0.3612,0.1077,11.4,14.0
165,100,0.4964,836.0000,0.3758,0.5503,0.5348,-0.665204,0.283034,0.3564,0.0929,7.4,15.2
166,100,0.4952,843.0000,0.3763,0.5469,0.5345,-0.753039,0.253223,0.3426,0.0979,21.7,13.8
167,100,0.4946,849.0000,0.3763,0.5464,0.5325,-0.777335,0.258942,0.3320,0.1018,9.0,13.7
168,100,0.4947,854.0000,0.3761,0.5455,0.5340,-0.950515,0.286061,0.3059,0.0863,11.2,13.9
169,100,0.4947,859.0000,0.3745,0.5473,0.5331,-0.943191,0.330480,0.3115,0.0895,16.7,13.5
170,100,0.4942,865.0000,0.3745,0.5453,0.5329,-0.964532,0.228270,0.3006,0.0640,21.9,13.8
171,100,0.4948,869.0000,0.3771,0.5459,0.5317,-0.952280,0.231030,0.2965,0.0680,11.6,13.8
172,100,0.4965,871.0000,0.3776,0.5493,0.5324,-1.036807,0.228212,0.3029,0.0558,11.3,13.9
173,100,0.4971,875.0000,0.3761,0.5511,0.5331,-1.108787,0.207598,0.3080,0.0476,21.7,13.9
174,100,0.4983,878.0000,0.3787,0.5510,0.5345,-1.128588,0.188459,0.3241,0.0527,10.1,14.2
175,100,0.4977,884.0000,0.3779,0.5520,0.5318,-1.034296,0.197180,0.3158,0.0604,15.7,14.3
176,100,0.4983,888.0000,0.3755,0.5538,0.5333,-1.063380,0.222300,0.3223,0.0696,9.1,14.1
177,100,0.4989,892.0000,0.3760,0.5535,0.5348,-1.066202,0.237394,0.3344,0.0662,9.3,14.2
178,100,0.4994,896.0000,0.3737,0.5541,0.5377,-1.071244,0.229805,0.3405,0.0587,6.7,14.5
179,100,0.4989,902.0000,0.3730,0.5524,0.5382,-0.961626,0.175336,0.3365,0.0586,11.0,14.7
180,100,0.5000,905.0000,0.3730,0.5540,0.5388,-1.019936,0.162265,0.3358,0.0622,16.0,14.4
181,100,0.5005,909.0000,0.3735,0.5530,0.5409,-0.941970,0.154370,0.3380,0.0676,18.3,14.5
182,100,0.5011,913.0000,0.3760,0.5521,0.5414,-0.858246,0.160430,0.3281,0.0788,14.5,14.8
183,100,0.5022,916.0000,0.3765,0.5538,0.5420,-0.749069,0.175639,0.3423,0.0823,14.1,14.8
184,100,0.5022,921.0000,0.3750,0.5557,0.5409,-0.732291,0.199962,0.3436,0.0810,8.0,14.8
185,100,0.5032,924.0000,0.3755,0.5569,0.5421,-0.769308,0.190616,0.3613,0.0808,7.3,15.0
186,100,0.5027,930.0000,0.3747,0.5566,0.5410,-0.790304,0.188607,0.3370,0.0855,22.0,15.2
187,100,0.5011,938.0000,0.3725,0.5528,0.5424,-0.646352,0.133733,0.3303,0.0971,21.8,15.3
188,100,0.5000,945.0000,0.3715,0.5519,0.5414,-0.724705,0.142453,0.3252,0.0935,22.5,15.0
189,100,0.5011,948.0000,0.3708,0.5528,0.5435,-0.808580,0.189717,0.3275,0.0941,21.9,14.9
190,100,0.5016,952.0000,0.3706,0.5532,0.5449,-0.731035,0.222186,0.3384,0.1049,22.1,15.0
191,100,0.5021,956.0000,0.3691,0.5541,0.5463,-0.580415,0.229454,0.4016,0.0937,22.0,14.7
192,100,0.5031,959.0000,0.3684,0.5544,0.5490,-0.611214,0.217292,0.4011,0.0873,21.5,14.6
193,100,0.5031,964.0000,0.3696,0.5539,0.5480,-0.540966,0.219007,0.4060,0.0783,16.3,14.6
194,100,0.5036,968.0000,0.3696,0.5535,0.5493,-0.588136,0.206139,0.3935,0.0817,17.7,14.5
195,100,0.5041,972.0000,0.3702,0.5540,0.5496,-0.595539,0.196719,0.3879,0.0794,22.4,14.5
196,100,0.5041,977.0000,0.3726,0.5532,0.5484,-0.516397,0.192478,0.4026,0.0892,20.5,14.6
197,100,0.5040,982.0000,0.3704,0.5544,0.5488,-0.508497,0.209827,0.4264,0.0917,22.6,14.6
198,100,0.5040,987.0000,0.3709,0.5535,0.5491,-0.343118,0.199987,0.4427,0.0818,21.6,14.5
199,100,0.5040,992.0000,0.3695,0.5527,0.5509,-0.182076,0.143303,0.4815,0.0914,22.3,14.8
200,100,0.5035,998.0000,0.3688,0.5530,0.5492,-0.128694,0.132577,0.4819,0.0765,19.9,14.9
201,100,0.5030,1004.0000,0.3693,0.5515,0.5489,-0.081554,0.128771,0.4415,0.0686,22.3,15.0
202,100,0.5020,1011.0000,0.3679,0.5508,0.5478,0.030090,0.110055,0.4438,0.0859,20.3,15.5
203,100,0.5029,1014.0000,0.3672,0.5516,0.5497,0.141273,0.070274,0.7765,0.1048,21.5,15.4
204,100,0.5020,1021.0000,0.3665,0.5533,0.5451,0.213352,0.065904,0.8123,0.1395,5.7,15.6
205,100,0.5005,1029.0000,0.3659,0.5513,0.5433,0.333112,0.056243,0.8001,0.1700,21.6,15.6
206,100,0.4995,1036.0000,0.3645,0.5518,0.5409,0.331847,0.015655,0.8172,0.2000,23.7,15.8
207,100,0.4981,1044.0000,0.3638,0.5517,0.5371,0.346601,-0.004776,0.8332,0.2465,22.9,16.2
208,100,0.4971,1051.0000,0.3655,0.5503,0.5349,0.343514,-0.091964,1.1239,0.4831,22.1,16.4
209,100,0.4957,1059.0000,0.3641,0.5494,0.5327,0.386401,-0.126332,1.1655,0.6296,21.6,16.2
210,100,0.4938,1068.0000,0.3640,0.5487,0.5285,0.412134,-0.222065,1.2332,0.6799,22.6,16.9
211,100,0.4939,1073.0000,0.3645,0.5496,0.5271,0.415814,-0.305539,1.2395,0.6651,21.8,16.9
212,100,0.4920,1082.0000,0.3638,0.5474,0.5243,0.381036,-0.392129,1.3864,0.6510,22.5,17.0
213,100,0.4907,1090.0000,0.3638,0.5466,0.5209,0.373846,-0.446097,1.4199,0.5642,22.0,17.6
214,100,0.4888,1099.0000,0.3625,0.5458,0.5175,0.304190,-0.500911,1.3870,0.4707,22.2,17.8
215,100,0.4870,1108.0000,0.3612,0.5437,0.5155,0.254228,-0.563124,1.3689,0.4166,22.1,17.9
216,100,0.4848,1118.0000,0.3605,0.5411,0.5122,0.200021,-0.615921,1.3654,0.3567,22.2,18.0
217,100,0.4826,1128.0000,0.3605,0.5366,0.5102,0.131461,-0.682122,1.3638,0.3230,22.4,18.0
218,100,0.4804,1138.0000,0.3599,0.5341,0.5070,0.078580,-0.614914,1.3233,0.3114,21.8,18.2
219,100,0.4782,1148.0000,0.3586,0.5304,0.5057,0.032057,-0.651694,1.3515,0.2961,21.9,18.4
220,100,0.4760,1158.0000,0.3573,0.5273,0.5038,0.019323,-0.644463,1.3455,0.2916,21.9,18.1
221,100,0.4739,1168.0000,0.3573,0.5242,0.5006,-0.025236,-0.634905,1.3369,0.2882,22.3,18.9
222,100,0.4717,1178.0000,0.3573,0.5212,0.4975,-0.027068,-0.611316,1.2979,0.2911,21.9,18.7
223,100,0.4701,1187.0000,0.3554,0.5188,0.4969,-0.026553,-0.601587,1.2854,0.3257,21.7,18.4
224,100,0.4684,1196.0000,0.3546,0.5170,0.4950,-0.042575,-0.624014,1.3094,0.3484,22.1,18.2
225,100,0.4664,1206.0000,0.3534,0.5141,0.4932,-0.045970,-0.625112,1.2952,0.3572,21.8,18.3
226,100,0.4648,1215.0000,0.3527,0.5101,0.4932,-0.018438,-0.425092,1.3053,0.3711,21.7,17.8
227,100,0.4627,1225.0000,0.3521,0.5067,0.4914,-0.014439,-0.413832,1.3769,0.4192,22.0,17.8
228,100,0.4607,1235.0000,0.3521,0.5028,0.4896,-0.020781,-0.494031,1.5441,0.4239,21.9,17.7
229,100,0.4587,1245.0000,0.3521,0.5000,0.4866,-0.013245,-0.506470,1.6488,0.3955,22.3,18.1
230,100,0.4571,1254.0000,0.3526,0.4978,0.4843,-0.005796,-0.517138,1.7340,0.3795,22.0,18.3
231,100,0.4552,1264.0000,0.3508,0.4962,0.4819,0.001866,-0.529274,1.7747,0.3728,22.0,18.0
232,100,0.4532,1274.0000,0.3502,0.4951,0.4779,0.005847,-0.559722,1.8761,0.3517,22.3,18.1
233,100,0.4513,1284.0000,0.3490,0.4924,0.4762,-0.003205,-0.606905,2.0094,0.3224,21.9,18.2
234,100,0.4494,1294.0000,0.3478,0.4908,0.4734,-0.002405,-0.622177,2.0729,0.3204,23.3,18.7
235,100,0.4475,1304.0000,0.3478,0.4882,0.4706,0.005404,-0.685623,2.2502,0.3413,21.9,18.9
236,100,0.4456,1314.0000,0.3472,0.4851,0.4689,-0.022329,-0.887079,2.2188,0.3341,22.4,19.1
237,100,0.4437,1324.0000,0.3454,0.4835,0.4667,-0.035665,-0.931284,2.2525,0.3263,22.2,19.2
238,100,0.4418,1334.0000,0.3430,0.4815,0.4657,-0.021383,-0.956998,2.3534,0.3228,21.8,19.0
239,100,0.4400,1344.0000,0.3424,0.4779,0.4646,-0.028437,-0.948277,2.3809,0.3263,21.6,18.6
240,100,0.4382,1354.0000,0.3413,0.4769,0.4614,-0.022064,-0.931757,2.3816,0.3287,22.6,18.7
241,100,0.4364,1364.0000,0.3407,0.4740,0.4598,-0.015713,-0.950886,2.4346,0.3308,21.9,18.7
242,100,0.4346,1374.0000,0.3407,0.4705,0.4582,-0.001518,-0.888141,2.5051,0.3410,21.8,18.3
243,100,0.4328,1384.0000,0.3390,0.4696,0.4556,0.014700,-0.864351,2.6438,0.3329,22.3,18.4
244,100,0.4314,1393.0000,0.3384,0.4677,0.4540,0.029871,-0.808372,2.7566,0.3100,21.9,18.1
245,100,0.4297,1403.0000,0.3378,0.4653,0.4520,0.053589,-0.678527,2.7769,0.2832,22.1,18.0
246,100,0.4279,1413.0000,0.3361,0.4634,0.4505,0.064448,-0.702172,3.1216,0.2808,24.3,17.9
247,100,0.4262,1423.0000,0.3344,0.4611,0.4494,0.070790,-0.643417,3.1453,0.2682,21.9,17.6
248,100,0.4245,1433.0000,0.3333,0.4592,0.4474,0.071448,-0.584333,3.1339,0.2678,23.6,17.9
249,99,0.4232,1442.0000,0.3333,0.4570,0.4459,0.072384,-0.527897,3.1138,0.2604,19.6,17.8
250,99,0.4215,1452.0000,0.3322,0.4547,0.4444,0.073685,-0.504921,3.1596,0.2493,22.3,17.6
251,99,0.4198,1462.0000,0.3311,0.4529,0.4425,0.069210,-0.445502,3.0613,0.3211,21.7,17.4
252,98,0.4182,1472.0000,0.3300,0.4511,0.4405,0.069370,-0.480179,3.2043,0.3367,21.9,17.2
253,98,0.4173,1480.0000,0.3295,0.4509,0.4386,0.073436,-0.463263,3.3236,0.3219,21.6,17.0
254,98,0.4157,1490.0000,0.3295,0.4487,0.4362,0.073641,-0.478252,3.3280,0.3003,22.0,17.3
255,98,0.4145,1499.0000,0.3290,0.4462,0.4357,0.085745,-0.513467,3.3248,0.3426,21.5,16.8
256,97,0.4132,1508.0000,0.3284,0.4450,0.4338,0.107331,-0.426377,2.9525,0.3889,21.8,16.3
257,97,0.4116,1518.0000,0.3279,0.4433,0.4315,0.115797,-0.504460,3.3605,0.3604,22.1,16.6
258,97,0.4100,1528.0000,0.3274,0.4416,0.4292,0.144068,-0.532224,3.3083,0.3248,21.9,16.7
259,98,0.4085,1538.0000,0.3258,0.4403,0.4274,0.156226,-0.648229,3.4797,0.3085,21.9,17.0
260,98,0.4069,1548.0000,0.3247,0.4378,0.4264,0.146989,-0.735799,3.6623,0.3462,21.5,16.9
261,98,0.4053,1558.0000,0.3226,0.4366,0.4251,0.144717,-0.823772,3.7275,0.3388,21.9,16.9
262,99,0.4038,1568.0000,0.3211,0.4353,0.4233,0.133930,-0.912629,3.7549,0.3129,22.0,17.2
263,97,0.4023,1578.0000,0.3201,0.4349,0.4202,0.138305,-0.938239,3.6263,0.2974,21.9,17.2
264,96,0.4008,1588.0000,0.3190,0.4325,0.4193,0.125524,-1.030511,3.5362,0.2904,21.7,16.6
265,95,0.3992,1598.0000,0.3175,0.4304,0.4184,0.095312,-1.125519,3.3656,0.2689,21.7,16.6
266,96,0.3978,1608.0000,0.3160,0.4288,0.4171,0.052803,-1.230400,3.2490,0.2701,22.0,17.0
267,96,0.3970,1616.0000,0.3177,0.4276,0.4154,0.016922,-1.212103,3.0875,0.2856,22.8,16.8
268,96,0.3955,1626.0000,0.3167,0.4253,0.4145,0.003191,-1.228493,3.0281,0.3160,21.9,16.6
269,96,0.3941,1636.0000,0.3167,0.4233,0.4124,0.010463,-1.182933,2.9486,0.3043,21.9,16.8
270,95,0.3926,1646.0000,0.3162,0.4222,0.4098,0.007056,-1.172724,2.7463,0.2907,23.3,17.0
271,95,0.3912,1656.0000,0.3152,0.4206,0.4082,-0.015732,-1.202564,2.5682,0.2864,22.4,17.3
272,94,0.3897,1666.0000,0.3142,0.4187,0.4069,-0.029821,-1.187762,2.3930,0.3128,21.7,16.7
273,96,0.3883,1676.0000,0.3133,0.4168,0.4057,-0.068326,-1.240604,2.2974,0.3131,22.3,16.8
274,95,0.3869,1686.0000,0.3123,0.4157,0.4036,-0.074986,-1.243648,2.2647,0.2951,21.8,16.8
275,96,0.3855,1696.0000,0.3118,0.4138,0.4020,-0.070671,-1.259263,2.2840,0.2886,21.8,17.3
276,96,0.3841,1706.0000,0.3109,0.4112,0.4016,-0.077222,-1.240816,2.2694,0.2769,21.8,17.2
277,96,0.3827,1716.0000,0.3099,0.4098,0.4000,-0.082965,-1.366241,2.5904,0.2780,22.1,17.2
278,96,0.3814,1726.0000,0.3090,0.4076,0.3992,-0.022689,-1.461524,2.7723,0.2659,21.9,17.1
279,96,0.3800,1736.0000,0.3080,0.4065,0.3972,-0.032538,-1.612366,3.1070,0.2303,21.9,17.2
280,97,0.3786,1746.0000,0.3071,0.4055,0.3953,-0.048599,-1.777521,3.3911,0.2283,22.0,17.0
281,96,0.3773,1756.0000,0.3062,0.4033,0.3945,-0.060523,-1.962923,3.8716,0.2208,22.1,16.5
282,96,0.3760,1766.0000,0.3043,0.4023,0.3933,0.059890,-2.037757,3.8997,0.2302,21.7,16.8
283,95,0.3746,1776.0000,0.3039,0.3998,0.3925,-0.034616,-2.075553,4.0182,0.2372,22.1,16.4
284,97,0.3733,1786.0000,0.3034,0.3984,0.3906,-0.061467,-2.180281,4.0837,0.2387,21.8,17.0
285,97,0.3720,1796.0000,0.3030,0.3960,0.3899,-0.054544,-2.346781,4.6338,0.2331,22.3,16.8
286,96,0.3707,1806.0000,0.3030,0.3940,0.3883,-0.046260,-2.627844,4.8602,0.2190,21.9,16.9
287,95,0.3694,1816.0000,0.3030,0.3917,0.3872,-0.037552,-2.782764,5.3613,0.2103,21.8,16.6
288,95,0.3685,1825.0000,0.3025,0.3905,0.3861,0.049109,-3.054597,5.8081,0.1977,22.6,16.8
289,95,0.3672,1835.0000,0.3016,0.3886,0.3854,0.008761,-3.459588,6.7463,0.1769,22.2,16.5
290,95,0.3660,1845.0000,0.3007,0.3863,0.3850,-0.072341,-4.693231,7.5474,0.1787,21.8,16.2
291,96,0.3647,1855.0000,0.3003,0.3853,0.3828,0.487306,-5.026266,8.0912,0.1835,22.0,16.6
292,97,0.3635,1865.0000,0.2999,0.3837,0.3813,-0.026282,-5.611108,8.8833,0.1870,22.1,16.8
293,98,0.3622,1875.0000,0.2990,0.3818,0.3806,-0.056972,-7.231037,9.8159,0.1783,25.0,16.9
294,98,0.3610,1885.0000,0.2985,0.3799,0.3795,0.068125,-8.100274,9.9796,0.2059,22.4,16.7
295,98,0.3598,1895.0000,0.2977,0.3790,0.3777,0.053820,-8.638500,10.2133,0.2213,22.0,16.8
296,98,0.3586,1905.0000,0.2959,0.3784,0.3763,0.004749,-9.588245,11.0816,0.2230,21.3,16.4
297,99,0.3574,1915.0000,0.2955,0.3768,0.3749,0.101626,-10.421770,11.4997,0.2280,22.1,16.5
298,98,0.3562,1925.0000,0.2951,0.3756,0.3731,1.778820,-12.152279,11.7819,0.2751,21.5,16.2
299,98,0.3550,1935.0000,0.2938,0.3744,0.3721,0.222933,-14.141082,12.8310,0.2651,21.8,16.3
300,98,0.3538,1945.0000,0.2934,0.3726,0.3711,0.147086,-16.520199,14.1551,0.2635,21.5,16.3
301,98,0.3526,1955.0000,0.2925,0.3708,0.3704,0.089638,-22.230370,16.2114,0.2693,21.5,15.8
302,98,0.3515,1965.0000,0.2921,0.3690,0.3693,-0.048072,-27.742827,17.9817,0.3696,22.1,15.7
303,98,0.3503,1975.0000,0.2904,0.3678,0.3687,464119.567043,-29.396799,17.5364,0.4178,21.7,15.5
304,98,0.3492,1985.0000,0.2892,0.3658,0.3687,1119948.756561,-31.539557,17.7652,0.4318,21.3,14.9
305,98,0.3480,1995.0000,0.2884,0.3644,0.3676,3526.984046,-34.469109,18.3655,0.4704,21.8,14.6
306,99,0.3469,2005.0000,0.2879,0.3632,0.3660,-0.036954,-39.113930,19.6036,0.4339,23.7,15.1
307,99,0.3458,2015.0000,0.2867,0.3618,0.3653,-0.145032,-41.808789,20.3996,0.4644,21.5,14.7
308,100,0.3447,2025.0000,0.2851,0.3615,0.3636,40540.907810,-42.462529,21.2310,0.5283,22.2,14.8
309,100,0.3435,2035.0000,0.2839,0.3601,0.3630,6870.787911,-44.125217,21.9423,0.5281,21.4,14.6
310,100,0.3424,2045.0000,0.2831,0.3590,0.3617,17365.364818,-45.481021,23.0713,0.4817,21.7,14.6
311,100,0.3413,2055.0000,0.2819,0.3579,0.3607,58337.054142,-43.331488,24.1389,0.4037,22.1,14.8
312,100,0.3403,2065.0000,0.2804,0.3573,0.3594,65084.421648,-40.843196,25.9830,0.3570,21.4,14.8
313,100,0.3392,2075.0000,0.2800,0.3554,0.3587,0.139171,-45.105184,27.6637,0.3211,21.6,14.8
314,100,0.3381,2085.0000,0.2796,0.3540,0.3575,0.138124,-49.916277,28.9655,0.3441,21.8,15.2
315,100,0.3370,2095.0000,0.2792,0.3535,0.3552,0.107864,-52.448438,29.4767,0.3866,21.9,15.4
316,100,0.3360,2105.0000,0.2781,0.3532,0.3534,940571.932934,-50.516043,29.1490,0.3744,22.3,15.6
317,100,0.3349,2115.0000,0.2769,0.3521,0.3524,3422585.396875,-51.811758,29.7482,0.3468,21.6,15.6
318,100,0.3339,2125.0000,0.2762,0.3511,0.3512,2044731.752882,-53.306455,29.0413,0.3615,21.8,15.6
319,100,0.3328,2135.0000,0.2751,0.3508,0.3493,67512.488951,-53.140885,29.5991,0.3683,22.1,16.1
320,100,0.3318,2145.0000,0.2743,0.3503,0.3475,0.440146,-51.664963,30.8089,0.3534,22.1,16.3
321,100,0.3307,2155.0000,0.2732,0.3492,0.3466,0.167872,-54.714941,32.5852,0.3275,21.6,16.1
322,100,0.3297,2165.0000,0.2721,0.3482,0.3457,0.150230,-61.581599,33.8657,0.3656,22.0,16.0
323,100,0.3287,2175.0000,0.2718,0.3461,0.3454,0.090319,-65.857876,35.1394,0.4082,21.6,16.0
324,100,0.3277,2185.0000,0.2710,0.3445,0.3448,41.695421,-69.077649,36.3397,0.4775,21.8,15.6
325,100,0.3267,2195.0000,0.2703,0.3432,0.3439,0.593334,-73.621926,37.5406,0.5158,21.8,15.4
326,100,0.3257,2205.0000,0.2699,0.3420,0.3428,2.140929,-79.410861,39.1866,0.5188,22.0,15.2
327,100,0.3247,2215.0000,0.2692,0.3410,0.3416,0.115368,-84.615833,40.2557,0.4868,22.0,15.2
328,100,0.3237,2225.0000,0.2685,0.3402,0.3401,18271.181725,-89.742144,41.7696,0.5372,21.6,15.2
329,100,0.3227,2235.0000,0.2675,0.3390,0.3396,1958.261446,-95.572699,43.0740,0.5527,21.8,14.7
330,100,0.3218,2245.0000,0.2668,0.3382,0.3381,929.260002,-102.594915,43.8470,0.5549,22.0,14.3
331,100,0.3208,2255.0000,0.2661,0.3367,0.3376,0.018889,-106.232202,43.7489,0.6706,22.0,14.3
332,100,0.3198,2265.0000,0.2661,0.3350,0.3367,-0.058899,-106.093608,43.5778,0.7768,21.7,14.3
333,100,0.3189,2275.0000,0.2654,0.3341,0.3356,28919.489934,-102.807725,43.4521,0.8133,22.1,14.5
334,100,0.3179,2285.0000,0.2647,0.3329,0.3347,40725.856187,-99.251644,43.7397,0.8027,21.5,14.6
335,100,0.3170,2295.0000,0.2636,0.3321,0.3336,3187.047096,-96.739557,45.3918,0.7520,22.1,14.8
336,100,0.3160,2305.0000,0.2630,0.3309,0.3328,2366.510921,-94.118023,46.7209,0.6860,22.1,14.7
337,100,0.3151,2315.0000,0.2619,0.3300,0.3320,1.031275,-92.181417,47.8813,0.5926,22.0,14.7
338,100,0.3142,2325.0000,0.2609,0.3288,0.3314,77.341561,-91.494140,49.4138,0.5312,21.8,14.6
339,100,0.3132,2335.0000,0.2593,0.3286,0.3303,0.564812,-91.783389,51.1499,0.4757,21.8,14.9
340,100,0.3123,2345.0000,0.2593,0.3272,0.3292,9.450593,-93.019741,52.9926,0.4816,21.9,14.7
341,100,0.3114,2355.0000,0.2589,0.3260,0.3281,0.305490,-95.984129,54.4667,0.3994,21.7,14.9
342,100,0.3105,2365.0000,0.2579,0.3254,0.3271,0.268886,-100.479893,56.2378,0.4125,22.1,14.9
343,100,0.3096,2375.0000,0.2573,0.3240,0.3265,0.224425,-109.942243,58.0718,0.4019,21.8,14.8
344,100,0.3087,2385.0000,0.2566,0.3226,0.3260,0.196789,-119.362511,60.6820,0.4487,22.1,14.8
345,100,0.3078,2395.0000,0.2563,0.3213,0.3252,0.120660,-127.711202,62.8168,0.5540,21.7,14.6
346,100,0.3069,2405.0000,0.2560,0.3199,0.3244,632.483412,-134.805912,64.3092,0.6086,21.7,14.5
347,100,0.3060,2415.0000,0.2560,0.3186,0.3234,6888.408521,-139.029794,65.0836,0.6697,21.9,14.7
348,100,0.3052,2425.0000,0.2550,0.3175,0.3228,7206.201636,-142.954173,65.9885,0.5424,21.3,14.7
349,100,0.3043,2435.0000,0.2537,0.3167,0.3223,2.380058,-146.596219,66.3801,0.5015,22.1,14.7
350,100,0.3034,2445.0000,0.2525,0.3160,0.3215,0.072034,-146.907869,65.7172,0.6600,21.7,14.6
351,100,0.3026,2455.0000,0.2515,0.3147,0.3213,-0.001960,-146.881882,64.9249,0.6919,21.3,14.2
352,100,0.3017,2465.0000,0.2515,0.3136,0.3200,0.392851,-140.644807,62.9882,0.6406,22.0,14.4
353,100,0.3008,2475.0000,0.2512,0.3128,0.3187,-0.062730,-132.412422,61.0613,0.6211,22.2,14.6
354,100,0.3000,2485.0000,0.2506,0.3117,0.3180,-0.065616,-126.010389,59.6466,0.6073,21.7,14.9
355,100,0.2992,2495.0000,0.2506,0.3111,0.3162,945.913239,-118.043751,57.6526,0.5864,22.2,15.2
356,100,0.2983,2505.0000,0.2494,0.3103,0.3157,937.992022,-114.594223,56.7597,0.5265,22.2,15.4
357,100,0.2975,2515.0000,0.2488,0.3097,0.3145,0.205350,-110.769096,55.6183,0.4390,22.3,15.5
358,100,0.2967,2525.0000,0.2482,0.3088,0.3135,0.023618,-107.979726,54.5942,0.4441,22.4,15.7
359,100,0.2958,2535.0000,0.2476,0.3076,0.3130,-0.037686,-102.847016,53.4791,0.4829,21.7,15.8
360,100,0.2950,2545.0000,0.2467,0.3068,0.3123,233.331337,-99.935153,52.8515,0.4379,21.8,15.8
361,100,0.2942,2555.0000,0.2464,0.3058,0.3113,0.619819,-93.509153,51.5256,0.3274,21.8,16.1
362,100,0.2934,2565.0000,0.2461,0.3050,0.3101,1.268917,-93.312568,51.4539,0.2293,21.9,16.1
363,100,0.2926,2575.0000,0.2452,0.3043,0.3091,0.383162,-92.211660,51.3068,0.2486,23.8,16.2
364,100,0.2918,2585.0000,0.2449,0.3030,0.3086,0.014549,-89.837802,50.7089,0.3476,22.1,16.1
365,100,0.2910,2595.0000,0.2449,0.3018,0.3077,-0.027912,-88.955018,50.9197,0.3993,21.7,15.9
366,100,0.2902,2605.0000,0.2443,0.3006,0.3072,0.022414,-85.639725,50.2715,0.3962,22.0,16.0
367,100,0.2894,2615.0000,0.2434,0.2998,0.3065,59.513450,-85.372662,50.1057,0.3121,21.9,15.6
368,100,0.2886,2625.0000,0.2428,0.2988,0.3058,0.996864,-81.852447,49.3820,0.1929,21.9,15.5
369,100,0.2878,2635.0000,0.2422,0.2981,0.3049,0.578845,-81.929432,49.6097,0.1897,26.0,15.8
370,100,0.2871,2645.0000,0.2417,0.2971,0.3042,0.022346,-80.041474,49.6929,0.2655,21.9,15.9
371,100,0.2863,2655.0000,0.2411,0.2963,0.3033,-0.055831,-80.483183,50.3568,0.3438,21.8,15.9
372,100,0.2855,2665.0000,0.2405,0.2963,0.3014,-0.061240,-78.767701,49.8299,0.3447,22.3,16.4
373,100,0.2848,2675.0000,0.2394,0.2952,0.3014,9101.041001,-75.762830,48.7385,0.2946,21.2,15.8
374,100,0.2840,2685.0000,0.2388,0.2946,0.3003,62897.709822,-72.874943,47.6565,0.2195,22.2,16.0
375,100,0.2832,2695.0000,0.2377,0.2941,0.2996,16176.433725,-70.675773,46.6036,0.1868,21.8,15.9
376,100,0.2825,2705.0000,0.2374,0.2930,0.2990,1.121912,-68.003166,45.5328,0.1643,21.9,16.0
377,100,0.2817,2715.0000,0.2374,0.2919,0.2981,0.725434,-65.213105,44.8250,0.1541,22.2,16.3
378,100,0.2810,2725.0000,0.2374,0.2909,0.2970,0.161161,-64.939272,44.8787,0.1848,22.1,16.5
379,100,0.2803,2735.0000,0.2358,0.2904,0.2967,0.044678,-62.881991,44.4621,0.1972,21.7,16.1
380,100,0.2795,2745.0000,0.2347,0.2900,0.2959,-0.019192,-62.620037,44.2727,0.2244,22.4,16.1
381,100,0.2788,2755.0000,0.2341,0.2889,0.2954,0.034637,-60.604842,43.3819,0.2195,21.8,16.0
382,100,0.2781,2765.0000,0.2328,0.2884,0.2950,486.110670,-59.701617,42.8759,0.2022,21.6,15.4
383,100,0.2773,2775.0000,0.2325,0.2877,0.2939,3068.183967,-59.382044,42.8049,0.2209,21.7,16.0
384,100,0.2766,2785.0000,0.2315,0.2871,0.2933,2531.723730,-59.884485,43.0567,0.1968,21.9,15.6
385,100,0.2759,2795.0000,0.2312,0.2864,0.2922,0.347511,-59.779011,43.0203,0.1616,22.2,15.9
386,100,0.2752,2805.0000,0.2307,0.2859,0.2911,0.094581,-60.246658,43.2283,0.2060,22.5,16.3
387,100,0.2745,2815.0000,0.2302,0.2847,0.2909,0.026309,-60.063552,43.1115,0.2268,21.4,15.9
388,100,0.2738,2825.0000,0.2299,0.2840,0.2899,0.013153,-59.342284,42.6195,0.2393,22.3,16.0
389,100,0.2731,2835.0000,0.2291,0.2833,0.2892,1464.686838,-58.207028,41.8858,0.2182,21.9,16.1
390,100,0.2724,2845.0000,0.2291,0.2815,0.2892,0.087238,-56.517467,40.8663,0.1995,21.4,16.1
391,100,0.2717,2855.0000,0.2283,0.2805,0.2890,-0.003092,-57.199134,40.9387,0.2083,21.5,15.8
392,100,0.2710,2865.0000,0.2281,0.2793,0.2886,-0.000880,-56.757848,40.6605,0.2000,21.8,15.9
393,100,0.2703,2875.0000,0.2278,0.2785,0.2878,590.452018,-56.274581,40.4236,0.2188,22.0,15.9
394,100,0.2696,2885.0000,0.2271,0.2785,0.2863,721.012922,-55.825980,40.0247,0.2101,21.9,16.2
395,100,0.2689,2895.0000,0.2271,0.2780,0.2849,0.140010,-55.265456,39.6023,0.1307,22.6,16.4
396,100,0.2683,2905.0000,0.2271,0.2770,0.2841,0.025709,-55.350418,39.6527,0.1497,22.6,16.5
397,100,0.2676,2915.0000,0.2266,0.2765,0.2831,-0.014193,-54.982171,39.3542,0.1761,21.9,16.7
398,100,0.2669,2925.0000,0.2261,0.2757,0.2825,2.935103,-54.188830,38.8131,0.1951,21.9,16.5
399,100,0.2662,2935.0000,0.2253,0.2752,0.2817,330.622816,-53.467705,38.3375,0.1912,21.8,16.7
400,99,0.2656,2945.0000,0.2243,0.2743,0.2815,0.142161,-52.691998,37.8314,0.1190,28.9,16.6
401,99,0.2649,2955.0000,0.2241,0.2739,0.2803,0.146888,-50.874264,36.5913,0.1077,24.0,17.1
402,99,0.2643,2965.0000,0.2233,0.2729,0.2801,0.059335,-50.496501,36.2676,0.1392,21.4,16.9
403,99,0.2636,2975.0000,0.2223,0.2724,0.2795,8966.759144,-50.500061,36.2559,0.1658,21.7,16.6
404,99,0.2630,2985.0000,0.2221,0.2711,0.2793,-0.005998,-50.098889,36.3457,0.1272,21.7,16.3
405,99,0.2623,2995.0000,0.2219,0.2705,0.2784,0.018746,-50.219157,36.4214,0.1151,22.6,16.1
406,99,0.2617,3005.0000,0.2216,0.2695,0.2778,6070.733353,-49.320027,35.7675,0.1244,22.0,15.7
407,99,0.2610,3015.0000,0.2209,0.2691,0.2770,4723.695523,-48.801989,35.4402,0.1150,21.9,15.7
408,99,0.2604,3025.0000,0.2207,0.2684,0.2761,0.029413,-49.124291,35.6701,0.0953,22.0,15.9
409,99,0.2598,3035.0000,0.2190,0.2683,0.2757,0.012446,-50.004564,36.2068,0.0966,22.0,15.6
410,100,0.2591,3045.0000,0.2185,0.2678,0.2747,0.006308,-50.592048,36.5059,0.1045,22.0,16.1
411,100,0.2585,3055.0000,0.2178,0.2674,0.2740,4.813756,-50.899797,36.6364,0.1157,21.6,15.8
412,100,0.2581,3064.0000,0.2173,0.2675,0.2730,0.010467,-50.417869,36.3461,0.1015,22.1,16.2
413,100,0.2575,3074.0000,0.2169,0.2670,0.2721,-0.011573,-50.305692,36.2549,0.0918,22.0,16.4
414,100,0.2569,3084.0000,0.2164,0.2664,0.2714,-0.031389,-50.225994,36.2006,0.1355,22.1,17.0
415,100,0.2562,3094.0000,0.2162,0.2661,0.2701,1090.250521,-49.711165,35.8574,0.2492,21.9,16.7
416,100,0.2556,3104.0000,0.2155,0.2656,0.2694,0.154206,-49.659865,35.8633,0.1257,22.9,17.0
417,100,0.2550,3114.0000,0.2148,0.2649,0.2690,0.111111,-49.498343,35.7698,0.1375,22.3,16.9
418,99,0.2544,3124.0000,0.2141,0.2641,0.2686,10003.667803,-49.354738,35.6532,0.2201,28.8,16.6
419,99,0.2538,3134.0000,0.2135,0.2635,0.2681,0.021113,-48.232449,35.0206,0.1133,22.2,16.7
420,99,0.2532,3144.0000,0.2130,0.2629,0.2674,0.036080,-47.965355,34.9069,0.0937,22.2,16.7
421,98,0.2527,3153.0000,0.2126,0.2625,0.2667,0.052275,-47.996697,35.0099,0.0963,22.5,16.7
