step,problem_id,pre_reward,post_reward,delta,cumulative_regret,batch_idx,epoch
0,1899_A,0.0000,0.0000,+0.0000,1.0000,0,1
1,abc383_e,0.0000,0.0000,+0.0000,2.0000,0,1
2,abc315_a,1.0000,1.0000,+0.0000,2.0000,0,1
3,3227,0.0000,0.0000,+0.0000,3.0000,0,1
4,arc190_c,0.0000,0.0000,+0.0000,4.0000,0,1
5,3210,1.0000,1.0000,+0.0000,4.0000,0,1
6,arc192_b,0.3333,0.3333,+0.0000,4.6667,0,1
7,3605,0.0000,0.0000,+0.0000,5.6667,0,1
8,abc398_g,0.6667,0.3333,-0.3333,6.0000,0,1
9,abc378_d,1.0000,1.0000,+0.0000,6.0000,0,1
10,abc344_a,1.0000,1.0000,+0.0000,6.0000,1,1
11,abc374_b,1.0000,0.6667,-0.3333,6.0000,1,1
12,3264,0.0000,0.0000,+0.0000,7.0000,1,1
13,abc397_d,0.0000,0.0000,+0.0000,8.0000,1,1
14,3414,0.5000,0.5000,+0.0000,8.5000,1,1
15,arc186_a,0.5000,0.5000,+0.0000,9.0000,1,1
16,arc189_b,0.0000,0.0000,+0.0000,10.0000,1,1
17,3151,0.0000,0.0000,+0.0000,11.0000,1,1
18,abc376_g,0.0000,0.0000,+0.0000,12.0000,1,1
19,abc363_a,1.0000,0.0000,-1.0000,12.0000,1,1
20,abc380_d,0.0000,0.0000,+0.0000,13.0000,2,1
21,abc384_a,1.0000,1.0000,+0.0000,13.0000,2,1
22,3384,1.0000,0.5000,-0.5000,13.0000,2,1
23,abc303_a,1.0000,1.0000,+0.0000,13.0000,2,1
24,abc396_a,1.0000,1.0000,+0.0000,13.0000,2,1
25,abc323_b,1.0000,1.0000,+0.0000,13.0000,2,1
26,3019,1.0000,1.0000,+0.0000,13.0000,2,1
27,abc326_a,0.6667,0.3333,-0.3333,13.3333,2,1
28,abc387_c,0.0000,0.0000,+0.0000,14.3333,2,1
29,arc188_c,0.0000,0.3333,+0.3333,15.3333,2,1
30,abc314_e,0.0000,0.0000,+0.0000,16.3333,3,1
31,2881,0.0000,0.0000,+0.0000,17.3333,3,1
32,abc391_g,0.0000,0.0000,+0.0000,18.3333,3,1
33,abc379_b,1.0000,1.0000,+0.0000,18.3333,3,1
34,abc376_b,0.3333,0.0000,-0.3333,19.0000,3,1
35,abc371_g,0.0000,0.0000,+0.0000,20.0000,3,1
36,abc375_c,0.0000,0.0000,+0.0000,21.0000,3,1
37,3044,0.0000,0.0000,+0.0000,22.0000,3,1
38,abc329_b,1.0000,1.0000,+0.0000,22.0000,3,1
39,abc398_d,0.3333,0.3333,+0.0000,22.6667,3,1
40,3510,0.3333,0.3333,+0.0000,23.3333,4,1
41,2779,0.0000,1.0000,+1.0000,24.3333,4,1
42,3375,0.0000,0.0000,+0.0000,25.3333,4,1
43,abc368_e,0.0000,0.3333,+0.3333,26.3333,4,1
44,arc193_d,0.0000,0.0000,+0.0000,27.3333,4,1
45,2827,1.0000,1.0000,+0.0000,27.3333,4,1
46,3785,0.3333,0.3333,+0.0000,28.0000,4,1
47,3532,0.0000,0.0000,+0.0000,29.0000,4,1
48,abc357_c,1.0000,1.0000,+0.0000,29.0000,4,1
49,abc394_e,0.0000,0.0000,+0.0000,30.0000,4,1
50,abc392_g,0.0000,1.0000,+1.0000,31.0000,5,1
51,3462,1.0000,0.5000,-0.5000,31.0000,5,1
52,abc361_b,1.0000,1.0000,+0.0000,31.0000,5,1
53,2856,0.0000,0.0000,+0.0000,32.0000,5,1
54,2777,1.0000,1.0000,+0.0000,32.0000,5,1
55,abc398_c,0.5000,1.0000,+0.5000,32.5000,5,1
56,abc377_g,0.0000,0.0000,+0.0000,33.5000,5,1
57,3625,1.0000,1.0000,+0.0000,33.5000,5,1
58,3382,0.3333,0.3333,+0.0000,34.1667,5,1
59,3402,0.0000,0.0000,+0.0000,35.1667,5,1
60,3764,1.0000,1.0000,+0.0000,35.1667,6,1
61,2784,0.0000,0.0000,+0.0000,36.1667,6,1
62,3221,1.0000,1.0000,+0.0000,36.1667,6,1
63,3533,1.0000,1.0000,+0.0000,36.1667,6,1
64,2816,1.0000,1.0000,+0.0000,36.1667,6,1
65,3324,0.0000,0.0000,+0.0000,37.1667,6,1
66,abc354_e,0.5000,0.5000,+0.0000,37.6667,6,1
67,abc374_e,0.7500,0.0000,-0.7500,37.9167,6,1
68,abc399_a,1.0000,1.0000,+0.0000,37.9167,6,1
69,3553,1.0000,1.0000,+0.0000,37.9167,6,1
70,3398,1.0000,1.0000,+0.0000,37.9167,7,1
71,abc376_c,0.3333,0.3333,+0.0000,38.5833,7,1
72,arc195_b,0.6667,0.6667,+0.0000,38.9167,7,1
73,3428,1.0000,1.0000,+0.0000,38.9167,7,1
74,abc308_c,1.0000,1.0000,+0.0000,38.9167,7,1
75,abc337_a,1.0000,1.0000,+0.0000,38.9167,7,1
76,abc323_e,0.0000,0.0000,+0.0000,39.9167,7,1
77,3493,0.0000,0.5000,+0.5000,40.9167,7,1
78,2825,1.0000,1.0000,+0.0000,40.9167,7,1
79,2811,1.0000,1.0000,+0.0000,40.9167,7,1
80,3636,1.0000,1.0000,+0.0000,40.9167,8,1
81,abc332_a,1.0000,1.0000,+0.0000,40.9167,8,1
82,abc355_d,0.6667,0.6667,+0.0000,41.2500,8,1
83,3485,0.0000,0.5000,+0.5000,42.2500,8,1
84,abc381_e,0.0000,0.0000,+0.0000,43.2500,8,1
85,abc381_c,1.0000,0.0000,-1.0000,43.2500,8,1
86,abc368_d,0.0000,0.3333,+0.3333,44.2500,8,1
87,3737,0.0000,0.5000,+0.5000,45.2500,8,1
88,abc350_d,0.6667,0.3333,-0.3333,45.5833,8,1
89,3225,0.0000,0.0000,+0.0000,46.5833,8,1
90,3733,0.0000,0.0000,+0.0000,47.5833,9,1
91,3438,0.5000,0.0000,-0.5000,48.0833,9,1
92,abc399_f,1.0000,1.0000,+0.0000,48.0833,9,1
93,abc302_e,0.5000,0.0000,-0.5000,48.5833,9,1
94,abc390_a,1.0000,1.0000,+0.0000,48.5833,9,1
95,abc362_c,0.3333,0.0000,-0.3333,49.2500,9,1
96,2921,0.0000,0.5000,+0.5000,50.2500,9,1
97,2917,1.0000,1.0000,+0.0000,50.2500,9,1
98,abc378_e,0.0000,0.0000,+0.0000,51.2500,9,1
99,2867,0.0000,1.0000,+1.0000,52.2500,9,1
100,3541,1.0000,0.0000,-1.0000,52.2500,10,1
101,abc356_b,1.0000,1.0000,+0.0000,52.2500,10,1
102,abc323_d,0.3333,1.0000,+0.6667,52.9167,10,1
103,abc392_b,0.6667,0.6667,+0.0000,53.2500,10,1
104,abc334_d,0.3333,0.3333,+0.0000,53.9167,10,1
105,abc329_d,1.0000,1.0000,+0.0000,53.9167,10,1
106,abc399_d,0.0000,0.0000,+0.0000,54.9167,10,1
107,abc349_d,0.0000,0.0000,+0.0000,55.9167,10,1
108,abc338_a,1.0000,1.0000,+0.0000,55.9167,10,1
109,3626,1.0000,1.0000,+0.0000,55.9167,10,1
110,abc305_b,1.0000,1.0000,+0.0000,55.9167,11,1
111,abc380_a,1.0000,1.0000,+0.0000,55.9167,11,1
112,3242,0.0000,0.0000,+0.0000,56.9167,11,1
113,arc191_d,0.0000,0.0000,+0.0000,57.9167,11,1
114,abc375_a,1.0000,1.0000,+0.0000,57.9167,11,1
115,abc333_e,0.3333,0.3333,+0.0000,58.5833,11,1
116,3548,0.0000,0.0000,+0.0000,59.5833,11,1
117,arc183_d,0.0000,0.0000,+0.0000,60.5833,11,1
118,abc336_a,1.0000,1.0000,+0.0000,60.5833,11,1
119,3387,0.6667,0.0000,-0.6667,60.9167,11,1
120,abc301_d,1.0000,0.6667,-0.3333,60.9167,12,1
121,3747,0.0000,0.0000,+0.0000,61.9167,12,1
122,3683,1.0000,0.0000,-1.0000,61.9167,12,1
123,3269,0.0000,0.0000,+0.0000,62.9167,12,1
124,3411,0.0000,0.0000,+0.0000,63.9167,12,1
125,3786,0.0000,0.0000,+0.0000,64.9167,12,1
126,abc313_b,0.0000,1.0000,+1.0000,65.9167,12,1
127,3508,0.3333,0.3333,+0.0000,66.5833,12,1
128,abc347_e,1.0000,1.0000,+0.0000,66.5833,12,1
129,3580,1.0000,1.0000,+0.0000,66.5833,12,1
130,arc186_b,0.0000,0.0000,+0.0000,67.5833,13,1
131,3777,0.3333,0.6667,+0.3333,68.2500,13,1
132,3397,0.0000,0.0000,+0.0000,69.2500,13,1
133,abc356_e,1.0000,1.0000,+0.0000,69.2500,13,1
134,arc195_e,0.0000,0.0000,+0.0000,70.2500,13,1
135,abc375_g,0.3333,1.0000,+0.6667,70.9167,13,1
136,abc372_f,0.0000,0.0000,+0.0000,71.9167,13,1
137,abc367_d,0.3333,0.3333,+0.0000,72.5833,13,1
138,abc388_g,0.0000,0.0000,+0.0000,73.5833,13,1
139,3231,0.0000,0.0000,+0.0000,74.5833,13,1
140,abc389_d,1.0000,1.0000,+0.0000,74.5833,14,1
141,3207,1.0000,1.0000,+0.0000,74.5833,14,1
142,abc367_f,1.0000,1.0000,+0.0000,74.5833,14,1
143,abc339_a,1.0000,1.0000,+0.0000,74.5833,14,1
144,abc312_c,1.0000,1.0000,+0.0000,74.5833,14,1
145,3024,0.0000,0.0000,+0.0000,75.5833,14,1
146,abc320_d,0.0000,0.3333,+0.3333,76.5833,14,1
147,abc364_e,0.2500,0.2500,+0.0000,77.3333,14,1
148,abc366_d,0.0000,1.0000,+1.0000,78.3333,14,1
149,abc329_e,0.6667,0.6667,+0.0000,78.6667,14,1
150,abc384_e,0.3333,0.3333,+0.0000,79.3333,15,1
151,abc373_g,0.0000,0.0000,+0.0000,80.3333,15,1
152,3228,1.0000,1.0000,+0.0000,80.3333,15,1
153,abc304_d,0.0000,1.0000,+1.0000,81.3333,15,1
154,3613,0.0000,0.0000,+0.0000,82.3333,15,1
155,3381,0.0000,0.0000,+0.0000,83.3333,15,1
156,3686,0.0000,0.0000,+0.0000,84.3333,15,1
157,3328,0.5000,0.5000,+0.0000,84.8333,15,1
158,abc322_b,1.0000,1.0000,+0.0000,84.8333,15,1
159,3468,0.0000,0.0000,+0.0000,85.8333,15,1
160,3658,0.3333,0.3333,+0.0000,86.5000,16,1
161,2855,1.0000,1.0000,+0.0000,86.5000,16,1
162,2817,0.5000,0.5000,+0.0000,87.0000,16,1
163,3496,0.3333,0.0000,-0.3333,87.6667,16,1
164,3784,0.0000,0.0000,+0.0000,88.6667,16,1
165,arc188_d,0.0000,0.0000,+0.0000,89.6667,16,1
166,3654,0.5000,0.5000,+0.0000,90.1667,16,1
167,3163,1.0000,0.0000,-1.0000,90.1667,16,1
168,abc347_b,1.0000,1.0000,+0.0000,90.1667,16,1
169,abc330_b,1.0000,1.0000,+0.0000,90.1667,16,1
170,3696,0.0000,0.0000,+0.0000,91.1667,17,1
171,3487,0.5000,0.5000,+0.0000,91.6667,17,1
172,3000,0.0000,0.0000,+0.0000,92.6667,17,1
173,abc385_d,0.0000,0.0000,+0.0000,93.6667,17,1
174,abc354_c,0.6667,0.3333,-0.3333,94.0000,17,1
175,3723,0.0000,0.0000,+0.0000,95.0000,17,1
176,3591,0.0000,0.5000,+0.5000,96.0000,17,1
177,3226,0.0000,0.0000,+0.0000,97.0000,17,1
178,abc343_b,1.0000,1.0000,+0.0000,97.0000,17,1
179,abc322_e,0.0000,0.5000,+0.5000,98.0000,17,1
180,3603,0.5000,0.5000,+0.0000,98.5000,18,1
181,abc362_d,0.3333,0.3333,+0.0000,99.1667,18,1
182,arc195_c,0.0000,0.0000,+0.0000,100.1667,18,1
183,2870,0.0000,0.0000,+0.0000,101.1667,18,1
184,abc386_d,0.5000,0.0000,-0.5000,101.6667,18,1
185,abc355_a,1.0000,1.0000,+0.0000,101.6667,18,1
186,1883_C,0.0000,0.0000,+0.0000,102.6667,18,1
187,3634,0.5000,0.5000,+0.0000,103.1667,18,1
188,abc301_f,0.0000,0.0000,+0.0000,104.1667,18,1
189,abc369_c,0.0000,0.3333,+0.3333,105.1667,18,1
190,3466,0.0000,0.0000,+0.0000,106.1667,19,1
191,3174,1.0000,1.0000,+0.0000,106.1667,19,1
192,3292,0.0000,0.3333,+0.3333,107.1667,19,1
193,abc310_d,0.2500,0.2500,+0.0000,107.9167,19,1
194,3423,1.0000,0.5000,-0.5000,107.9167,19,1
195,abc355_c,1.0000,1.0000,+0.0000,107.9167,19,1
196,3081,0.6667,0.3333,-0.3333,108.2500,19,1
197,3317,0.0000,0.3333,+0.3333,109.2500,19,1
198,3770,0.6667,0.3333,-0.3333,109.5833,19,1
199,3511,0.5000,0.5000,+0.0000,110.0833,19,1
200,abc395_c,0.3333,0.3333,+0.0000,110.7500,20,1
201,abc343_c,1.0000,1.0000,+0.0000,110.7500,20,1
202,abc351_f,0.0000,0.0000,+0.0000,111.7500,20,1
203,abc369_b,0.0000,1.0000,+1.0000,112.7500,20,1
204,3743,0.3333,0.3333,+0.0000,113.4167,20,1
205,abc324_c,0.0000,0.0000,+0.0000,114.4167,20,1
206,abc333_d,0.0000,0.3333,+0.3333,115.4167,20,1
207,3362,0.0000,0.0000,+0.0000,116.4167,20,1
208,3639,0.5000,0.0000,-0.5000,116.9167,20,1
209,2884,0.0000,0.0000,+0.0000,117.9167,20,1
210,abc352_c,0.0000,0.0000,+0.0000,118.9167,21,1
211,abc350_e,0.0000,0.0000,+0.0000,119.9167,21,1
212,arc191_c,0.0000,0.0000,+0.0000,120.9167,21,1
213,abc318_c,0.0000,0.3333,+0.3333,121.9167,21,1
214,3720,0.5000,0.5000,+0.0000,122.4167,21,1
215,abc320_c,0.6667,0.6667,+0.0000,122.7500,21,1
216,3394,0.0000,0.0000,+0.0000,123.7500,21,1
217,arc196_d,0.0000,0.0000,+0.0000,124.7500,21,1
218,3361,0.5000,0.0000,-0.5000,125.2500,21,1
219,3034,1.0000,1.0000,+0.0000,125.2500,21,1
220,abc344_d,0.3333,0.3333,+0.0000,125.9167,22,1
221,3621,0.0000,0.0000,+0.0000,126.9167,22,1
222,3372,0.6667,1.0000,+0.3333,127.2500,22,1
223,abc338_f,0.0000,0.6667,+0.6667,128.2500,22,1
224,arc189_c,0.2500,0.5000,+0.2500,129.0000,22,1
225,abc308_e,0.3333,0.3333,+0.0000,129.6667,22,1
226,3313,0.0000,0.3333,+0.3333,130.6667,22,1
227,abc400_g,0.0000,0.0000,+0.0000,131.6667,22,1
228,abc358_c,1.0000,1.0000,+0.0000,131.6667,22,1
229,2792,1.0000,0.6667,-0.3333,131.6667,22,1
230,3492,0.0000,0.0000,+0.0000,132.6667,23,1
231,abc374_c,0.3333,0.3333,+0.0000,133.3333,23,1
232,abc344_e,0.0000,1.0000,+1.0000,134.3333,23,1
233,abc380_e,1.0000,1.0000,+0.0000,134.3333,23,1
234,abc348_b,1.0000,1.0000,+0.0000,134.3333,23,1
235,3525,0.0000,0.5000,+0.5000,135.3333,23,1
236,abc365_a,1.0000,1.0000,+0.0000,135.3333,23,1
237,abc304_e,0.0000,1.0000,+1.0000,136.3333,23,1
238,3552,0.3333,0.3333,+0.0000,137.0000,23,1
239,3171,0.0000,1.0000,+1.0000,138.0000,23,1
240,arc185_b,0.0000,0.0000,+0.0000,139.0000,24,1
241,abc302_c,1.0000,1.0000,+0.0000,139.0000,24,1
242,abc368_c,0.3333,0.3333,+0.0000,139.6667,24,1
243,3555,0.0000,0.0000,+0.0000,140.6667,24,1
244,abc303_e,0.0000,0.0000,+0.0000,141.6667,24,1
245,3236,1.0000,1.0000,+0.0000,141.6667,24,1
246,3560,0.0000,0.3333,+0.3333,142.6667,24,1
247,abc372_e,0.0000,0.0000,+0.0000,143.6667,24,1
248,abc311_d,0.0000,0.0000,+0.0000,144.6667,24,1
249,abc373_a,1.0000,1.0000,+0.0000,144.6667,24,1
250,3685,1.0000,1.0000,+0.0000,144.6667,25,1
251,abc359_e,0.0000,0.0000,+0.0000,145.6667,25,1
252,abc321_d,0.0000,1.0000,+1.0000,146.6667,25,1
253,abc341_b,1.0000,1.0000,+0.0000,146.6667,25,1
254,3464,0.2500,0.2500,+0.0000,147.4167,25,1
255,abc398_b,1.0000,1.0000,+0.0000,147.4167,25,1
256,3320,1.0000,1.0000,+0.0000,147.4167,25,1
257,abc306_e,0.0000,0.0000,+0.0000,148.4167,25,1
258,abc351_a,1.0000,1.0000,+0.0000,148.4167,25,1
259,3753,1.0000,1.0000,+0.0000,148.4167,25,1
260,3446,1.0000,1.0000,+0.0000,148.4167,26,1
261,1899_B,0.0000,0.0000,+0.0000,149.4167,26,1
262,3279,1.0000,1.0000,+0.0000,149.4167,26,1
263,abc314_b,0.5000,0.5000,+0.0000,149.9167,26,1
264,abc370_f,0.0000,0.0000,+0.0000,150.9167,26,1
265,3788,1.0000,1.0000,+0.0000,150.9167,26,1
266,abc359_b,0.3333,0.3333,+0.0000,151.5833,26,1
267,3297,0.0000,1.0000,+1.0000,152.5833,26,1
268,3676,1.0000,0.0000,-1.0000,152.5833,26,1
269,3763,0.0000,0.0000,+0.0000,153.5833,26,1
270,abc366_a,1.0000,1.0000,+0.0000,153.5833,27,1
271,abc366_e,0.0000,0.0000,+0.0000,154.5833,27,1
272,abc392_c,0.0000,0.0000,+0.0000,155.5833,27,1
273,2833,0.5000,0.0000,-0.5000,156.0833,27,1
274,3351,1.0000,1.0000,+0.0000,156.0833,27,1
275,3649,1.0000,0.0000,-1.0000,156.0833,27,1
276,abc301_c,0.7500,0.5000,-0.2500,156.3333,27,1
277,abc344_b,0.3333,0.0000,-0.3333,157.0000,27,1
278,abc399_c,0.3333,0.3333,+0.0000,157.6667,27,1
279,abc380_f,0.0000,0.6667,+0.6667,158.6667,27,1
280,abc367_c,0.0000,0.0000,+0.0000,159.6667,28,1
281,3629,0.0000,0.0000,+0.0000,160.6667,28,1
282,abc322_a,1.0000,1.0000,+0.0000,160.6667,28,1
283,2979,0.0000,0.0000,+0.0000,161.6667,28,1
284,3331,1.0000,1.0000,+0.0000,161.6667,28,1
285,abc397_a,1.0000,1.0000,+0.0000,161.6667,28,1
286,arc193_a,0.0000,0.0000,+0.0000,162.6667,28,1
287,abc361_a,1.0000,1.0000,+0.0000,162.6667,28,1
288,abc328_e,0.6667,0.6667,+0.0000,163.0000,28,1
289,3518,0.0000,0.0000,+0.0000,164.0000,28,1
290,3306,1.0000,1.0000,+0.0000,164.0000,29,1
291,2882,1.0000,1.0000,+0.0000,164.0000,29,1
292,abc374_g,0.0000,0.0000,+0.0000,165.0000,29,1
293,3617,0.0000,0.6667,+0.6667,166.0000,29,1
294,abc358_d,0.0000,1.0000,+1.0000,167.0000,29,1
295,abc371_a,0.5000,0.5000,+0.0000,167.5000,29,1
296,abc343_a,0.0000,0.0000,+0.0000,168.5000,29,1
297,abc376_d,0.0000,0.0000,+0.0000,169.5000,29,1
298,2786,1.0000,1.0000,+0.0000,169.5000,29,1
299,2828,1.0000,0.6667,-0.3333,169.5000,29,1
300,3456,0.0000,0.0000,+0.0000,170.5000,30,1
301,3299,0.5000,0.5000,+0.0000,171.0000,30,1
302,2810,0.5000,0.0000,-0.5000,171.5000,30,1
303,3527,0.5000,0.0000,-0.5000,172.0000,30,1
304,3476,0.5000,0.5000,+0.0000,172.5000,30,1
305,3495,0.0000,0.0000,+0.0000,173.5000,30,1
306,abc339_c,0.3333,0.3333,+0.0000,174.1667,30,1
307,3194,0.0000,1.0000,+1.0000,175.1667,30,1
308,abc363_f,0.0000,0.0000,+0.0000,176.1667,30,1
309,abc394_f,0.3333,0.3333,+0.0000,176.8333,30,1
310,abc366_c,1.0000,1.0000,+0.0000,176.8333,31,1
311,abc351_d,0.0000,0.0000,+0.0000,177.8333,31,1
312,3416,0.5000,0.5000,+0.0000,178.3333,31,1
313,abc308_f,0.5000,0.5000,+0.0000,178.8333,31,1
314,3638,0.0000,0.3333,+0.3333,179.8333,31,1
315,abc400_a,1.0000,1.0000,+0.0000,179.8333,31,1
316,abc361_d,0.0000,0.0000,+0.0000,180.8333,31,1
317,3455,0.5000,0.5000,+0.0000,181.3333,31,1
318,3475,1.0000,1.0000,+0.0000,181.3333,31,1
319,abc391_e,0.0000,0.0000,+0.0000,182.3333,31,1
320,abc309_d,0.0000,1.0000,+1.0000,183.3333,32,1
321,3612,1.0000,0.5000,-0.5000,183.3333,32,1
322,abc383_b,1.0000,1.0000,+0.0000,183.3333,32,1
323,3515,0.6667,1.0000,+0.3333,183.6667,32,1
324,abc329_c,0.3333,0.3333,+0.0000,184.3333,32,1
325,3655,0.3333,0.6667,+0.3333,185.0000,32,1
326,3600,0.0000,1.0000,+1.0000,186.0000,32,1
327,abc358_a,1.0000,1.0000,+0.0000,186.0000,32,1
328,3793,0.2500,0.5000,+0.2500,186.7500,32,1
329,3422,1.0000,1.0000,+0.0000,186.7500,32,1
330,3817,1.0000,1.0000,+0.0000,186.7500,33,1
331,arc184_e,0.0000,0.0000,+0.0000,187.7500,33,1
332,abc310_b,0.0000,0.0000,+0.0000,188.7500,33,1
333,2977,0.0000,0.0000,+0.0000,189.7500,33,1
334,3412,1.0000,1.0000,+0.0000,189.7500,33,1
335,3267,0.6667,0.6667,+0.0000,190.0833,33,1
336,3562,0.0000,0.0000,+0.0000,191.0833,33,1
337,2756,1.0000,1.0000,+0.0000,191.0833,33,1
338,abc389_a,1.0000,1.0000,+0.0000,191.0833,33,1
339,abc307_b,1.0000,1.0000,+0.0000,191.0833,33,1
340,abc340_c,0.3333,0.0000,-0.3333,191.7500,34,1
341,abc332_b,1.0000,1.0000,+0.0000,191.7500,34,1
342,abc312_a,1.0000,1.0000,+0.0000,191.7500,34,1
343,abc350_b,0.0000,1.0000,+1.0000,192.7500,34,1
344,abc325_d,0.3333,0.3333,+0.0000,193.4167,34,1
345,abc320_a,1.0000,1.0000,+0.0000,193.4167,34,1
346,abc319_b,1.0000,1.0000,+0.0000,193.4167,34,1
347,arc193_b,0.0000,0.0000,+0.0000,194.4167,34,1
348,abc365_b,0.5000,1.0000,+0.5000,194.9167,34,1
349,arc182_c,0.0000,0.0000,+0.0000,195.9167,34,1
350,3308,0.5000,1.0000,+0.5000,196.4167,35,1
351,arc192_a,0.6667,0.6667,+0.0000,196.7500,35,1
352,arc186_e,0.0000,0.0000,+0.0000,197.7500,35,1
353,3403,0.0000,0.5000,+0.5000,198.7500,35,1
354,3702,0.3333,1.0000,+0.6667,199.4167,35,1
355,2728,0.0000,0.0000,+0.0000,200.4167,35,1
356,abc349_e,0.5000,0.5000,+0.0000,200.9167,35,1
357,abc324_a,1.0000,1.0000,+0.0000,200.9167,35,1
358,abc302_d,0.7500,0.7500,+0.0000,201.1667,35,1
359,3420,1.0000,1.0000,+0.0000,201.1667,35,1
360,3482,1.0000,1.0000,+0.0000,201.1667,36,1
361,2819,1.0000,1.0000,+0.0000,201.1667,36,1
362,abc353_b,1.0000,0.0000,-1.0000,201.1667,36,1
363,abc397_g,0.0000,0.0000,+0.0000,202.1667,36,1
364,abc319_d,1.0000,0.3333,-0.6667,202.1667,36,1
365,3607,0.6667,1.0000,+0.3333,202.5000,36,1
366,abc367_g,1.0000,0.0000,-1.0000,202.5000,36,1
367,3701,0.0000,0.0000,+0.0000,203.5000,36,1
368,3627,0.3333,0.3333,+0.0000,204.1667,36,1
369,3345,0.3333,0.3333,+0.0000,204.8333,36,1
370,abc336_b,0.0000,1.0000,+1.0000,205.8333,37,1
371,2920,1.0000,0.3333,-0.6667,205.8333,37,1
372,abc334_e,0.0000,0.0000,+0.0000,206.8333,37,1
373,abc360_e,0.0000,0.0000,+0.0000,207.8333,37,1
374,abc360_b,1.0000,1.0000,+0.0000,207.8333,37,1
375,abc388_b,1.0000,1.0000,+0.0000,207.8333,37,1
376,abc370_b,0.3333,0.0000,-0.3333,208.5000,37,1
377,2839,0.0000,0.0000,+0.0000,209.5000,37,1
378,abc399_b,0.2500,0.2500,+0.0000,210.2500,37,1
379,3751,0.0000,0.5000,+0.5000,211.2500,37,1
380,3363,0.0000,0.0000,+0.0000,212.2500,38,1
381,3211,0.3333,0.3333,+0.0000,212.9167,38,1
382,3360,0.0000,0.0000,+0.0000,213.9167,38,1
383,3395,0.5000,0.0000,-0.5000,214.4167,38,1
384,abc337_b,1.0000,1.0000,+0.0000,214.4167,38,1
385,abc361_f,0.0000,0.5000,+0.5000,215.4167,38,1
386,abc386_a,1.0000,1.0000,+0.0000,215.4167,38,1
387,3212,1.0000,0.0000,-1.0000,215.4167,38,1
388,3534,0.3333,0.3333,+0.0000,216.0833,38,1
389,abc327_e,0.0000,0.0000,+0.0000,217.0833,38,1
390,abc382_b,1.0000,1.0000,+0.0000,217.0833,39,1
391,abc315_c,0.5000,1.0000,+0.5000,217.5833,39,1
392,abc342_c,1.0000,0.3333,-0.6667,217.5833,39,1
393,abc392_a,1.0000,1.0000,+0.0000,217.5833,39,1
394,3832,0.0000,0.0000,+0.0000,218.5833,39,1
395,3190,0.3333,0.3333,+0.0000,219.2500,39,1
396,abc366_f,1.0000,1.0000,+0.0000,219.2500,39,1
397,3199,1.0000,1.0000,+0.0000,219.2500,39,1
398,arc185_c,0.3333,0.3333,+0.0000,219.9167,39,1
399,abc377_c,0.6667,0.6667,+0.0000,220.2500,39,1
400,abc340_b,1.0000,1.0000,+0.0000,220.2500,40,1
401,arc196_c,0.3333,0.3333,+0.0000,220.9167,40,1
402,abc369_e,0.0000,0.0000,+0.0000,221.9167,40,1
403,3583,0.3333,0.0000,-0.3333,222.5833,40,1
404,abc371_f,0.0000,0.0000,+0.0000,223.5833,40,1
405,abc314_a,1.0000,1.0000,+0.0000,223.5833,40,1
406,abc337_e,0.0000,0.0000,+0.0000,224.5833,40,1
407,abc326_c,1.0000,1.0000,+0.0000,224.5833,40,1
408,abc387_b,0.6667,1.0000,+0.3333,224.9167,40,1
409,abc341_c,0.0000,1.0000,+1.0000,225.9167,40,1
410,3244,0.6667,0.6667,+0.0000,226.2500,41,1
411,abc324_f,0.0000,0.0000,+0.0000,227.2500,41,1
412,abc321_c,0.0000,0.0000,+0.0000,228.2500,41,1
413,3566,0.0000,0.0000,+0.0000,229.2500,41,1
414,3543,1.0000,1.0000,+0.0000,229.2500,41,1
415,abc349_b,0.3333,1.0000,+0.6667,229.9167,41,1
416,abc375_e,0.2500,0.5000,+0.2500,230.6667,41,1
417,2887,1.0000,1.0000,+0.0000,230.6667,41,1
418,abc370_a,1.0000,1.0000,+0.0000,230.6667,41,1
419,3575,0.0000,1.0000,+1.0000,231.6667,41,1
420,3680,1.0000,1.0000,+0.0000,231.6667,42,1
421,abc378_b,1.0000,0.0000,-1.0000,231.6667,42,1
422,3644,1.0000,1.0000,+0.0000,231.6667,42,1
423,abc309_e,0.0000,0.0000,+0.0000,232.6667,42,1
424,abc315_b,1.0000,1.0000,+0.0000,232.6667,42,1
425,abc353_c,0.0000,1.0000,+1.0000,233.6667,42,1
426,abc346_c,1.0000,1.0000,+0.0000,233.6667,42,1
427,3018,1.0000,1.0000,+0.0000,233.6667,42,1
428,abc390_c,0.6667,0.6667,+0.0000,234.0000,42,1
429,abc395_e,0.2500,0.2500,+0.0000,234.7500,42,1
430,abc343_d,1.0000,0.0000,-1.0000,234.7500,43,1
431,3739,0.0000,0.0000,+0.0000,235.7500,43,1
432,abc360_c,0.0000,0.0000,+0.0000,236.7500,43,1
433,3657,0.6667,0.6667,+0.0000,237.0833,43,1
434,abc374_d,0.0000,0.0000,+0.0000,238.0833,43,1
435,3722,0.5000,0.5000,+0.0000,238.5833,43,1
436,3568,1.0000,1.0000,+0.0000,238.5833,43,1
437,3799,0.0000,0.0000,+0.0000,239.5833,43,1
438,3184,0.0000,0.0000,+0.0000,240.5833,43,1
439,abc365_e,0.0000,1.0000,+1.0000,241.5833,43,1
440,arc185_e,0.0000,0.0000,+0.0000,242.5833,44,1
441,abc395_b,1.0000,1.0000,+0.0000,242.5833,44,1
442,abc335_a,1.0000,1.0000,+0.0000,242.5833,44,1
443,3759,1.0000,0.5000,-0.5000,242.5833,44,1
444,abc393_f,1.0000,1.0000,+0.0000,242.5833,44,1
445,abc323_a,1.0000,1.0000,+0.0000,242.5833,44,1
446,abc396_g,0.0000,0.0000,+0.0000,243.5833,44,1
447,abc305_a,1.0000,1.0000,+0.0000,243.5833,44,1
448,abc364_c,0.0000,0.3333,+0.3333,244.5833,44,1
449,2832,0.0000,1.0000,+1.0000,245.5833,44,1
450,abc342_d,0.0000,0.5000,+0.5000,246.5833,45,1
451,abc351_c,0.0000,0.0000,+0.0000,247.5833,45,1
452,3535,0.0000,0.0000,+0.0000,248.5833,45,1
453,3681,0.3333,0.3333,+0.0000,249.2500,45,1
454,3188,0.0000,1.0000,+1.0000,250.2500,45,1
455,2800,1.0000,1.0000,+0.0000,250.2500,45,1
456,2754,0.0000,0.0000,+0.0000,251.2500,45,1
457,abc371_e,0.0000,1.0000,+1.0000,252.2500,45,1
458,3047,0.0000,0.0000,+0.0000,253.2500,45,1
459,3550,0.0000,0.6667,+0.6667,254.2500,45,1
460,3154,1.0000,1.0000,+0.0000,254.2500,46,1
461,abc395_a,1.0000,1.0000,+0.0000,254.2500,46,1
462,abc332_c,0.6667,0.3333,-0.3333,254.5833,46,1
463,3172,1.0000,1.0000,+0.0000,254.5833,46,1
464,abc341_a,1.0000,1.0000,+0.0000,254.5833,46,1
465,abc348_d,1.0000,0.3333,-0.6667,254.5833,46,1
466,2850,1.0000,0.0000,-1.0000,254.5833,46,1
467,3265,0.3333,0.0000,-0.3333,255.2500,46,1
468,abc327_b,1.0000,1.0000,+0.0000,255.2500,46,1
469,abc328_d,1.0000,1.0000,+0.0000,255.2500,46,1
470,3637,0.0000,0.3333,+0.3333,256.2500,47,1
471,abc314_f,0.0000,0.0000,+0.0000,257.2500,47,1
472,3223,0.0000,0.0000,+0.0000,258.2500,47,1
473,2845,1.0000,1.0000,+0.0000,258.2500,47,1
474,abc331_a,1.0000,1.0000,+0.0000,258.2500,47,1
475,2998,1.0000,1.0000,+0.0000,258.2500,47,1
476,abc339_b,0.3333,0.3333,+0.0000,258.9167,47,1
477,3687,0.0000,0.5000,+0.5000,259.9167,47,1
478,3353,1.0000,1.0000,+0.0000,259.9167,47,1
479,abc345_b,0.8000,0.8000,+0.0000,260.1167,47,1
480,3490,0.3333,0.0000,-0.3333,260.7833,48,1
481,abc314_d,0.0000,0.0000,+0.0000,261.7833,48,1
482,abc368_a,1.0000,1.0000,+0.0000,261.7833,48,1
483,abc332_d,0.2500,0.2500,+0.0000,262.5333,48,1
484,3316,0.0000,0.3333,+0.3333,263.5333,48,1
485,abc307_e,0.0000,0.0000,+0.0000,264.5333,48,1
486,arc195_a,1.0000,1.0000,+0.0000,264.5333,48,1
487,3246,1.0000,1.0000,+0.0000,264.5333,48,1
488,abc330_d,0.6667,0.3333,-0.3333,264.8667,48,1
489,abc325_f,0.3333,0.0000,-0.3333,265.5333,48,1
490,arc196_a,1.0000,1.0000,+0.0000,265.5333,49,1
491,abc344_c,1.0000,1.0000,+0.0000,265.5333,49,1
492,abc306_d,0.0000,0.3333,+0.3333,266.5333,49,1
493,3094,1.0000,1.0000,+0.0000,266.5333,49,1
494,abc394_g,0.0000,0.0000,+0.0000,267.5333,49,1
495,3234,1.0000,1.0000,+0.0000,267.5333,49,1
496,3647,0.3333,0.0000,-0.3333,268.2000,49,1
497,abc350_a,0.6667,1.0000,+0.3333,268.5333,49,1
498,abc320_b,1.0000,1.0000,+0.0000,268.5333,49,1
499,abc304_a,1.0000,1.0000,+0.0000,268.5333,49,1
500,3233,0.3333,0.3333,+0.0000,269.2000,50,1
501,abc370_c,0.0000,0.0000,+0.0000,270.2000,50,1
502,3454,0.0000,0.5000,+0.5000,271.2000,50,1
503,3017,0.3333,0.3333,+0.0000,271.8667,50,1
504,arc185_d,0.0000,0.0000,+0.0000,272.8667,50,1
505,abc340_e,0.6667,0.6667,+0.0000,273.2000,50,1
506,arc184_c,0.0000,0.0000,+0.0000,274.2000,50,1
507,abc359_d,0.2500,0.0000,-0.2500,274.9500,50,1
508,abc376_e,0.0000,0.0000,+0.0000,275.9500,50,1
509,3437,0.0000,0.0000,+0.0000,276.9500,50,1
510,abc382_c,0.0000,0.6667,+0.6667,277.9500,51,1
511,3616,0.5000,0.5000,+0.0000,278.4500,51,1
512,abc382_g,0.0000,0.0000,+0.0000,279.4500,51,1
513,abc324_d,0.3333,0.3333,+0.0000,280.1167,51,1
514,abc379_c,0.0000,0.0000,+0.0000,281.1167,51,1
515,abc330_c,0.0000,1.0000,+1.0000,282.1167,51,1
516,abc348_a,1.0000,1.0000,+0.0000,282.1167,51,1
517,abc327_a,1.0000,1.0000,+0.0000,282.1167,51,1
518,abc379_f,0.0000,0.0000,+0.0000,283.1167,51,1
519,3779,0.0000,0.5000,+0.5000,284.1167,51,1
520,arc182_e,0.3333,0.3333,+0.0000,284.7833,52,1
521,abc384_f,1.0000,0.3333,-0.6667,284.7833,52,1
522,arc190_a,0.5000,0.2500,-0.2500,285.2833,52,1
523,abc394_c,1.0000,1.0000,+0.0000,285.2833,52,1
524,abc338_d,0.0000,0.3333,+0.3333,286.2833,52,1
525,abc302_f,0.2500,0.2500,+0.0000,287.0333,52,1
526,1873_B,0.0000,1.0000,+1.0000,288.0333,52,1
527,abc360_a,1.0000,1.0000,+0.0000,288.0333,52,1
528,abc389_b,1.0000,1.0000,+0.0000,288.0333,52,1
529,abc314_c,0.0000,1.0000,+1.0000,289.0333,52,1
530,arc188_a,0.3333,0.3333,+0.0000,289.7000,53,1
531,abc389_g,0.3333,0.0000,-0.3333,290.3667,53,1
532,3522,1.0000,1.0000,+0.0000,290.3667,53,1
533,abc358_b,1.0000,1.0000,+0.0000,290.3667,53,1
534,abc353_d,1.0000,0.0000,-1.0000,290.3667,53,1
535,arc181_c,0.0000,0.0000,+0.0000,291.3667,53,1
536,abc334_c,0.6667,0.3333,-0.3333,291.7000,53,1
537,abc353_a,1.0000,1.0000,+0.0000,291.7000,53,1
538,arc189_a,0.0000,0.0000,+0.0000,292.7000,53,1
539,3463,1.0000,1.0000,+0.0000,292.7000,53,1
540,abc371_d,0.0000,1.0000,+1.0000,293.7000,54,1
541,3778,1.0000,1.0000,+0.0000,293.7000,54,1
542,arc181_a,0.0000,0.0000,+0.0000,294.7000,54,1
543,abc368_b,1.0000,1.0000,+0.0000,294.7000,54,1
544,2812,1.0000,1.0000,+0.0000,294.7000,54,1
545,abc331_c,0.0000,0.0000,+0.0000,295.7000,54,1
546,abc346_e,0.0000,0.0000,+0.0000,296.7000,54,1
547,abc391_b,1.0000,1.0000,+0.0000,296.7000,54,1
548,abc335_d,0.0000,0.0000,+0.0000,297.7000,54,1
549,3773,0.0000,0.5000,+0.5000,298.7000,54,1
550,3674,0.0000,0.0000,+0.0000,299.7000,55,1
551,abc388_d,0.0000,1.0000,+1.0000,300.7000,55,1
552,abc330_e,0.0000,1.0000,+1.0000,301.7000,55,1
553,arc187_b,0.0000,0.0000,+0.0000,302.7000,55,1
554,abc302_b,0.0000,0.0000,+0.0000,303.7000,55,1
555,2802,1.0000,1.0000,+0.0000,303.7000,55,1
556,3765,0.0000,0.0000,+0.0000,304.7000,55,1
557,3708,1.0000,1.0000,+0.0000,304.7000,55,1
558,abc326_b,1.0000,1.0000,+0.0000,304.7000,55,1
559,abc335_c,0.0000,0.0000,+0.0000,305.7000,55,1
560,3344,0.5000,0.0000,-0.5000,306.2000,56,1
561,abc303_c,0.5000,1.0000,+0.5000,306.7000,56,1
562,abc308_a,1.0000,1.0000,+0.0000,306.7000,56,1
563,3354,1.0000,1.0000,+0.0000,306.7000,56,1
564,2834,1.0000,1.0000,+0.0000,306.7000,56,1
565,abc342_b,1.0000,0.0000,-1.0000,306.7000,56,1
566,3114,1.0000,1.0000,+0.0000,306.7000,56,1
567,abc390_b,1.0000,1.0000,+0.0000,306.7000,56,1
568,3688,1.0000,1.0000,+0.0000,306.7000,56,1
569,abc380_c,0.0000,0.0000,+0.0000,307.7000,56,1
570,abc349_c,0.3333,0.3333,+0.0000,308.3667,57,1
571,abc331_d,0.0000,0.0000,+0.0000,309.3667,57,1
572,3312,1.0000,1.0000,+0.0000,309.3667,57,1
573,2808,1.0000,0.0000,-1.0000,309.3667,57,1
574,abc349_a,0.3333,1.0000,+0.6667,310.0333,57,1
575,3309,1.0000,1.0000,+0.0000,310.0333,57,1
576,arc194_c,0.3333,0.3333,+0.0000,310.7000,57,1
577,abc375_f,0.0000,0.0000,+0.0000,311.7000,57,1
578,3579,0.0000,0.0000,+0.0000,312.7000,57,1
579,abc385_e,0.6667,0.3333,-0.3333,313.0333,57,1
580,3471,1.0000,1.0000,+0.0000,313.0333,58,1
581,abc380_b,1.0000,1.0000,+0.0000,313.0333,58,1
582,3091,0.0000,0.0000,+0.0000,314.0333,58,1
583,3682,1.0000,1.0000,+0.0000,314.0333,58,1
584,3588,0.0000,0.0000,+0.0000,315.0333,58,1
585,abc337_c,0.0000,0.0000,+0.0000,316.0333,58,1
586,3606,1.0000,0.0000,-1.0000,316.0333,58,1
587,arc194_b,0.6667,0.6667,+0.0000,316.3667,58,1
588,abc326_e,0.0000,0.0000,+0.0000,317.3667,58,1
589,2844,0.0000,0.0000,+0.0000,318.3667,58,1
590,3195,0.3333,0.3333,+0.0000,319.0333,59,1
591,3801,0.0000,1.0000,+1.0000,320.0333,59,1
592,3229,1.0000,1.0000,+0.0000,320.0333,59,1
593,3748,0.6667,0.0000,-0.6667,320.3667,59,1
594,abc390_d,0.0000,0.3333,+0.3333,321.3667,59,1
595,2831,1.0000,1.0000,+0.0000,321.3667,59,1
596,abc364_a,0.6667,0.6667,+0.0000,321.7000,59,1
597,3230,1.0000,1.0000,+0.0000,321.7000,59,1
598,abc396_c,0.0000,0.0000,+0.0000,322.7000,59,1
599,3587,1.0000,1.0000,+0.0000,322.7000,59,1
600,3684,0.3333,0.3333,+0.0000,323.3667,60,1
601,abc393_b,1.0000,1.0000,+0.0000,323.3667,60,1
602,abc352_e,1.0000,1.0000,+0.0000,323.3667,60,1
603,3426,1.0000,1.0000,+0.0000,323.3667,60,1
604,abc355_e,0.0000,0.0000,+0.0000,324.3667,60,1
605,3651,0.0000,0.0000,+0.0000,325.3667,60,1
606,abc315_e,0.3333,0.3333,+0.0000,326.0333,60,1
607,3200,0.0000,0.0000,+0.0000,327.0333,60,1
608,abc331_e,1.0000,1.0000,+0.0000,327.0333,60,1
609,3659,0.3333,1.0000,+0.6667,327.7000,60,1
610,2848,1.0000,1.0000,+0.0000,327.7000,61,1
611,abc320_e,0.0000,0.0000,+0.0000,328.7000,61,1
612,3584,0.0000,0.2500,+0.2500,329.7000,61,1
613,3031,0.0000,1.0000,+1.0000,330.7000,61,1
614,2866,0.0000,1.0000,+1.0000,331.7000,61,1
615,abc388_f,0.3333,0.3333,+0.0000,332.3667,61,1
616,3622,1.0000,1.0000,+0.0000,332.3667,61,1
617,abc357_a,0.6667,0.6667,+0.0000,332.7000,61,1
618,abc368_f,0.5000,0.0000,-0.5000,333.2000,61,1
619,abc304_b,1.0000,1.0000,+0.0000,333.2000,61,1
620,abc334_a,1.0000,1.0000,+0.0000,333.2000,62,1
621,abc305_d,0.0000,1.0000,+1.0000,334.2000,62,1
622,abc367_e,0.3333,0.3333,+0.0000,334.8667,62,1
623,abc321_e,0.0000,0.0000,+0.0000,335.8667,62,1
624,abc319_e,0.0000,0.0000,+0.0000,336.8667,62,1
625,3240,0.5000,0.5000,+0.0000,337.3667,62,1
626,abc388_a,1.0000,1.0000,+0.0000,337.3667,62,1
627,3106,1.0000,1.0000,+0.0000,337.3667,62,1
628,3166,0.0000,0.0000,+0.0000,338.3667,62,1
629,3705,1.0000,1.0000,+0.0000,338.3667,62,1
630,3209,0.0000,0.0000,+0.0000,339.3667,63,1
631,3093,1.0000,1.0000,+0.0000,339.3667,63,1
632,abc325_b,0.0000,1.0000,+1.0000,340.3667,63,1
633,abc386_b,0.3333,0.3333,+0.0000,341.0333,63,1
634,1899_D,0.0000,0.0000,+0.0000,342.0333,63,1
635,abc388_e,0.0000,0.3333,+0.3333,343.0333,63,1
636,abc368_g,1.0000,0.0000,-1.0000,343.0333,63,1
637,abc325_e,0.0000,1.0000,+1.0000,344.0333,63,1
638,abc364_d,1.0000,1.0000,+0.0000,344.0333,63,1
639,arc186_d,0.0000,0.0000,+0.0000,345.0333,63,1
640,3559,1.0000,1.0000,+0.0000,345.0333,64,1
641,abc322_c,1.0000,1.0000,+0.0000,345.0333,64,1
642,abc339_d,0.0000,0.0000,+0.0000,346.0333,64,1
643,abc400_b,1.0000,1.0000,+0.0000,346.0333,64,1
644,arc186_c,0.0000,0.0000,+0.0000,347.0333,64,1
645,abc335_b,1.0000,1.0000,+0.0000,347.0333,64,1
646,abc383_a,0.0000,0.0000,+0.0000,348.0333,64,1
647,abc373_e,0.0000,0.0000,+0.0000,349.0333,64,1
648,abc357_d,0.0000,0.0000,+0.0000,350.0333,64,1
649,3709,1.0000,1.0000,+0.0000,350.0333,64,1
650,abc363_c,1.0000,0.0000,-1.0000,350.0333,65,1
651,2916,0.6667,1.0000,+0.3333,350.3667,65,1
652,3055,1.0000,1.0000,+0.0000,350.3667,65,1
653,3469,0.2500,0.2500,+0.0000,351.1167,65,1
654,abc369_a,0.6667,0.6667,+0.0000,351.4500,65,1
655,abc394_d,1.0000,1.0000,+0.0000,351.4500,65,1
656,2727,0.0000,0.0000,+0.0000,352.4500,65,1
657,2915,1.0000,1.0000,+0.0000,352.4500,65,1
658,abc379_a,1.0000,1.0000,+0.0000,352.4500,65,1
659,3376,0.0000,0.0000,+0.0000,353.4500,65,1
660,abc325_c,1.0000,1.0000,+0.0000,353.4500,66,1
661,abc373_b,0.5000,0.5000,+0.0000,353.9500,66,1
662,3203,1.0000,0.3333,-0.6667,353.9500,66,1
663,abc395_f,0.0000,0.2500,+0.2500,354.9500,66,1
664,abc374_f,0.3333,0.0000,-0.3333,355.6167,66,1
665,abc311_a,1.0000,1.0000,+0.0000,355.6167,66,1
666,arc191_a,0.0000,0.0000,+0.0000,356.6167,66,1
667,3750,0.0000,0.0000,+0.0000,357.6167,66,1
668,abc315_d,0.0000,0.3333,+0.3333,358.6167,66,1
669,abc397_c,1.0000,1.0000,+0.0000,358.6167,66,1
670,abc360_d,0.0000,0.0000,+0.0000,359.6167,67,1
671,3439,0.0000,0.5000,+0.5000,360.6167,67,1
672,abc392_f,1.0000,1.0000,+0.0000,360.6167,67,1
673,arc183_b,0.0000,0.0000,+0.0000,361.6167,67,1
674,abc350_c,0.0000,0.0000,+0.0000,362.6167,67,1
675,2955,0.5000,1.0000,+0.5000,363.1167,67,1
676,abc369_g,0.0000,0.0000,+0.0000,364.1167,67,1
677,2837,0.5000,0.5000,+0.0000,364.6167,67,1
678,3498,0.0000,0.0000,+0.0000,365.6167,67,1
679,3478,0.5000,1.0000,+0.5000,366.1167,67,1
680,abc394_b,1.0000,1.0000,+0.0000,366.1167,68,1
681,3484,0.5000,0.5000,+0.0000,366.6167,68,1
682,3176,0.0000,0.0000,+0.0000,367.6167,68,1
683,abc347_a,1.0000,1.0000,+0.0000,367.6167,68,1
684,abc310_c,0.0000,1.0000,+1.0000,368.6167,68,1
685,abc385_f,0.0000,0.2500,+0.2500,369.6167,68,1
686,3519,0.0000,1.0000,+1.0000,370.6167,68,1
687,3646,0.0000,0.0000,+0.0000,371.6167,68,1
688,abc301_a,0.6667,1.0000,+0.3333,371.9500,68,1
689,2954,0.0000,1.0000,+1.0000,372.9500,68,1
690,abc357_e,0.0000,1.0000,+1.0000,373.9500,69,1
691,3704,1.0000,1.0000,+0.0000,373.9500,69,1
692,3700,0.3333,0.3333,+0.0000,374.6167,69,1
693,3754,0.0000,0.0000,+0.0000,375.6167,69,1
694,abc356_c,0.0000,0.0000,+0.0000,376.6167,69,1
695,3408,1.0000,1.0000,+0.0000,376.6167,69,1
696,abc393_a,0.0000,1.0000,+1.0000,377.6167,69,1
697,abc376_f,0.0000,0.0000,+0.0000,378.6167,69,1
698,2873,1.0000,1.0000,+0.0000,378.6167,69,1
699,abc328_a,1.0000,1.0000,+0.0000,378.6167,69,1
700,abc379_d,0.0000,0.5000,+0.5000,379.6167,70,1
701,abc364_f,0.0000,0.6667,+0.6667,380.6167,70,1
702,3517,1.0000,1.0000,+0.0000,380.6167,70,1
703,3675,0.0000,0.0000,+0.0000,381.6167,70,1
704,abc307_a,1.0000,1.0000,+0.0000,381.6167,70,1
705,abc324_e,0.0000,0.2500,+0.2500,382.6167,70,1
706,abc378_f,0.3333,0.3333,+0.0000,383.2833,70,1
707,3239,0.0000,0.0000,+0.0000,384.2833,70,1
708,3406,0.0000,0.0000,+0.0000,385.2833,70,1
709,3677,1.0000,1.0000,+0.0000,385.2833,70,1
710,3809,1.0000,1.0000,+0.0000,385.2833,71,1
711,abc380_g,0.0000,0.0000,+0.0000,386.2833,71,1
712,abc322_d,0.5000,0.0000,-0.5000,386.7833,71,1
713,3349,1.0000,1.0000,+0.0000,386.7833,71,1
714,3502,0.5000,0.0000,-0.5000,387.2833,71,1
715,abc343_e,0.0000,0.0000,+0.0000,388.2833,71,1
716,1873_D,1.0000,1.0000,+0.0000,388.2833,71,1
717,arc192_e,0.0000,0.0000,+0.0000,389.2833,71,1
718,3261,0.0000,0.0000,+0.0000,390.2833,71,1
719,3716,0.3333,0.0000,-0.3333,390.9500,71,1
720,abc397_f,0.0000,0.0000,+0.0000,391.9500,72,1
721,abc306_b,1.0000,0.0000,-1.0000,391.9500,72,1
722,3396,1.0000,1.0000,+0.0000,391.9500,72,1
723,abc383_d,0.0000,0.0000,+0.0000,392.9500,72,1
724,abc382_d,1.0000,1.0000,+0.0000,392.9500,72,1
725,3263,0.0000,0.0000,+0.0000,393.9500,72,1
726,abc310_e,0.0000,0.5000,+0.5000,394.9500,72,1
727,3032,0.0000,0.0000,+0.0000,395.9500,72,1
728,2757,0.0000,0.0000,+0.0000,396.9500,72,1
729,abc364_b,1.0000,1.0000,+0.0000,396.9500,72,1
730,arc181_b,0.0000,0.0000,+0.0000,397.9500,73,1
731,3805,0.2500,0.5000,+0.2500,398.7000,73,1
732,abc379_g,0.0000,0.3333,+0.3333,399.7000,73,1
733,3811,0.0000,0.0000,+0.0000,400.7000,73,1
734,abc355_b,1.0000,1.0000,+0.0000,400.7000,73,1
735,2919,0.3333,1.0000,+0.6667,401.3667,73,1
736,abc313_a,1.0000,0.3333,-0.6667,401.3667,73,1
737,abc400_d,0.0000,0.5000,+0.5000,402.3667,73,1
738,abc384_d,0.5000,0.5000,+0.0000,402.8667,73,1
739,3329,0.0000,1.0000,+1.0000,403.8667,73,1
740,abc396_e,0.6667,0.3333,-0.3333,404.2000,74,1
741,3220,0.0000,1.0000,+1.0000,405.2000,74,1
742,3356,1.0000,1.0000,+0.0000,405.2000,74,1
743,arc195_d,0.0000,0.0000,+0.0000,406.2000,74,1
744,abc381_d,0.3333,0.3333,+0.0000,406.8667,74,1
745,3714,0.0000,0.3333,+0.3333,407.8667,74,1
746,abc312_f,0.0000,0.3333,+0.3333,408.8667,74,1
747,3141,1.0000,1.0000,+0.0000,408.8667,74,1
748,abc333_b,0.6667,0.6667,+0.0000,409.2000,74,1
749,abc378_g,0.0000,0.0000,+0.0000,410.2000,74,1
750,abc347_c,1.0000,1.0000,+0.0000,410.2000,75,1
751,2879,0.0000,1.0000,+1.0000,411.2000,75,1
752,3046,0.0000,0.6667,+0.6667,412.2000,75,1
753,abc373_f,1.0000,1.0000,+0.0000,412.2000,75,1
754,arc182_d,0.6667,0.3333,-0.3333,412.5333,75,1
755,3795,0.2500,0.2500,+0.0000,413.2833,75,1
756,2869,1.0000,1.0000,+0.0000,413.2833,75,1
757,abc400_e,1.0000,1.0000,+0.0000,413.2833,75,1
758,3364,0.3333,0.0000,-0.3333,413.9500,75,1
759,abc348_e,0.0000,0.0000,+0.0000,414.9500,75,1
760,3610,1.0000,1.0000,+0.0000,414.9500,76,1
761,abc336_c,0.0000,0.0000,+0.0000,415.9500,76,1
762,abc352_d,0.6667,0.3333,-0.3333,416.2833,76,1
763,arc183_c,0.2500,0.2500,+0.0000,417.0333,76,1
764,3791,0.5000,0.0000,-0.5000,417.5333,76,1
765,3033,0.5000,1.0000,+0.5000,418.0333,76,1
766,abc301_e,0.3333,0.3333,+0.0000,418.7000,76,1
767,abc348_c,1.0000,1.0000,+0.0000,418.7000,76,1
768,abc382_f,0.0000,0.0000,+0.0000,419.7000,76,1
769,abc311_e,0.7500,0.7500,+0.0000,419.9500,76,1
770,3355,1.0000,1.0000,+0.0000,419.9500,77,1
771,3507,1.0000,1.0000,+0.0000,419.9500,77,1
772,3494,0.0000,0.0000,+0.0000,420.9500,77,1
773,abc377_d,0.0000,1.0000,+1.0000,421.9500,77,1
774,3206,1.0000,1.0000,+0.0000,421.9500,77,1
775,arc189_d,0.0000,0.0000,+0.0000,422.9500,77,1
776,abc306_c,0.3333,1.0000,+0.6667,423.6167,77,1
777,3631,0.3333,0.6667,+0.3333,424.2833,77,1
778,3563,1.0000,1.0000,+0.0000,424.2833,77,1
779,3783,1.0000,1.0000,+0.0000,424.2833,77,1
780,abc310_f,0.0000,0.0000,+0.0000,425.2833,78,1
781,abc359_c,0.3333,0.3333,+0.0000,425.9500,78,1
782,abc385_b,0.0000,1.0000,+1.0000,426.9500,78,1
783,abc331_b,0.6667,0.6667,+0.0000,427.2833,78,1
784,3762,0.5000,0.5000,+0.0000,427.7833,78,1
785,2888,1.0000,0.0000,-1.0000,427.7833,78,1
786,abc397_b,0.6667,1.0000,+0.3333,428.1167,78,1
787,2877,1.0000,1.0000,+0.0000,428.1167,78,1
788,abc371_b,1.0000,0.0000,-1.0000,428.1167,78,1
789,abc375_d,0.0000,0.0000,+0.0000,429.1167,78,1
790,2893,0.5000,0.0000,-0.5000,429.6167,79,1
791,1899_C,0.0000,0.0000,+0.0000,430.6167,79,1
792,abc307_d,0.2500,0.2500,+0.0000,431.3667,79,1
793,abc386_f,0.6667,0.3333,-0.3333,431.7000,79,1
794,abc309_c,0.3333,0.3333,+0.0000,432.3667,79,1
795,3450,1.0000,1.0000,+0.0000,432.3667,79,1
796,3460,0.3333,0.0000,-0.3333,433.0333,79,1
797,2791,1.0000,1.0000,+0.0000,433.0333,79,1
798,abc333_a,1.0000,1.0000,+0.0000,433.0333,79,1
799,abc389_f,1.0000,1.0000,+0.0000,433.0333,79,1
800,abc308_d,0.3333,0.3333,+0.0000,433.7000,80,1
801,abc312_e,0.0000,0.0000,+0.0000,434.7000,80,1
802,3183,0.0000,0.0000,+0.0000,435.7000,80,1
803,3337,1.0000,1.0000,+0.0000,435.7000,80,1
804,abc359_a,1.0000,1.0000,+0.0000,435.7000,80,1
805,abc354_a,1.0000,1.0000,+0.0000,435.7000,80,1
806,arc194_e,0.5000,0.5000,+0.0000,436.2000,80,1
807,arc181_d,0.0000,0.0000,+0.0000,437.2000,80,1
808,3567,1.0000,1.0000,+0.0000,437.2000,80,1
809,abc392_d,0.0000,0.0000,+0.0000,438.2000,80,1
810,abc327_d,0.5000,0.2500,-0.2500,438.7000,81,1
811,abc376_a,0.3333,1.0000,+0.6667,439.3667,81,1
812,abc303_d,0.0000,0.0000,+0.0000,440.3667,81,1
813,3570,1.0000,1.0000,+0.0000,440.3667,81,1
814,3768,1.0000,1.0000,+0.0000,440.3667,81,1
815,3721,0.0000,0.0000,+0.0000,441.3667,81,1
816,3594,0.0000,0.3333,+0.3333,442.3667,81,1
817,abc396_d,0.6667,0.0000,-0.6667,442.7000,81,1
818,abc351_e,0.0000,0.0000,+0.0000,443.7000,81,1
819,abc367_a,0.0000,0.0000,+0.0000,444.7000,81,1
820,abc361_c,0.3333,0.3333,+0.0000,445.3667,82,1
821,abc394_a,1.0000,1.0000,+0.0000,445.3667,82,1
822,3262,1.0000,1.0000,+0.0000,445.3667,82,1
823,abc365_d,0.0000,0.0000,+0.0000,446.3667,82,1
824,3379,1.0000,1.0000,+0.0000,446.3667,82,1
825,arc183_a,0.0000,0.0000,+0.0000,447.3667,82,1
826,3196,0.5000,0.5000,+0.0000,447.8667,82,1
827,3193,1.0000,1.0000,+0.0000,447.8667,82,1
828,abc384_c,1.0000,0.0000,-1.0000,447.8667,82,1
829,abc362_a,1.0000,1.0000,+0.0000,447.8667,82,1
830,3789,0.0000,0.0000,+0.0000,448.8667,83,1
831,2891,1.0000,1.0000,+0.0000,448.8667,83,1
832,3388,0.3333,1.0000,+0.6667,449.5333,83,1
833,abc379_e,1.0000,0.0000,-1.0000,449.5333,83,1
834,2999,1.0000,0.5000,-0.5000,449.5333,83,1
835,3760,1.0000,1.0000,+0.0000,449.5333,83,1
836,abc396_b,0.0000,0.0000,+0.0000,450.5333,83,1
837,abc311_c,0.0000,0.3333,+0.3333,451.5333,83,1
838,2876,0.0000,0.0000,+0.0000,452.5333,83,1
839,abc311_b,0.6000,0.2000,-0.4000,452.9333,83,1
840,abc326_d,0.0000,0.5000,+0.5000,453.9333,84,1
841,3781,0.6667,0.6667,+0.0000,454.2667,84,1
842,abc338_c,0.5000,0.0000,-0.5000,454.7667,84,1
843,arc196_b,0.0000,0.0000,+0.0000,455.7667,84,1
844,2785,0.6667,0.0000,-0.6667,456.1000,84,1
845,3383,0.5000,0.5000,+0.0000,456.6000,84,1
846,abc329_f,0.0000,0.0000,+0.0000,457.6000,84,1
847,abc366_b,0.0000,0.0000,+0.0000,458.6000,84,1
848,1873_A,0.0000,0.0000,+0.0000,459.6000,84,1
849,abc362_e,0.0000,0.0000,+0.0000,460.6000,84,1
850,arc184_d,0.5000,0.0000,-0.5000,461.1000,85,1
851,abc363_e,0.0000,0.0000,+0.0000,462.1000,85,1
852,3249,1.0000,1.0000,+0.0000,462.1000,85,1
853,3744,0.0000,0.0000,+0.0000,463.1000,85,1
854,abc340_d,0.6667,0.6667,+0.0000,463.4333,85,1
855,abc390_f,0.0000,0.0000,+0.0000,464.4333,85,1
856,abc303_b,0.3333,0.0000,-0.3333,465.1000,85,1
857,arc190_d,0.0000,0.6667,+0.6667,466.1000,85,1
858,abc398_a,1.0000,1.0000,+0.0000,466.1000,85,1
859,abc372_c,0.0000,0.0000,+0.0000,467.1000,85,1
860,abc325_a,1.0000,1.0000,+0.0000,467.1000,86,1
861,abc370_g,0.0000,0.0000,+0.0000,468.1000,86,1
862,3104,0.0000,0.5000,+0.5000,469.1000,86,1
863,abc357_b,1.0000,0.0000,-1.0000,469.1000,86,1
864,3311,0.0000,0.0000,+0.0000,470.1000,86,1
865,abc384_g,1.0000,1.0000,+0.0000,470.1000,86,1
866,abc356_d,0.3333,0.3333,+0.0000,470.7667,86,1
867,abc393_e,0.0000,0.6667,+0.6667,471.7667,86,1
868,abc377_a,1.0000,1.0000,+0.0000,471.7667,86,1
869,abc377_e,0.3333,0.3333,+0.0000,472.4333,86,1
870,1883_B,1.0000,0.0000,-1.0000,472.4333,87,1
871,arc194_d,0.0000,0.0000,+0.0000,473.4333,87,1
872,3243,0.3333,0.3333,+0.0000,474.1000,87,1
873,abc353_e,0.0000,0.0000,+0.0000,475.1000,87,1
874,3697,0.3333,0.3333,+0.0000,475.7667,87,1
875,3153,1.0000,1.0000,+0.0000,475.7667,87,1
876,abc333_c,0.6667,0.0000,-0.6667,476.1000,87,1
877,abc372_g,0.0000,0.0000,+0.0000,477.1000,87,1
878,abc385_c,0.3333,0.3333,+0.0000,477.7667,87,1
879,arc192_d,0.0000,0.0000,+0.0000,478.7667,87,1
880,abc382_a,0.0000,1.0000,+1.0000,479.7667,88,1
881,3771,0.6667,0.6667,+0.0000,480.1000,88,1
882,3531,0.3333,0.3333,+0.0000,480.7667,88,1
883,3164,1.0000,1.0000,+0.0000,480.7667,88,1
884,abc377_f,0.0000,0.3333,+0.3333,481.7667,88,1
885,abc390_g,0.0000,0.0000,+0.0000,482.7667,88,1
886,2730,0.0000,0.0000,+0.0000,483.7667,88,1
887,abc391_d,0.0000,0.0000,+0.0000,484.7667,88,1
888,3436,1.0000,1.0000,+0.0000,484.7667,88,1
889,abc313_c,0.6667,0.3333,-0.3333,485.1000,88,1
890,abc361_e,0.0000,0.0000,+0.0000,486.1000,89,1
891,3367,1.0000,1.0000,+0.0000,486.1000,89,1
892,abc389_e,0.5000,0.0000,-0.5000,486.6000,89,1
893,abc342_a,1.0000,1.0000,+0.0000,486.6000,89,1
894,abc342_e,0.0000,0.0000,+0.0000,487.6000,89,1
895,3692,0.0000,0.2500,+0.2500,488.6000,89,1
896,3526,1.0000,1.0000,+0.0000,488.6000,89,1
897,abc351_b,1.0000,1.0000,+0.0000,488.6000,89,1
898,3794,0.0000,0.0000,+0.0000,489.6000,89,1
899,arc188_b,1.0000,1.0000,+0.0000,489.6000,89,1
900,3245,1.0000,1.0000,+0.0000,489.6000,90,1
901,abc370_d,0.3333,1.0000,+0.6667,490.2667,90,1
902,3235,0.0000,0.0000,+0.0000,491.2667,90,1
903,3150,1.0000,1.0000,+0.0000,491.2667,90,1
904,abc387_f,0.0000,0.0000,+0.0000,492.2667,90,1
905,2854,0.3333,0.6667,+0.3333,492.9333,90,1
906,abc383_c,0.3333,0.3333,+0.0000,493.6000,90,1
907,3025,0.0000,0.3333,+0.3333,494.6000,90,1
908,3451,1.0000,1.0000,+0.0000,494.6000,90,1
909,abc358_e,0.0000,0.0000,+0.0000,495.6000,90,1
910,3213,1.0000,1.0000,+0.0000,495.6000,91,1
911,abc399_e,0.2500,0.5000,+0.2500,496.3500,91,1
912,3725,1.0000,1.0000,+0.0000,496.3500,91,1
913,abc346_b,0.6667,1.0000,+0.3333,496.6833,91,1
914,3447,1.0000,0.5000,-0.5000,496.6833,91,1
915,abc352_a,1.0000,1.0000,+0.0000,496.6833,91,1
916,3413,0.5000,1.0000,+0.5000,497.1833,91,1
917,abc381_b,1.0000,1.0000,+0.0000,497.1833,91,1
918,abc315_f,0.0000,0.0000,+0.0000,498.1833,91,1
919,abc363_d,0.0000,0.6667,+0.6667,499.1833,91,1
920,3461,0.5000,0.5000,+0.0000,499.6833,92,1
921,abc381_a,0.5000,1.0000,+0.5000,500.1833,92,1
922,abc312_d,0.0000,0.3333,+0.3333,501.1833,92,1
923,3219,0.6667,0.3333,-0.3333,501.5167,92,1
924,abc318_b,1.0000,1.0000,+0.0000,501.5167,92,1
925,3224,0.5000,0.0000,-0.5000,502.0167,92,1
926,3371,1.0000,1.0000,+0.0000,502.0167,92,1
927,abc372_a,1.0000,1.0000,+0.0000,502.0167,92,1
928,abc391_f,1.0000,1.0000,+0.0000,502.0167,92,1
929,abc345_d,0.7500,0.5000,-0.2500,502.2667,92,1
930,abc356_a,1.0000,1.0000,+0.0000,502.2667,93,1
931,arc182_a,0.3333,0.3333,+0.0000,502.9333,93,1
932,abc306_a,1.0000,1.0000,+0.0000,502.9333,93,1
933,abc328_b,0.0000,0.0000,+0.0000,503.9333,93,1
934,abc377_b,1.0000,1.0000,+0.0000,503.9333,93,1
935,abc390_e,0.0000,0.0000,+0.0000,504.9333,93,1
936,3453,0.5000,1.0000,+0.5000,505.4333,93,1
937,abc396_f,1.0000,1.0000,+0.0000,505.4333,93,1
938,abc305_e,0.6667,1.0000,+0.3333,505.7667,93,1
939,2886,1.0000,1.0000,+0.0000,505.7667,93,1
940,abc318_e,0.3333,0.3333,+0.0000,506.4333,94,1
941,abc346_a,1.0000,1.0000,+0.0000,506.4333,94,1
942,abc328_c,1.0000,1.0000,+0.0000,506.4333,94,1
943,3593,1.0000,1.0000,+0.0000,506.4333,94,1
944,2824,1.0000,1.0000,+0.0000,506.4333,94,1
945,3604,0.0000,0.6667,+0.6667,507.4333,94,1
946,abc309_b,0.0000,0.0000,+0.0000,508.4333,94,1
947,2872,0.0000,0.0000,+0.0000,509.4333,94,1
948,abc386_c,0.8333,0.6667,-0.1667,509.6000,94,1
949,abc385_a,0.6667,0.6667,+0.0000,509.9333,94,1
950,3656,0.0000,0.3333,+0.3333,510.9333,95,1
951,abc330_a,1.0000,1.0000,+0.0000,510.9333,95,1
952,3571,0.0000,0.0000,+0.0000,511.9333,95,1
953,abc307_c,0.2500,0.0000,-0.2500,512.6833,95,1
954,3421,1.0000,1.0000,+0.0000,512.6833,95,1
955,3573,0.3333,0.3333,+0.0000,513.3500,95,1
956,abc372_d,0.0000,0.0000,+0.0000,514.3500,95,1
957,abc398_f,0.0000,0.0000,+0.0000,515.3500,95,1
958,abc319_c,0.0000,0.0000,+0.0000,516.3500,95,1
959,abc341_e,0.5000,0.5000,+0.0000,516.8500,95,1
960,3346,0.3333,0.6667,+0.3333,517.5167,96,1
961,3252,1.0000,1.0000,+0.0000,517.5167,96,1
962,abc312_b,0.3333,0.3333,+0.0000,518.1833,96,1
963,abc378_a,1.0000,1.0000,+0.0000,518.1833,96,1
964,abc362_b,1.0000,1.0000,+0.0000,518.1833,96,1
965,3291,0.3333,0.6667,+0.3333,518.8500,96,1
966,arc194_a,0.3333,0.3333,+0.0000,519.5167,96,1
967,abc367_b,1.0000,1.0000,+0.0000,519.5167,96,1
968,2902,1.0000,1.0000,+0.0000,519.5167,96,1
969,abc373_c,1.0000,1.0000,+0.0000,519.5167,96,1
970,3558,1.0000,1.0000,+0.0000,519.5167,97,1
971,abc400_c,0.0000,0.0000,+0.0000,520.5167,97,1
972,abc374_a,1.0000,1.0000,+0.0000,520.5167,97,1
973,abc318_d,0.0000,0.0000,+0.0000,521.5167,97,1
974,3551,0.0000,0.0000,+0.0000,522.5167,97,1
975,abc305_c,0.0000,1.0000,+1.0000,523.5167,97,1
976,abc336_d,0.0000,0.3333,+0.3333,524.5167,97,1
977,abc340_a,1.0000,1.0000,+0.0000,524.5167,97,1
978,3251,1.0000,1.0000,+0.0000,524.5167,97,1
979,abc338_e,0.6667,0.3333,-0.3333,524.8500,97,1
980,3653,0.3333,0.6667,+0.3333,525.5167,98,1
981,abc371_c,0.0000,0.0000,+0.0000,526.5167,98,1
982,3327,0.0000,0.0000,+0.0000,527.5167,98,1
983,abc321_a,1.0000,1.0000,+0.0000,527.5167,98,1
984,abc341_f,0.3333,0.3333,+0.0000,528.1833,98,1
985,3080,0.5000,0.5000,+0.0000,528.6833,98,1
986,abc388_c,0.3333,0.0000,-0.3333,529.3500,98,1
987,abc310_a,1.0000,1.0000,+0.0000,529.3500,98,1
988,3715,0.0000,0.0000,+0.0000,530.3500,98,1
989,2953,1.0000,1.0000,+0.0000,530.3500,98,1
990,abc323_c,0.3333,0.0000,-0.3333,531.0167,99,1
991,abc386_e,1.0000,0.5000,-0.5000,531.0167,99,1
992,abc309_a,0.6667,1.0000,+0.3333,531.3500,99,1
993,3026,0.3333,0.3333,+0.0000,532.0167,99,1
994,2849,0.5000,0.0000,-0.5000,532.5167,99,1
995,2892,0.0000,0.0000,+0.0000,533.5167,99,1
996,abc375_b,0.0000,0.0000,+0.0000,534.5167,99,1
997,abc302_a,0.6667,0.6667,+0.0000,534.8500,99,1
998,3479,0.0000,1.0000,+1.0000,535.8500,99,1
999,abc338_b,1.0000,1.0000,+0.0000,535.8500,99,1
1000,abc387_a,1.0000,1.0000,+0.0000,535.8500,100,1
1001,abc391_a,1.0000,1.0000,+0.0000,535.8500,100,1
1002,abc369_d,0.0000,0.0000,+0.0000,536.8500,100,1
1003,abc370_e,0.0000,0.3333,+0.3333,537.8500,100,1
1004,3648,0.0000,0.0000,+0.0000,538.8500,100,1
1005,abc324_b,1.0000,1.0000,+0.0000,538.8500,100,1
1006,3430,0.0000,0.0000,+0.0000,539.8500,100,1
1007,2952,0.5000,0.5000,+0.0000,540.3500,100,1
1008,abc341_d,1.0000,0.0000,-1.0000,540.3500,100,1
1009,abc397_e,0.0000,0.0000,+0.0000,541.3500,100,1
1010,3731,0.0000,0.0000,+0.0000,542.3500,101,1
1011,3192,1.0000,1.0000,+0.0000,542.3500,101,1
1012,abc363_b,0.3333,1.0000,+0.6667,543.0167,101,1
1013,3374,0.0000,0.0000,+0.0000,544.0167,101,1
1014,abc378_c,0.0000,1.0000,+1.0000,545.0167,101,1
1015,2847,0.0000,0.0000,+0.0000,546.0167,101,1
1016,3608,0.0000,0.0000,+0.0000,547.0167,101,1
1017,abc318_a,1.0000,1.0000,+0.0000,547.0167,101,1
1018,abc366_g,0.2500,0.0000,-0.2500,547.7667,101,1
1019,abc334_b,1.0000,0.3333,-0.6667,547.7667,101,1
1020,3699,0.0000,0.0000,+0.0000,548.7667,102,1
1021,abc337_d,0.2500,0.2500,+0.0000,549.5167,102,1
1022,3045,0.0000,0.0000,+0.0000,550.5167,102,1
1023,abc384_b,1.0000,1.0000,+0.0000,550.5167,102,1
1024,3347,0.0000,0.0000,+0.0000,551.5167,102,1
1025,3776,0.0000,0.0000,+0.0000,552.5167,102,1
1026,3528,1.0000,0.0000,-1.0000,552.5167,102,1
1027,abc352_b,0.0000,0.0000,+0.0000,553.5167,102,1
1028,abc327_c,1.0000,1.0000,+0.0000,553.5167,102,1
1029,3736,1.0000,1.0000,+0.0000,553.5167,102,1
1030,3540,1.0000,1.0000,+0.0000,553.5167,103,1
1031,3690,0.6667,0.6667,+0.0000,553.8500,103,1
1032,abc329_a,1.0000,1.0000,+0.0000,553.8500,103,1
1033,2755,1.0000,1.0000,+0.0000,553.8500,103,1
1034,3442,0.0000,0.0000,+0.0000,554.8500,103,1
1035,abc393_d,0.3333,0.3333,+0.0000,555.5167,103,1
1036,abc354_d,0.0000,0.0000,+0.0000,556.5167,103,1
1037,3632,0.0000,0.0000,+0.0000,557.5167,103,1
1038,abc346_d,0.0000,0.3333,+0.3333,558.5167,103,1
1039,2868,0.0000,0.0000,+0.0000,559.5167,103,1
1040,3717,0.0000,0.5000,+0.5000,560.5167,104,1
1041,3373,1.0000,0.5000,-0.5000,560.5167,104,1
1042,abc354_b,1.0000,1.0000,+0.0000,560.5167,104,1
1043,abc301_b,1.0000,1.0000,+0.0000,560.5167,104,1
1044,2878,0.5000,0.5000,+0.0000,561.0167,104,1
1045,2883,0.6667,0.0000,-0.6667,561.3500,104,1
1046,3620,0.0000,0.0000,+0.0000,562.3500,104,1
1047,3298,0.5000,1.0000,+0.5000,562.8500,104,1
1048,abc304_c,1.0000,1.0000,+0.0000,562.8500,104,1
1049,abc321_b,0.5000,0.7500,+0.2500,563.3500,104,1
1050,3334,0.0000,0.0000,+0.0000,566.8500,105,1
1051,3429,0.0000,0.0000,+0.0000,566.8500,105,1
1052,abc365_c,1.0000,1.0000,+0.0000,566.8500,105,1
1053,2857,0.0000,0.0000,+0.0000,566.8500,105,1
1054,abc308_b,0.5000,0.5000,+0.0000,566.8500,105,1
