step,pred,label,n_icl,correct,cumulative_regret,mem_size
0,7,7,0,1,0.0000,1
1,35,9,1,0,1.0000,1
2,19,19,1,1,1.0000,2
3,45,12,2,0,2.0000,2
4,47,24,2,0,3.0000,2
5,0,29,2,0,4.0000,2
6,19,19,2,1,4.0000,3
7,4,44,3,0,5.0000,3
8,28,22,3,0,6.0000,3
9,27,27,3,1,6.0000,4
10,2,47,3,0,7.0000,4
11,45,44,3,0,8.0000,4
12,19,19,3,1,8.0000,5
13,35,42,3,0,9.0000,5
14,2,47,3,0,10.0000,5
15,35,46,3,0,11.0000,5
16,26,12,3,0,12.0000,5
17,41,41,3,1,12.0000,6
18,36,36,3,1,12.0000,7
19,2,26,3,0,13.0000,7
20,14,26,3,0,14.0000,7
21,35,35,3,1,14.0000,8
22,40,40,3,1,14.0000,9
23,0,34,3,0,15.0000,9
24,0,13,3,0,16.0000,9
25,27,15,3,0,17.0000,9
26,32,30,3,0,18.0000,9
27,22,2,3,0,19.0000,9
28,1,1,3,1,19.0000,10
29,48,18,3,0,20.0000,10
30,36,41,3,0,21.0000,10
31,6,6,3,1,21.0000,11
32,44,15,3,0,22.0000,11
33,7,40,3,0,23.0000,11
34,44,15,3,0,24.0000,11
35,35,35,3,1,24.0000,12
36,3,3,3,1,24.0000,13
37,5,5,3,1,24.0000,14
38,0,11,3,0,25.0000,14
39,28,32,3,0,26.0000,14
40,5,16,3,0,27.0000,14
41,47,15,3,0,28.0000,14
42,35,35,3,1,28.0000,15
43,45,24,3,0,29.0000,15
44,19,19,3,1,29.0000,16
45,35,46,3,0,30.0000,16
46,2,2,3,1,30.0000,17
47,19,19,3,1,30.0000,18
48,27,25,3,0,31.0000,18
49,28,22,3,0,32.0000,18
50,7,40,3,0,33.0000,18
51,27,27,3,1,33.0000,19
52,19,19,3,1,33.0000,20
53,14,26,3,0,34.0000,20
54,47,13,3,0,35.0000,20
55,37,37,3,1,35.0000,21
56,47,44,3,0,36.0000,21
57,3,3,3,1,36.0000,22
58,35,46,3,0,37.0000,22
59,21,26,3,0,38.0000,22
60,2,2,3,1,38.0000,23
61,28,28,3,1,38.0000,24
62,8,8,3,1,38.0000,25
63,0,11,3,0,39.0000,25
64,0,38,3,0,40.0000,25
65,47,45,3,0,41.0000,25
66,6,6,3,1,41.0000,26
67,47,45,3,0,42.0000,26
68,1,1,3,1,42.0000,27
69,27,25,3,0,43.0000,27
70,27,25,3,0,44.0000,27
71,6,6,3,1,44.0000,28
72,35,41,3,0,45.0000,28
73,28,22,3,0,46.0000,28
74,27,25,3,0,47.0000,28
75,8,8,3,1,47.0000,29
76,35,9,3,0,48.0000,29
77,35,9,3,0,49.0000,29
78,33,38,3,0,50.0000,29
79,35,43,3,0,51.0000,29
80,35,46,3,0,52.0000,29
81,5,45,3,0,53.0000,29
82,47,24,3,0,54.0000,29
83,17,17,3,1,54.0000,30
84,6,38,3,0,55.0000,30
85,6,6,3,1,55.0000,31
86,3,3,3,1,55.0000,32
87,47,45,3,0,56.0000,32
88,0,31,3,0,57.0000,32
89,35,43,3,0,58.0000,32
90,32,15,3,0,59.0000,32
91,44,10,3,0,60.0000,32
92,35,43,3,0,61.0000,32
93,4,4,3,1,61.0000,33
94,9,9,3,1,61.0000,34
95,35,43,3,0,62.0000,34
96,0,37,3,0,63.0000,34
97,0,29,3,0,64.0000,34
98,7,7,3,1,64.0000,35
99,8,8,3,1,64.0000,36
100,18,18,3,1,64.0000,37
101,36,36,3,1,64.0000,38
102,4,4,3,1,64.0000,39
103,14,14,3,1,64.0000,40
104,21,21,3,1,64.0000,41
105,37,37,3,1,64.0000,42
106,19,19,3,1,64.0000,43
107,7,40,3,0,65.0000,43
108,35,46,3,0,66.0000,43
109,2,2,3,1,66.0000,44
110,7,7,3,1,66.0000,45
111,5,16,3,0,67.0000,45
112,47,23,3,0,68.0000,45
113,1,39,3,0,69.0000,45
114,22,22,3,1,69.0000,46
115,32,30,3,0,70.0000,46
116,35,35,3,1,70.0000,47
117,5,45,3,0,71.0000,47
118,0,29,3,0,72.0000,47
119,14,48,3,0,73.0000,47
120,21,21,3,1,73.0000,48
121,0,13,3,0,74.0000,48
122,35,35,3,1,74.0000,49
123,0,13,3,0,75.0000,49
124,35,35,3,1,75.0000,50
125,33,33,3,1,75.0000,51
126,0,29,3,0,76.0000,51
127,27,27,3,1,76.0000,52
128,0,42,3,0,77.0000,52
129,21,21,3,1,77.0000,53
130,14,26,3,0,78.0000,53
131,44,34,3,0,79.0000,53
132,1,1,3,1,79.0000,54
133,32,32,3,1,79.0000,55
134,0,34,3,0,80.0000,55
135,47,45,3,0,81.0000,55
136,35,9,3,0,82.0000,55
137,27,27,3,1,82.0000,56
138,3,3,3,1,82.0000,57
139,5,17,3,0,83.0000,57
140,35,35,3,1,83.0000,58
141,5,5,3,1,83.0000,59
142,27,47,3,0,84.0000,59
143,4,4,3,1,84.0000,60
144,0,37,3,0,85.0000,60
145,27,39,3,0,86.0000,60
146,41,41,3,1,86.0000,61
147,7,7,3,1,86.0000,62
148,20,47,3,0,87.0000,62
149,37,42,3,0,88.0000,62
150,35,46,3,0,89.0000,62
151,8,8,3,1,89.0000,63
152,4,24,3,0,90.0000,63
153,5,16,3,0,91.0000,63
154,31,31,3,1,91.0000,64
155,4,4,3,1,91.0000,65
156,5,5,3,1,91.0000,66
157,7,40,3,0,92.0000,66
158,28,28,3,1,92.0000,67
159,35,35,3,1,92.0000,68
160,19,19,3,1,92.0000,69
161,0,0,3,1,92.0000,70
162,3,3,3,1,92.0000,71
163,2,26,3,0,93.0000,71
164,1,1,3,1,93.0000,72
165,48,18,3,0,94.0000,72
166,17,17,3,1,94.0000,73
167,35,46,3,0,95.0000,73
168,37,37,3,1,95.0000,74
169,37,42,3,0,96.0000,74
170,37,37,3,1,96.0000,75
171,27,2,3,0,97.0000,75
172,14,14,3,1,97.0000,76
173,33,33,3,1,97.0000,77
174,5,5,3,1,97.0000,78
175,33,38,3,0,98.0000,78
176,7,40,3,0,99.0000,78
177,23,23,3,1,99.0000,79
178,19,19,3,1,99.0000,80
179,9,30,3,0,100.0000,80
180,24,15,3,0,101.0000,80
181,0,0,3,1,101.0000,81
182,5,16,3,0,102.0000,81
183,28,28,3,1,102.0000,82
184,32,30,3,0,103.0000,82
185,22,22,3,1,103.0000,83
186,4,47,3,0,104.0000,83
187,41,41,3,1,104.0000,84
188,33,33,3,1,104.0000,85
189,19,19,3,1,104.0000,86
190,0,0,3,1,104.0000,87
191,47,45,3,0,105.0000,87
192,32,32,3,1,105.0000,88
193,3,3,3,1,105.0000,89
194,20,20,3,1,105.0000,90
195,4,15,3,0,106.0000,90
196,5,5,3,1,106.0000,91
197,47,24,3,0,107.0000,91
198,5,16,3,0,108.0000,91
199,48,48,3,1,108.0000,92
200,3,3,3,1,108.0000,93
201,0,13,3,0,109.0000,93
202,33,33,3,1,109.0000,94
203,4,4,3,1,109.0000,95
204,5,45,3,0,110.0000,95
205,20,20,3,1,110.0000,96
206,45,34,3,0,111.0000,96
207,32,30,3,0,112.0000,96
208,32,30,3,0,113.0000,96
209,27,25,3,0,114.0000,96
210,4,4,3,1,114.0000,97
211,8,8,3,1,114.0000,98
212,6,6,3,1,114.0000,99
213,33,29,3,0,115.0000,99
214,36,36,3,1,115.0000,100
215,35,10,3,0,116.0000,100
216,48,48,3,1,116.0000,101
217,7,40,3,0,117.0000,101
218,28,28,3,1,117.0000,102
219,18,18,3,1,117.0000,103
220,0,0,3,1,117.0000,104
221,7,40,3,0,118.0000,104
222,14,12,3,0,119.0000,104
223,48,48,3,1,119.0000,105
224,2,2,3,1,119.0000,106
225,44,39,3,0,120.0000,106
226,36,36,3,1,120.0000,107
227,27,25,3,0,121.0000,107
228,18,18,3,1,121.0000,108
229,7,15,3,0,122.0000,108
230,35,46,3,0,123.0000,108
231,32,32,3,1,123.0000,109
232,37,34,3,0,124.0000,109
233,33,33,3,1,124.0000,110
234,0,34,3,0,125.0000,110
235,35,43,3,0,126.0000,110
236,33,38,3,0,127.0000,110
237,35,10,3,0,128.0000,110
238,33,38,3,0,129.0000,110
239,1,1,3,1,129.0000,111
240,18,18,3,1,129.0000,112
241,5,16,3,0,130.0000,112
242,36,36,3,1,130.0000,113
243,47,23,3,0,131.0000,113
244,33,38,3,0,132.0000,113
245,2,26,3,0,133.0000,113
246,35,35,3,1,133.0000,114
247,21,21,3,1,133.0000,115
248,35,43,3,0,134.0000,115
249,19,19,3,1,134.0000,116
250,14,26,3,0,135.0000,116
251,19,19,3,1,135.0000,117
252,0,0,3,1,135.0000,118
253,21,25,3,0,136.0000,118
254,7,40,3,0,137.0000,118
255,33,29,3,0,138.0000,118
256,47,24,3,0,139.0000,118
257,41,41,3,1,139.0000,119
258,35,9,3,0,140.0000,119
259,36,36,3,1,140.0000,120
260,33,33,3,1,140.0000,121
261,0,0,3,1,140.0000,122
262,2,26,3,0,141.0000,122
263,6,6,3,1,141.0000,123
264,2,2,3,1,141.0000,124
265,33,29,3,0,142.0000,124
266,35,10,3,0,143.0000,124
267,0,25,3,0,144.0000,124
268,35,35,3,1,144.0000,125
269,7,7,3,1,144.0000,126
270,18,18,3,1,144.0000,127
271,47,23,3,0,145.0000,127
272,27,27,3,1,145.0000,128
273,28,22,3,0,146.0000,128
274,17,17,3,1,146.0000,129
275,32,32,3,1,146.0000,130
276,14,48,3,0,147.0000,130
277,36,36,3,1,147.0000,131
278,1,1,3,1,147.0000,132
279,22,22,3,1,147.0000,133
280,32,32,3,1,147.0000,134
281,35,46,3,0,148.0000,134
282,0,0,3,1,148.0000,135
283,4,47,3,0,149.0000,135
284,4,4,3,1,149.0000,136
285,47,23,3,0,150.0000,136
286,17,17,3,1,150.0000,137
287,1,1,3,1,150.0000,138
288,14,12,3,0,151.0000,138
289,20,20,3,1,151.0000,139
290,32,30,3,0,152.0000,139
291,20,47,3,0,153.0000,139
292,41,41,3,1,153.0000,140
293,47,47,3,1,153.0000,141
294,21,10,3,0,154.0000,141
295,35,9,3,0,155.0000,141
296,23,23,3,1,155.0000,142
297,35,35,3,1,155.0000,143
298,21,31,3,0,156.0000,143
299,6,6,3,1,156.0000,144
300,32,32,3,1,156.0000,145
301,4,4,3,1,156.0000,146
302,48,48,3,1,156.0000,147
303,8,8,3,1,156.0000,148
304,45,45,3,1,156.0000,149
305,21,26,3,0,157.0000,149
306,41,41,3,1,157.0000,150
307,19,19,3,1,157.0000,151
308,8,8,3,1,157.0000,152
309,45,24,3,0,158.0000,152
310,41,41,3,1,158.0000,153
311,41,41,3,1,158.0000,154
312,48,48,3,1,158.0000,155
313,0,39,3,0,159.0000,155
314,31,31,3,1,159.0000,156
315,26,44,3,0,160.0000,156
316,20,20,3,1,160.0000,157
317,20,20,3,1,160.0000,158
318,0,11,3,0,161.0000,158
319,10,10,3,1,161.0000,159
320,41,41,3,1,161.0000,160
321,6,6,3,1,161.0000,161
322,37,37,3,1,161.0000,162
323,35,35,3,1,161.0000,163
324,0,11,3,0,162.0000,163
325,2,2,3,1,162.0000,164
326,44,10,3,0,163.0000,164
327,0,0,3,1,163.0000,165
328,36,36,3,1,163.0000,166
329,36,36,3,1,163.0000,167
330,37,42,3,0,164.0000,167
331,5,5,3,1,164.0000,168
332,5,5,3,1,164.0000,169
333,20,20,3,1,164.0000,170
334,14,14,3,1,164.0000,171
335,0,11,3,0,165.0000,171
336,35,43,3,0,166.0000,171
337,32,30,3,0,167.0000,171
338,48,18,3,0,168.0000,171
339,1,1,3,1,168.0000,172
340,47,47,3,1,168.0000,173
341,7,40,3,0,169.0000,173
342,10,10,3,1,169.0000,174
343,3,3,3,1,169.0000,175
344,28,28,3,1,169.0000,176
345,3,3,3,1,169.0000,177
346,6,6,3,1,169.0000,178
347,4,4,3,1,169.0000,179
348,45,12,3,0,170.0000,179
349,45,45,3,1,170.0000,180
350,0,0,3,1,170.0000,181
351,14,14,3,1,170.0000,182
352,18,18,3,1,170.0000,183
353,14,14,3,1,170.0000,184
354,0,13,3,0,171.0000,184
355,7,40,3,0,172.0000,184
356,1,1,3,1,172.0000,185
357,35,9,3,0,173.0000,185
358,14,14,3,1,173.0000,186
359,5,5,3,1,173.0000,187
360,14,48,3,0,174.0000,187
361,0,13,3,0,175.0000,187
362,5,45,3,0,176.0000,187
363,14,14,3,1,176.0000,188
364,45,24,3,0,177.0000,188
365,41,41,3,1,177.0000,189
366,24,15,3,0,178.0000,189
367,1,1,3,1,178.0000,190
368,33,29,3,0,179.0000,190
369,10,10,3,1,179.0000,191
370,7,7,3,1,179.0000,192
371,32,29,3,0,180.0000,192
372,47,47,3,1,180.0000,193
373,21,21,3,1,180.0000,194
374,45,45,3,1,180.0000,195
375,47,44,3,0,181.0000,195
376,4,4,3,1,181.0000,196
377,0,25,3,0,182.0000,196
378,0,44,3,0,183.0000,196
379,20,20,3,1,183.0000,197
380,3,3,3,1,183.0000,198
381,5,5,3,1,183.0000,199
382,5,16,3,0,184.0000,199
383,20,20,3,1,184.0000,200
384,0,0,3,1,184.0000,201
385,10,10,3,1,184.0000,202
386,24,15,3,0,185.0000,202
387,48,44,3,0,186.0000,202
388,20,20,3,1,186.0000,203
389,5,16,3,0,187.0000,203
390,3,3,3,1,187.0000,204
391,37,37,3,1,187.0000,205
392,36,42,3,0,188.0000,205
393,48,44,3,0,189.0000,205
394,0,0,3,1,189.0000,206
395,19,19,3,1,189.0000,207
396,3,3,3,1,189.0000,208
397,1,39,3,0,190.0000,208
398,27,27,3,1,190.0000,209
399,48,48,3,1,190.0000,210
400,5,16,3,0,191.0000,210
401,35,46,3,0,192.0000,210
402,37,34,3,0,193.0000,210
403,37,44,3,0,194.0000,210
404,45,45,3,1,194.0000,211
405,22,22,3,1,194.0000,212
406,18,18,3,1,194.0000,213
407,45,24,3,0,195.0000,213
408,19,19,3,1,195.0000,214
409,6,6,3,1,195.0000,215
410,1,39,3,0,196.0000,215
411,14,48,3,0,197.0000,215
412,35,35,3,1,197.0000,216
413,0,0,3,1,197.0000,217
414,35,46,3,0,198.0000,217
415,1,1,3,1,198.0000,218
416,14,12,3,0,199.0000,218
417,35,35,3,1,199.0000,219
418,45,45,3,1,199.0000,220
419,35,35,3,1,199.0000,221
420,23,23,3,1,199.0000,222
421,35,46,3,0,200.0000,222
422,48,18,3,0,201.0000,222
423,7,7,3,1,201.0000,223
424,6,6,3,1,201.0000,224
425,35,46,3,0,202.0000,224
426,0,34,3,0,203.0000,224
427,45,24,3,0,204.0000,224
428,31,31,3,1,204.0000,225
429,2,2,3,1,204.0000,226
430,19,19,3,1,204.0000,227
431,23,23,3,1,204.0000,228
432,35,46,3,0,205.0000,228
433,37,37,3,1,205.0000,229
434,33,33,3,1,205.0000,230
435,36,42,3,0,206.0000,230
436,6,6,3,1,206.0000,231
437,9,9,3,1,206.0000,232
438,7,40,3,0,207.0000,232
439,33,38,3,0,208.0000,232
440,48,48,3,1,208.0000,233
441,48,48,3,1,208.0000,234
442,5,16,3,0,209.0000,234
443,28,28,3,1,209.0000,235
444,35,42,3,0,210.0000,235
445,0,34,3,0,211.0000,235
446,17,17,3,1,211.0000,236
447,1,1,3,1,211.0000,237
448,3,3,3,1,211.0000,238
449,33,33,3,1,211.0000,239
450,9,9,3,1,211.0000,240
451,34,42,3,0,212.0000,240
452,47,47,3,1,212.0000,241
453,10,10,3,1,212.0000,242
454,37,37,3,1,212.0000,243
455,0,0,3,1,212.0000,244
456,45,45,3,1,212.0000,245
457,35,42,3,0,213.0000,245
458,35,35,3,1,213.0000,246
459,9,9,3,1,213.0000,247
460,4,4,3,1,213.0000,248
461,5,5,3,1,213.0000,249
462,45,24,3,0,214.0000,249
463,33,38,3,0,215.0000,249
464,47,47,3,1,215.0000,250
465,0,25,3,0,216.0000,250
466,6,6,3,1,216.0000,251
467,33,29,3,0,217.0000,251
468,37,42,3,0,218.0000,251
469,2,2,3,1,218.0000,252
470,40,40,3,1,218.0000,253
471,3,3,3,1,218.0000,254
472,0,11,3,0,219.0000,254
473,41,41,3,1,219.0000,255
474,23,23,3,1,219.0000,256
475,22,22,3,1,219.0000,257
476,19,19,3,1,219.0000,258
477,8,8,3,1,219.0000,259
478,19,19,3,1,219.0000,260
479,17,17,3,1,219.0000,261
480,32,32,3,1,219.0000,262
481,2,2,3,1,219.0000,263
482,36,42,3,0,220.0000,263
483,35,46,3,0,221.0000,263
484,33,33,3,1,221.0000,264
485,20,20,3,1,221.0000,265
486,45,15,3,0,222.0000,265
487,21,26,3,0,223.0000,265
488,5,5,3,1,223.0000,266
489,14,26,3,0,224.0000,266
490,36,42,3,0,225.0000,266
491,33,38,3,0,226.0000,266
492,2,26,3,0,227.0000,266
493,18,12,3,0,228.0000,266
494,7,7,3,1,228.0000,267
495,10,10,3,1,228.0000,268
496,33,33,3,1,228.0000,269
497,48,18,3,0,229.0000,269
498,20,20,3,1,229.0000,270
499,5,16,3,0,230.0000,270
500,21,21,3,1,230.0000,271
501,0,11,3,0,231.0000,271
502,1,39,3,0,232.0000,271
503,45,24,3,0,233.0000,271
504,0,11,3,0,234.0000,271
505,0,0,3,1,234.0000,272
506,18,18,3,1,234.0000,273
507,1,1,3,1,234.0000,274
508,45,15,3,0,235.0000,274
509,0,0,3,1,235.0000,275
510,35,46,3,0,236.0000,275
511,44,44,3,1,236.0000,276
512,41,41,3,1,236.0000,277
513,8,8,3,1,236.0000,278
514,40,40,3,1,236.0000,279
515,5,5,3,1,236.0000,280
516,3,3,3,1,236.0000,281
517,28,28,3,1,236.0000,282
518,40,40,3,1,236.0000,283
519,18,18,3,1,236.0000,284
520,37,37,3,1,236.0000,285
521,19,19,3,1,236.0000,286
522,23,23,3,1,236.0000,287
523,24,24,3,1,236.0000,288
524,40,40,3,1,236.0000,289
525,17,17,3,1,236.0000,290
526,27,2,3,0,237.0000,290
527,33,33,3,1,237.0000,291
528,4,4,3,1,237.0000,292
529,32,30,3,0,238.0000,292
530,35,43,3,0,239.0000,292
531,22,22,3,1,239.0000,293
532,44,34,3,0,240.0000,293
533,4,4,3,1,240.0000,294
534,1,1,3,1,240.0000,295
535,32,30,3,0,241.0000,295
536,45,12,3,0,242.0000,295
537,45,45,3,1,242.0000,296
538,5,16,3,0,243.0000,296
539,14,14,3,1,243.0000,297
540,35,35,3,1,243.0000,298
541,32,32,3,1,243.0000,299
542,4,11,3,0,244.0000,299
543,28,28,3,1,244.0000,300
544,37,34,3,0,245.0000,300
545,35,35,3,1,245.0000,301
546,41,41,3,1,245.0000,302
547,37,37,3,1,245.0000,303
548,14,14,3,1,245.0000,304
549,35,35,3,1,245.0000,305
550,0,26,3,0,246.0000,305
551,31,31,3,1,246.0000,306
552,6,6,3,1,246.0000,307
553,20,20,3,1,246.0000,308
554,5,5,3,1,246.0000,309
555,6,6,3,1,246.0000,310
556,35,46,3,0,247.0000,310
557,48,48,3,1,247.0000,311
558,22,22,3,1,247.0000,312
559,22,22,3,1,247.0000,313
560,35,46,3,0,248.0000,313
561,33,29,3,0,249.0000,313
562,33,33,3,1,249.0000,314
563,14,14,3,1,249.0000,315
564,33,33,3,1,249.0000,316
565,3,3,3,1,249.0000,317
566,45,45,3,1,249.0000,318
567,27,25,3,0,250.0000,318
568,3,3,3,1,250.0000,319
569,8,8,3,1,250.0000,320
570,0,29,3,0,251.0000,320
571,32,30,3,0,252.0000,320
572,1,1,3,1,252.0000,321
573,35,43,3,0,253.0000,321
574,19,19,3,1,253.0000,322
575,32,32,3,1,253.0000,323
576,36,42,3,0,254.0000,323
577,36,36,3,1,254.0000,324
578,28,28,3,1,254.0000,325
579,14,26,3,0,255.0000,325
580,47,47,3,1,255.0000,326
581,45,45,3,1,255.0000,327
582,45,12,3,0,256.0000,327
583,48,48,3,1,256.0000,328
584,45,24,3,0,257.0000,328
585,0,34,3,0,258.0000,328
586,33,29,3,0,259.0000,328
587,17,17,3,1,259.0000,329
588,0,13,3,0,260.0000,329
589,4,4,3,1,260.0000,330
590,45,24,3,0,261.0000,330
591,0,13,3,0,262.0000,330
592,5,5,3,1,262.0000,331
593,0,13,3,0,263.0000,331
594,48,48,3,1,263.0000,332
595,47,47,3,1,263.0000,333
596,1,1,3,1,263.0000,334
597,32,15,3,0,264.0000,334
598,23,23,3,1,264.0000,335
599,14,26,3,0,265.0000,335
600,22,22,3,1,265.0000,336
601,27,27,3,1,265.0000,337
602,31,31,3,1,265.0000,338
603,28,28,3,1,265.0000,339
604,32,30,3,0,266.0000,339
605,45,13,3,0,267.0000,339
606,48,48,3,1,267.0000,340
607,0,11,3,0,268.0000,340
608,2,2,3,1,268.0000,341
609,27,25,3,0,269.0000,341
610,8,8,3,1,269.0000,342
611,45,24,3,0,270.0000,342
612,3,3,3,1,270.0000,343
613,27,27,3,1,270.0000,344
614,8,8,3,1,270.0000,345
615,21,21,3,1,270.0000,346
616,36,42,3,0,271.0000,346
617,1,1,3,1,271.0000,347
618,19,19,3,1,271.0000,348
619,33,29,3,0,272.0000,348
620,14,14,3,1,272.0000,349
621,0,0,3,1,272.0000,350
622,33,38,3,0,273.0000,350
623,23,25,3,0,274.0000,350
624,33,29,3,0,275.0000,350
625,31,21,3,0,276.0000,350
626,31,31,3,1,276.0000,351
627,32,30,3,0,277.0000,351
628,32,39,3,0,278.0000,351
629,36,36,3,1,278.0000,352
630,14,26,3,0,279.0000,352
631,41,41,3,1,279.0000,353
632,4,4,3,1,279.0000,354
633,23,23,3,1,279.0000,355
634,0,0,3,1,279.0000,356
635,28,28,3,1,279.0000,357
636,0,13,3,0,280.0000,357
637,47,2,3,0,281.0000,357
638,35,43,3,0,282.0000,357
639,9,9,3,1,282.0000,358
640,41,41,3,1,282.0000,359
641,0,11,3,0,283.0000,359
642,5,17,3,0,284.0000,359
643,20,20,3,1,284.0000,360
644,45,15,3,0,285.0000,360
645,18,18,3,1,285.0000,361
646,0,13,3,0,286.0000,361
647,33,38,3,0,287.0000,361
648,19,19,3,1,287.0000,362
649,35,43,3,0,288.0000,362
650,33,33,3,1,288.0000,363
651,32,32,3,1,288.0000,364
652,32,32,3,1,288.0000,365
653,14,26,3,0,289.0000,365
654,40,40,3,1,289.0000,366
655,14,48,3,0,290.0000,366
656,0,0,3,1,290.0000,367
657,0,38,3,0,291.0000,367
658,33,38,3,0,292.0000,367
659,27,38,3,0,293.0000,367
660,5,16,3,0,294.0000,367
661,10,10,3,1,294.0000,368
662,0,30,3,0,295.0000,368
663,1,1,3,1,295.0000,369
664,6,6,3,1,295.0000,370
665,41,41,3,1,295.0000,371
666,10,10,3,1,295.0000,372
667,18,18,3,1,295.0000,373
668,1,1,3,1,295.0000,374
669,20,20,3,1,295.0000,375
670,35,35,3,1,295.0000,376
671,33,33,3,1,295.0000,377
672,21,21,3,1,295.0000,378
673,3,3,3,1,295.0000,379
674,35,42,3,0,296.0000,379
675,0,0,3,1,296.0000,380
676,0,38,3,0,297.0000,380
677,47,47,3,1,297.0000,381
678,31,31,3,1,297.0000,382
679,14,14,3,1,297.0000,383
680,14,26,3,0,298.0000,383
681,32,32,3,1,298.0000,384
682,36,36,3,1,298.0000,385
683,4,4,3,1,298.0000,386
684,36,36,3,1,298.0000,387
685,27,27,3,1,298.0000,388
686,21,21,3,1,298.0000,389
687,24,24,3,1,298.0000,390
688,48,48,3,1,298.0000,391
689,32,32,3,1,298.0000,392
690,32,32,3,1,298.0000,393
691,35,46,3,0,299.0000,393
692,1,1,3,1,299.0000,394
693,47,47,3,1,299.0000,395
694,5,16,3,0,300.0000,395
695,28,28,3,1,300.0000,396
696,1,39,3,0,301.0000,396
697,37,37,3,1,301.0000,397
698,4,4,3,1,301.0000,398
699,0,13,3,0,302.0000,398
700,6,6,3,1,302.0000,399
701,33,33,3,1,302.0000,400
702,14,14,3,1,302.0000,401
703,32,30,3,0,303.0000,401
704,7,40,3,0,304.0000,401
705,27,27,3,1,304.0000,402
706,44,44,3,1,304.0000,403
707,45,12,3,0,305.0000,403
708,32,32,3,1,305.0000,404
709,30,9,3,0,306.0000,404
710,44,44,3,1,306.0000,405
711,2,2,3,1,306.0000,406
712,21,21,3,1,306.0000,407
713,24,24,3,1,306.0000,408
714,41,41,3,1,306.0000,409
715,24,24,3,1,306.0000,410
716,7,7,3,1,306.0000,411
717,0,11,3,0,307.0000,411
718,3,3,3,1,307.0000,412
719,10,10,3,1,307.0000,413
720,0,26,3,0,308.0000,413
721,10,10,3,1,308.0000,414
722,21,21,3,1,308.0000,415
723,25,25,3,1,308.0000,416
724,35,46,3,0,309.0000,416
725,28,28,3,1,309.0000,417
726,0,13,3,0,310.0000,417
727,5,16,3,0,311.0000,417
728,0,39,3,0,312.0000,417
729,33,38,3,0,313.0000,417
730,31,31,3,1,313.0000,418
731,7,7,3,1,313.0000,419
732,37,37,3,1,313.0000,420
733,4,4,3,1,313.0000,421
734,47,47,3,1,313.0000,422
735,1,39,3,0,314.0000,422
736,18,18,3,1,314.0000,423
737,18,18,3,1,314.0000,424
738,32,32,3,1,314.0000,425
739,35,34,3,0,315.0000,425
740,35,35,3,1,315.0000,426
741,14,14,3,1,315.0000,427
742,4,34,3,0,316.0000,427
743,14,14,3,1,316.0000,428
744,2,2,3,1,316.0000,429
745,14,14,3,1,316.0000,430
746,6,6,3,1,316.0000,431
747,27,27,3,1,316.0000,432
748,41,41,3,1,316.0000,433
749,35,43,3,0,317.0000,433
750,14,14,3,1,317.0000,434
751,1,39,3,0,318.0000,434
752,6,6,3,1,318.0000,435
753,22,22,3,1,318.0000,436
754,28,28,3,1,318.0000,437
755,6,6,3,1,318.0000,438
756,23,23,3,1,318.0000,439
757,1,39,3,0,319.0000,439
758,17,17,3,1,319.0000,440
759,17,17,3,1,319.0000,441
760,36,36,3,1,319.0000,442
761,24,15,3,0,320.0000,442
762,0,11,3,0,321.0000,442
763,32,30,3,0,322.0000,442
764,2,2,3,1,322.0000,443
765,7,7,3,1,322.0000,444
766,25,25,3,1,322.0000,445
767,4,4,3,1,322.0000,446
768,10,10,3,1,322.0000,447
769,1,39,3,0,323.0000,447
770,37,37,3,1,323.0000,448
771,18,18,3,1,323.0000,449
772,0,39,3,0,324.0000,449
773,0,13,3,0,325.0000,449
774,24,24,3,1,325.0000,450
775,21,21,3,1,325.0000,451
776,35,43,3,0,326.0000,451
777,25,25,3,1,326.0000,452
778,48,48,3,1,326.0000,453
779,47,47,3,1,326.0000,454
780,37,37,3,1,326.0000,455
781,48,18,3,0,327.0000,455
782,47,24,3,0,328.0000,455
783,35,43,3,0,329.0000,455
784,6,6,3,1,329.0000,456
785,20,20,3,1,329.0000,457
786,1,39,3,0,330.0000,457
787,32,15,3,0,331.0000,457
788,0,34,3,0,332.0000,457
789,31,31,3,1,332.0000,458
790,18,18,3,1,332.0000,459
791,19,19,3,1,332.0000,460
792,0,13,3,0,333.0000,460
793,7,7,3,1,333.0000,461
794,24,24,3,1,333.0000,462
795,37,37,3,1,333.0000,463
796,9,9,3,1,333.0000,464
797,27,27,3,1,333.0000,465
798,5,16,3,0,334.0000,465
799,35,42,3,0,335.0000,465
800,0,0,3,1,335.0000,466
801,18,12,3,0,336.0000,466
802,7,40,3,0,337.0000,466
803,36,42,3,0,338.0000,466
804,48,15,3,0,339.0000,466
805,31,31,3,1,339.0000,467
806,45,34,3,0,340.0000,467
807,9,9,3,1,340.0000,468
808,34,34,3,1,340.0000,469
809,0,0,3,1,340.0000,470
810,1,39,3,0,341.0000,470
811,32,32,3,1,341.0000,471
812,14,26,3,0,342.0000,471
813,3,3,3,1,342.0000,472
814,21,21,3,1,342.0000,473
815,23,23,3,1,342.0000,474
816,14,14,3,1,342.0000,475
817,0,34,3,0,343.0000,475
818,5,16,3,0,344.0000,475
819,0,0,3,1,344.0000,476
820,31,31,3,1,344.0000,477
821,8,8,3,1,344.0000,478
822,45,45,3,1,344.0000,479
823,5,16,3,0,345.0000,479
824,35,43,3,0,346.0000,479
825,8,8,3,1,346.0000,480
826,28,28,3,1,346.0000,481
827,32,32,3,1,346.0000,482
828,47,47,3,1,346.0000,483
829,8,8,3,1,346.0000,484
830,45,12,3,0,347.0000,484
831,9,9,3,1,347.0000,485
832,8,8,3,1,347.0000,486
833,21,21,3,1,347.0000,487
834,5,6,3,0,348.0000,487
835,23,23,3,1,348.0000,488
836,7,7,3,1,348.0000,489
837,6,6,3,1,348.0000,490
838,0,15,3,0,349.0000,490
839,35,43,3,0,350.0000,490
840,21,21,3,1,350.0000,491
841,9,9,3,1,350.0000,492
842,32,32,3,1,350.0000,493
843,28,28,3,1,350.0000,494
844,37,37,3,1,350.0000,495
845,19,19,3,1,350.0000,496
846,2,26,3,0,351.0000,496
847,48,18,3,0,352.0000,496
848,10,10,3,1,352.0000,497
849,44,44,3,1,352.0000,498
850,47,47,3,1,352.0000,499
851,21,21,3,1,352.0000,500
852,37,37,3,1,352.0000,501
853,20,20,3,1,352.0000,502
854,45,12,3,0,353.0000,502
855,27,2,3,0,354.0000,502
856,37,37,3,1,354.0000,503
857,28,28,3,1,354.0000,504
858,9,9,3,1,354.0000,505
859,5,5,3,1,354.0000,506
860,47,47,3,1,354.0000,507
861,0,13,3,0,355.0000,507
862,36,36,3,1,355.0000,508
863,32,30,3,0,356.0000,508
864,5,16,3,0,357.0000,508
865,17,17,3,1,357.0000,509
866,25,25,3,1,357.0000,510
867,35,46,3,0,358.0000,510
868,33,33,3,1,358.0000,511
869,32,32,3,1,358.0000,512
870,6,6,3,1,358.0000,513
871,41,41,3,1,358.0000,514
872,47,47,3,1,358.0000,515
873,36,36,3,1,358.0000,516
874,0,0,3,1,358.0000,517
875,34,34,3,1,358.0000,518
876,31,31,3,1,358.0000,519
877,44,15,3,0,359.0000,519
878,5,16,3,0,360.0000,519
879,7,7,3,1,360.0000,520
880,27,38,3,0,361.0000,520
881,7,7,3,1,361.0000,521
882,14,14,3,1,361.0000,522
883,0,11,3,0,362.0000,522
884,7,7,3,1,362.0000,523
885,36,42,3,0,363.0000,523
886,6,6,3,1,363.0000,524
887,35,43,3,0,364.0000,524
888,47,47,3,1,364.0000,525
889,22,22,3,1,364.0000,526
890,24,24,3,1,364.0000,527
891,45,12,3,0,365.0000,527
892,5,5,3,1,365.0000,528
893,10,10,3,1,365.0000,529
894,33,33,3,1,365.0000,530
895,0,13,3,0,366.0000,530
896,22,22,3,1,366.0000,531
897,20,20,3,1,366.0000,532
898,4,4,3,1,366.0000,533
899,36,36,3,1,366.0000,534
900,21,21,3,1,366.0000,535
901,28,28,3,1,366.0000,536
902,0,11,3,0,367.0000,536
903,9,9,3,1,367.0000,537
904,19,19,3,1,367.0000,538
905,36,42,3,0,368.0000,538
906,20,20,3,1,368.0000,539
907,34,34,3,1,368.0000,540
908,18,18,3,1,368.0000,541
909,14,13,3,0,369.0000,541
910,28,28,3,1,369.0000,542
911,37,37,3,1,369.0000,543
912,23,23,3,1,369.0000,544
913,25,25,3,1,369.0000,545
914,17,17,3,1,369.0000,546
915,2,2,3,1,369.0000,547
916,48,48,3,1,369.0000,548
917,2,2,3,1,369.0000,549
918,37,37,3,1,369.0000,550
919,6,6,3,1,369.0000,551
920,5,16,3,0,370.0000,551
921,14,48,3,0,371.0000,551
922,23,23,3,1,371.0000,552
923,7,7,3,1,371.0000,553
924,0,11,3,0,372.0000,553
925,5,16,3,0,373.0000,553
926,14,14,3,1,373.0000,554
927,22,22,3,1,373.0000,555
928,27,27,3,1,373.0000,556
929,3,3,3,1,373.0000,557
930,24,24,3,1,373.0000,558
931,47,47,3,1,373.0000,559
932,48,48,3,1,373.0000,560
933,27,27,3,1,373.0000,561
934,17,17,3,1,373.0000,562
935,35,35,3,1,373.0000,563
936,33,29,3,0,374.0000,563
937,5,16,3,0,375.0000,563
938,0,11,3,0,376.0000,563
939,5,5,3,1,376.0000,564
940,1,1,3,1,376.0000,565
941,1,1,3,1,376.0000,566
942,34,34,3,1,376.0000,567
943,10,10,3,1,376.0000,568
944,7,7,3,1,376.0000,569
945,35,43,3,0,377.0000,569
946,22,22,3,1,377.0000,570
947,48,48,3,1,377.0000,571
948,44,44,3,1,377.0000,572
949,0,0,3,1,377.0000,573
950,9,9,3,1,377.0000,574
951,35,35,3,1,377.0000,575
952,25,25,3,1,377.0000,576
953,9,9,3,1,377.0000,577
954,27,27,3,1,377.0000,578
955,27,27,3,1,377.0000,579
956,17,17,3,1,377.0000,580
957,34,34,3,1,377.0000,581
958,18,26,3,0,378.0000,581
959,35,43,3,0,379.0000,581
960,20,20,3,1,379.0000,582
961,32,32,3,1,379.0000,583
962,27,27,3,1,379.0000,584
963,0,29,3,0,380.0000,584
964,14,14,3,1,380.0000,585
965,37,37,3,1,380.0000,586
966,47,47,3,1,380.0000,587
967,27,27,3,1,380.0000,588
968,1,1,3,1,380.0000,589
969,37,37,3,1,380.0000,590
970,20,20,3,1,380.0000,591
971,0,0,3,1,380.0000,592
972,8,8,3,1,380.0000,593
973,32,32,3,1,380.0000,594
974,0,0,3,1,380.0000,595
975,41,41,3,1,380.0000,596
976,10,10,3,1,380.0000,597
977,5,5,3,1,380.0000,598
978,21,21,3,1,380.0000,599
979,0,13,3,0,381.0000,599
980,8,8,3,1,381.0000,600
981,23,23,3,1,381.0000,601
982,48,48,3,1,381.0000,602
983,45,45,3,1,381.0000,603
984,23,23,3,1,381.0000,604
985,31,31,3,1,381.0000,605
986,0,11,3,0,382.0000,605
987,33,29,3,0,383.0000,605
988,0,29,3,0,384.0000,605
989,0,29,3,0,385.0000,605
990,34,34,3,1,385.0000,606
991,35,9,3,0,386.0000,606
992,0,39,3,0,387.0000,606
993,45,45,3,1,387.0000,607
994,7,7,3,1,387.0000,608
995,17,17,3,1,387.0000,609
996,35,46,3,0,388.0000,609
997,7,7,3,1,388.0000,610
998,44,36,3,0,389.0000,610
999,24,24,3,1,389.0000,611
1000,1,39,3,0,390.0000,611
1001,36,36,3,1,390.0000,612
1002,27,39,3,0,391.0000,612
1003,10,10,3,1,391.0000,613
1004,14,26,3,0,392.0000,613
1005,7,7,3,1,392.0000,614
1006,25,25,3,1,392.0000,615
1007,0,42,3,0,393.0000,615
1008,45,45,3,1,393.0000,616
1009,3,3,3,1,393.0000,617
1010,44,44,3,1,393.0000,618
1011,31,31,3,1,393.0000,619
1012,21,21,3,1,393.0000,620
1013,0,0,3,1,393.0000,621
1014,45,45,3,1,393.0000,622
1015,8,8,3,1,393.0000,623
1016,10,10,3,1,393.0000,624
1017,20,20,3,1,393.0000,625
1018,5,5,3,1,393.0000,626
1019,10,10,3,1,393.0000,627
1020,3,3,3,1,393.0000,628
1021,3,3,3,1,393.0000,629
1022,24,15,3,0,394.0000,629
1023,9,9,3,1,394.0000,630
1024,22,22,3,1,394.0000,631
1025,14,14,3,1,394.0000,632
1026,32,30,3,0,395.0000,632
1027,18,12,3,0,396.0000,632
1028,35,43,3,0,397.0000,632
1029,21,21,3,1,397.0000,633
1030,4,4,3,1,397.0000,634
1031,32,30,3,0,398.0000,634
1032,33,38,3,0,399.0000,634
1033,45,45,3,1,399.0000,635
1034,27,27,3,1,399.0000,636
1035,7,7,3,1,399.0000,637
1036,23,23,3,1,399.0000,638
1037,18,18,3,1,399.0000,639
1038,17,17,3,1,399.0000,640
1039,33,33,3,1,399.0000,641
1040,33,38,3,0,400.0000,641
1041,44,44,3,1,400.0000,642
1042,22,22,3,1,400.0000,643
1043,35,46,3,0,401.0000,643
1044,47,47,3,1,401.0000,644
1045,0,11,3,0,402.0000,644
1046,45,12,3,0,403.0000,644
1047,6,6,3,1,403.0000,645
1048,27,27,3,1,403.0000,646
1049,0,29,3,0,404.0000,646
1050,20,20,3,1,404.0000,647
1051,2,2,3,1,404.0000,648
1052,9,9,3,1,404.0000,649
1053,32,32,3,1,404.0000,650
1054,8,8,3,1,404.0000,651
1055,41,41,3,1,404.0000,652
1056,5,5,3,1,404.0000,653
1057,23,23,3,1,404.0000,654
1058,33,29,3,0,405.0000,654
1059,22,22,3,1,405.0000,655
1060,44,44,3,1,405.0000,656
1061,32,30,3,0,406.0000,656
1062,1,39,3,0,407.0000,656
1063,1,39,3,0,408.0000,656
1064,14,14,3,1,408.0000,657
1065,18,18,3,1,408.0000,658
1066,24,15,3,0,409.0000,658
1067,27,27,3,1,409.0000,659
1068,31,31,3,1,409.0000,660
1069,6,6,3,1,409.0000,661
1070,3,3,3,1,409.0000,662
1071,8,8,3,1,409.0000,663
1072,2,2,3,1,409.0000,664
1073,5,16,3,0,410.0000,664
1074,48,48,3,1,410.0000,665
1075,25,25,3,1,410.0000,666
1076,34,15,3,0,411.0000,666
1077,0,0,3,1,411.0000,667
1078,17,17,3,1,411.0000,668
1079,34,11,3,0,412.0000,668
1080,2,2,3,1,412.0000,669
1081,5,16,3,0,413.0000,669
1082,44,44,3,1,413.0000,670
1083,27,27,3,1,413.0000,671
1084,47,47,3,1,413.0000,672
1085,25,25,3,1,413.0000,673
1086,45,45,3,1,413.0000,674
1087,5,5,3,1,413.0000,675
1088,17,17,3,1,413.0000,676
1089,2,2,3,1,413.0000,677
1090,35,43,3,0,414.0000,677
1091,4,4,3,1,414.0000,678
1092,45,12,3,0,415.0000,678
1093,20,20,3,1,415.0000,679
1094,0,0,3,1,415.0000,680
1095,33,33,3,1,415.0000,681
1096,35,43,3,0,416.0000,681
1097,48,48,3,1,416.0000,682
1098,6,6,3,1,416.0000,683
1099,32,30,3,0,417.0000,683
1100,17,17,3,1,417.0000,684
1101,7,7,3,1,417.0000,685
1102,5,5,3,1,417.0000,686
1103,25,25,3,1,417.0000,687
1104,31,31,3,1,417.0000,688
1105,34,11,3,0,418.0000,688
1106,0,29,3,0,419.0000,688
1107,4,4,3,1,419.0000,689
1108,17,17,3,1,419.0000,690
1109,32,32,3,1,419.0000,691
1110,4,4,3,1,419.0000,692
1111,0,11,3,0,420.0000,692
1112,20,20,3,1,420.0000,693
1113,21,21,3,1,420.0000,694
1114,1,1,3,1,420.0000,695
1115,34,34,3,1,420.0000,696
1116,20,20,3,1,420.0000,697
1117,23,23,3,1,420.0000,698
1118,31,31,3,1,420.0000,699
1119,41,41,3,1,420.0000,700
1120,31,31,3,1,420.0000,701
1121,31,31,3,1,420.0000,702
1122,7,40,3,0,421.0000,702
1123,31,31,3,1,421.0000,703
1124,33,29,3,0,422.0000,703
1125,10,10,3,1,422.0000,704
1126,24,24,3,1,422.0000,705
1127,48,48,3,1,422.0000,706
1128,3,3,3,1,422.0000,707
1129,35,43,3,0,423.0000,707
1130,14,14,3,1,423.0000,708
1131,32,32,3,1,423.0000,709
1132,31,31,3,1,423.0000,710
1133,36,36,3,1,423.0000,711
1134,25,25,3,1,423.0000,712
1135,0,13,3,0,424.0000,712
1136,27,27,3,1,424.0000,713
1137,5,16,3,0,425.0000,713
1138,22,22,3,1,425.0000,714
1139,40,40,3,1,425.0000,715
1140,47,13,3,0,426.0000,715
1141,21,21,3,1,426.0000,716
1142,45,45,3,1,426.0000,717
1143,2,2,3,1,426.0000,718
1144,4,4,3,1,426.0000,719
1145,35,46,3,0,427.0000,719
1146,25,25,3,1,427.0000,720
1147,33,33,3,1,427.0000,721
1148,27,29,3,0,428.0000,721
1149,47,47,3,1,428.0000,722
1150,10,10,3,1,428.0000,723
1151,0,11,3,0,429.0000,723
1152,27,27,3,1,429.0000,724
1153,28,28,3,1,429.0000,725
1154,10,10,3,1,429.0000,726
1155,36,42,3,0,430.0000,726
1156,22,22,3,1,430.0000,727
1157,17,17,3,1,430.0000,728
1158,25,25,3,1,430.0000,729
1159,40,40,3,1,430.0000,730
1160,22,22,3,1,430.0000,731
1161,48,48,3,1,430.0000,732
1162,21,21,3,1,430.0000,733
1163,5,16,3,0,431.0000,733
1164,35,35,3,1,431.0000,734
1165,4,4,3,1,431.0000,735
1166,45,45,3,1,431.0000,736
1167,27,27,3,1,431.0000,737
1168,7,7,3,1,431.0000,738
1169,35,43,3,0,432.0000,738
1170,48,48,3,1,432.0000,739
1171,35,43,3,0,433.0000,739
1172,8,8,3,1,433.0000,740
1173,25,25,3,1,433.0000,741
1174,5,5,3,1,433.0000,742
1175,48,18,3,0,434.0000,742
1176,20,12,3,0,435.0000,742
1177,0,13,3,0,436.0000,742
1178,19,19,3,1,436.0000,743
1179,5,16,3,0,437.0000,743
1180,36,36,3,1,437.0000,744
1181,3,3,3,1,437.0000,745
1182,1,1,3,1,437.0000,746
1183,33,38,3,0,438.0000,746
1184,41,41,3,1,438.0000,747
1185,0,13,3,0,439.0000,747
1186,27,27,3,1,439.0000,748
1187,19,19,3,1,439.0000,749
1188,5,16,3,0,440.0000,749
1189,37,37,3,1,440.0000,750
1190,25,25,3,1,440.0000,751
1191,33,33,3,1,440.0000,752
1192,0,26,3,0,441.0000,752
1193,23,23,3,1,441.0000,753
1194,21,21,3,1,441.0000,754
1195,0,38,3,0,442.0000,754
1196,17,17,3,1,442.0000,755
1197,36,36,3,1,442.0000,756
1198,18,18,3,1,442.0000,757
1199,44,44,3,1,442.0000,758
1200,1,1,3,1,442.0000,759
1201,32,30,3,0,443.0000,759
1202,0,15,3,0,444.0000,759
1203,44,29,3,0,445.0000,759
1204,48,48,3,1,445.0000,760
1205,14,26,3,0,446.0000,760
1206,18,18,3,1,446.0000,761
1207,33,33,3,1,446.0000,762
1208,0,11,3,0,447.0000,762
1209,19,19,3,1,447.0000,763
1210,33,33,3,1,447.0000,764
1211,1,39,3,0,448.0000,764
1212,24,24,3,1,448.0000,765
1213,41,41,3,1,448.0000,766
1214,22,22,3,1,448.0000,767
1215,32,32,3,1,448.0000,768
1216,0,11,3,0,449.0000,768
1217,0,38,3,0,450.0000,768
1218,5,5,3,1,450.0000,769
1219,3,3,3,1,450.0000,770
1220,17,17,3,1,450.0000,771
1221,28,28,3,1,450.0000,772
1222,33,38,3,0,451.0000,772
1223,6,6,3,1,451.0000,773
1224,48,48,3,1,451.0000,774
1225,7,7,3,1,451.0000,775
1226,41,41,3,1,451.0000,776
1227,14,14,3,1,451.0000,777
1228,9,9,3,1,451.0000,778
1229,33,33,3,1,451.0000,779
1230,47,47,3,1,451.0000,780
1231,32,32,3,1,451.0000,781
1232,0,26,3,0,452.0000,781
1233,36,36,3,1,452.0000,782
1234,45,39,3,0,453.0000,782
1235,45,15,3,0,454.0000,782
1236,17,17,3,1,454.0000,783
1237,5,5,3,1,454.0000,784
1238,44,44,3,1,454.0000,785
1239,0,0,3,1,454.0000,786
1240,40,40,3,1,454.0000,787
1241,40,40,3,1,454.0000,788
1242,31,31,3,1,454.0000,789
1243,25,25,3,1,454.0000,790
1244,36,36,3,1,454.0000,791
1245,20,20,3,1,454.0000,792
1246,22,22,3,1,454.0000,793
1247,33,33,3,1,454.0000,794
1248,9,9,3,1,454.0000,795
1249,17,17,3,1,454.0000,796
1250,21,21,3,1,454.0000,797
1251,4,4,3,1,454.0000,798
1252,28,28,3,1,454.0000,799
1253,35,35,3,1,454.0000,800
1254,1,39,3,0,455.0000,800
1255,0,13,3,0,456.0000,800
1256,45,15,3,0,457.0000,800
1257,32,30,3,0,458.0000,800
1258,41,41,3,1,458.0000,801
1259,5,16,3,0,459.0000,801
1260,3,3,3,1,459.0000,802
1261,0,11,3,0,460.0000,802
1262,32,30,3,0,461.0000,802
1263,36,42,3,0,462.0000,802
1264,27,27,3,1,462.0000,803
1265,14,26,3,0,463.0000,803
1266,35,35,3,1,463.0000,804
1267,40,40,3,1,463.0000,805
1268,19,19,3,1,463.0000,806
1269,44,44,3,1,463.0000,807
1270,41,41,3,1,463.0000,808
1271,44,44,3,1,463.0000,809
1272,45,45,3,1,463.0000,810
1273,41,42,3,0,464.0000,810
1274,32,15,3,0,465.0000,810
1275,33,33,3,1,465.0000,811
1276,47,47,3,1,465.0000,812
1277,4,4,3,1,465.0000,813
1278,5,16,3,0,466.0000,813
1279,7,40,3,0,467.0000,813
1280,45,45,3,1,467.0000,814
1281,22,22,3,1,467.0000,815
1282,1,1,3,1,467.0000,816
1283,45,12,3,0,468.0000,816
1284,25,25,3,1,468.0000,817
1285,7,7,3,1,468.0000,818
1286,0,11,3,0,469.0000,818
1287,35,42,3,0,470.0000,818
1288,5,5,3,1,470.0000,819
1289,21,21,3,1,470.0000,820
1290,0,15,3,0,471.0000,820
1291,0,15,3,0,472.0000,820
1292,14,12,3,0,473.0000,820
1293,1,39,3,0,474.0000,820
1294,28,28,3,1,474.0000,821
1295,4,4,3,1,474.0000,822
1296,37,37,3,1,474.0000,823
1297,17,17,3,1,474.0000,824
1298,37,37,3,1,474.0000,825
1299,0,13,3,0,475.0000,825
1300,34,34,3,1,475.0000,826
1301,28,28,3,1,475.0000,827
1302,7,7,3,1,475.0000,828
1303,35,43,3,0,476.0000,828
1304,44,29,3,0,477.0000,828
1305,27,2,3,0,478.0000,828
1306,14,48,3,0,479.0000,828
1307,33,38,3,0,480.0000,828
1308,24,24,3,1,480.0000,829
1309,23,23,3,1,480.0000,830
1310,4,4,3,1,480.0000,831
1311,40,40,3,1,480.0000,832
1312,10,10,3,1,480.0000,833
1313,34,34,3,1,480.0000,834
1314,19,19,3,1,480.0000,835
1315,2,2,3,1,480.0000,836
1316,40,40,3,1,480.0000,837
1317,48,48,3,1,480.0000,838
1318,45,15,3,0,481.0000,838
1319,48,48,3,1,481.0000,839
1320,24,24,3,1,481.0000,840
1321,9,9,3,1,481.0000,841
1322,32,30,3,0,482.0000,841
1323,36,36,3,1,482.0000,842
1324,14,14,3,1,482.0000,843
1325,21,21,3,1,482.0000,844
1326,24,12,3,0,483.0000,844
1327,32,32,3,1,483.0000,845
1328,32,30,3,0,484.0000,845
1329,33,38,3,0,485.0000,845
1330,5,5,3,1,485.0000,846
1331,35,35,3,1,485.0000,847
1332,7,7,3,1,485.0000,848
1333,32,29,3,0,486.0000,848
1334,22,22,3,1,486.0000,849
1335,8,8,3,1,486.0000,850
1336,20,20,3,1,486.0000,851
1337,0,11,3,0,487.0000,851
1338,3,3,3,1,487.0000,852
1339,47,47,3,1,487.0000,853
1340,5,5,3,1,487.0000,854
1341,35,43,3,0,488.0000,854
1342,1,1,3,1,488.0000,855
1343,35,43,3,0,489.0000,855
1344,44,44,3,1,489.0000,856
1345,35,35,3,1,489.0000,857
1346,35,43,3,0,490.0000,857
1347,45,12,3,0,491.0000,857
1348,36,36,3,1,491.0000,858
1349,21,21,3,1,491.0000,859
1350,33,38,3,0,492.0000,859
1351,10,10,3,1,492.0000,860
1352,31,31,3,1,492.0000,861
1353,3,3,3,1,492.0000,862
1354,17,17,3,1,492.0000,863
1355,0,11,3,0,493.0000,863
1356,14,26,3,0,494.0000,863
1357,8,8,3,1,494.0000,864
1358,6,6,3,1,494.0000,865
1359,44,29,3,0,495.0000,865
1360,5,5,3,1,495.0000,866
1361,7,7,3,1,495.0000,867
1362,44,44,3,1,495.0000,868
1363,45,12,3,0,496.0000,868
1364,35,46,3,0,497.0000,868
1365,44,44,3,1,497.0000,869
1366,44,44,3,1,497.0000,870
1367,19,19,3,1,497.0000,871
1368,9,9,3,1,497.0000,872
1369,0,13,3,0,498.0000,872
1370,35,46,3,0,499.0000,872
1371,25,25,3,1,499.0000,873
1372,35,35,3,1,499.0000,874
1373,14,26,3,0,500.0000,874
1374,6,6,3,1,500.0000,875
1375,22,22,3,1,500.0000,876
1376,5,16,3,0,501.0000,876
1377,21,21,3,1,501.0000,877
1378,27,27,3,1,501.0000,878
1379,14,14,3,1,501.0000,879
1380,5,16,3,0,502.0000,879
1381,0,38,3,0,503.0000,879
1382,31,31,3,1,503.0000,880
1383,0,11,3,0,504.0000,880
1384,37,37,3,1,504.0000,881
1385,31,31,3,1,504.0000,882
1386,44,44,3,1,504.0000,883
1387,25,25,3,1,504.0000,884
1388,0,13,3,0,505.0000,884
1389,44,44,3,1,505.0000,885
1390,45,12,3,0,506.0000,885
1391,5,5,3,1,506.0000,886
1392,33,29,3,0,507.0000,886
1393,14,26,3,0,508.0000,886
1394,7,40,3,0,509.0000,886
1395,10,10,3,1,509.0000,887
1396,35,35,3,1,509.0000,888
1397,1,39,3,0,510.0000,888
1398,28,28,3,1,510.0000,889
1399,14,26,3,0,511.0000,889
1400,24,29,3,0,512.0000,889
1401,9,9,3,1,512.0000,890
1402,40,40,3,1,512.0000,891
1403,33,38,3,0,513.0000,891
1404,35,42,3,0,514.0000,891
1405,23,23,3,1,514.0000,892
1406,25,25,3,1,514.0000,893
1407,45,15,3,0,515.0000,893
1408,45,12,3,0,516.0000,893
1409,19,19,3,1,516.0000,894
1410,0,0,3,1,516.0000,895
1411,32,32,3,1,516.0000,896
1412,0,0,3,1,516.0000,897
1413,32,30,3,0,517.0000,897
1414,8,8,3,1,517.0000,898
1415,36,36,3,1,517.0000,899
1416,37,37,3,1,517.0000,900
1417,2,2,3,1,517.0000,901
1418,32,30,3,0,518.0000,901
1419,1,1,3,1,518.0000,902
1420,33,38,3,0,519.0000,902
1421,28,28,3,1,519.0000,903
1422,7,40,3,0,520.0000,903
1423,20,20,3,1,520.0000,904
1424,36,36,3,1,520.0000,905
1425,24,24,3,1,520.0000,906
1426,41,41,3,1,520.0000,907
1427,22,22,3,1,520.0000,908
1428,45,15,3,0,521.0000,908
1429,45,12,3,0,522.0000,908
1430,40,40,3,1,522.0000,909
1431,45,12,3,0,523.0000,909
1432,18,18,3,1,523.0000,910
1433,40,40,3,1,523.0000,911
1434,32,32,3,1,523.0000,912
1435,0,29,3,0,524.0000,912
1436,6,6,3,1,524.0000,913
1437,23,23,3,1,524.0000,914
1438,21,21,3,1,524.0000,915
1439,36,36,3,1,524.0000,916
1440,35,35,3,1,524.0000,917
1441,6,6,3,1,524.0000,918
1442,6,6,3,1,524.0000,919
1443,35,46,3,0,525.0000,919
1444,35,46,3,0,526.0000,919
1445,34,34,3,1,526.0000,920
1446,7,40,3,0,527.0000,920
1447,4,4,3,1,527.0000,921
1448,8,8,3,1,527.0000,922
1449,33,29,3,0,528.0000,922
1450,34,34,3,1,528.0000,923
1451,20,20,3,1,528.0000,924
1452,27,2,3,0,529.0000,924
1453,48,18,3,0,530.0000,924
1454,32,32,3,1,530.0000,925
1455,33,33,3,1,530.0000,926
1456,35,46,3,0,531.0000,926
1457,32,32,3,1,531.0000,927
1458,14,14,3,1,531.0000,928
1459,3,3,3,1,531.0000,929
1460,32,30,3,0,532.0000,929
1461,34,13,3,0,533.0000,929
1462,23,23,3,1,533.0000,930
1463,0,13,3,0,534.0000,930
1464,33,33,3,1,534.0000,931
1465,23,23,3,1,534.0000,932
1466,22,22,3,1,534.0000,933
1467,14,14,3,1,534.0000,934
1468,5,16,3,0,535.0000,934
1469,47,47,3,1,535.0000,935
1470,5,16,3,0,536.0000,935
1471,22,22,3,1,536.0000,936
1472,9,9,3,1,536.0000,937
1473,41,41,3,1,536.0000,938
1474,44,44,3,1,536.0000,939
1475,34,34,3,1,536.0000,940
1476,31,31,3,1,536.0000,941
1477,36,36,3,1,536.0000,942
1478,24,24,3,1,536.0000,943
1479,1,39,3,0,537.0000,943
1480,36,36,3,1,537.0000,944
1481,5,5,3,1,537.0000,945
1482,5,16,3,0,538.0000,945
1483,3,3,3,1,538.0000,946
1484,2,26,3,0,539.0000,946
1485,32,39,3,0,540.0000,946
1486,10,10,3,1,540.0000,947
1487,4,4,3,1,540.0000,948
1488,14,12,3,0,541.0000,948
1489,44,44,3,1,541.0000,949
1490,23,23,3,1,541.0000,950
1491,34,34,3,1,541.0000,951
1492,4,11,3,0,542.0000,951
1493,4,4,3,1,542.0000,952
1494,24,24,3,1,542.0000,953
1495,47,47,3,1,542.0000,954
1496,32,30,3,0,543.0000,954
1497,35,35,3,1,543.0000,955
1498,1,1,3,1,543.0000,956
1499,0,11,3,0,544.0000,956
1500,28,28,3,1,544.0000,957
1501,45,15,3,0,545.0000,957
1502,21,21,3,1,545.0000,958
1503,37,37,3,1,545.0000,959
1504,14,26,3,0,546.0000,959
1505,0,0,3,1,546.0000,960
1506,37,37,3,1,546.0000,961
1507,20,20,3,1,546.0000,962
1508,32,32,3,1,546.0000,963
1509,22,22,3,1,546.0000,964
1510,2,2,3,1,546.0000,965
1511,23,23,3,1,546.0000,966
1512,9,9,3,1,546.0000,967
1513,0,13,3,0,547.0000,967
1514,33,33,3,1,547.0000,968
1515,37,37,3,1,547.0000,969
1516,31,31,3,1,547.0000,970
1517,33,33,3,1,547.0000,971
1518,0,13,3,0,548.0000,971
1519,28,28,3,1,548.0000,972
1520,35,35,3,1,548.0000,973
1521,0,11,3,0,549.0000,973
1522,35,35,3,1,549.0000,974
1523,44,29,3,0,550.0000,974
1524,8,8,3,1,550.0000,975
1525,6,6,3,1,550.0000,976
1526,27,27,3,1,550.0000,977
1527,34,34,3,1,550.0000,978
1528,35,42,3,0,551.0000,978
1529,32,30,3,0,552.0000,978
1530,35,35,3,1,552.0000,979
1531,23,23,3,1,552.0000,980
1532,21,21,3,1,552.0000,981
1533,10,10,3,1,552.0000,982
1534,34,34,3,1,552.0000,983
1535,40,40,3,1,552.0000,984
1536,32,30,3,0,553.0000,984
1537,7,7,3,1,553.0000,985
1538,28,28,3,1,553.0000,986
1539,27,27,3,1,553.0000,987
1540,21,21,3,1,553.0000,988
1541,36,42,3,0,554.0000,988
1542,4,4,3,1,554.0000,989
1543,10,10,3,1,554.0000,990
1544,34,34,3,1,554.0000,991
1545,5,5,3,1,554.0000,992
1546,31,31,3,1,554.0000,993
1547,14,14,3,1,554.0000,994
1548,28,28,3,1,554.0000,995
1549,48,18,3,0,555.0000,995
1550,14,14,3,1,555.0000,996
1551,32,32,3,1,555.0000,997
1552,24,24,3,1,555.0000,998
1553,5,5,3,1,555.0000,999
1554,9,9,3,1,555.0000,1000
1555,45,12,3,0,556.0000,1000
1556,34,34,3,1,556.0000,1001
1557,2,2,3,1,556.0000,1002
1558,35,42,3,0,557.0000,1002
1559,10,10,3,1,557.0000,1003
1560,36,36,3,1,557.0000,1004
1561,36,42,3,0,558.0000,1004
1562,35,46,3,0,559.0000,1004
1563,34,11,3,0,560.0000,1004
1564,47,47,3,1,560.0000,1005
1565,44,44,3,1,560.0000,1006
1566,27,27,3,1,560.0000,1007
1567,28,28,3,1,560.0000,1008
1568,31,31,3,1,560.0000,1009
1569,23,15,3,0,561.0000,1009
1570,41,41,3,1,561.0000,1010
1571,0,13,3,0,562.0000,1010
1572,8,8,3,1,562.0000,1011
1573,2,2,3,1,562.0000,1012
1574,23,23,3,1,562.0000,1013
1575,44,44,3,1,562.0000,1014
1576,28,28,3,1,562.0000,1015
1577,37,37,3,1,562.0000,1016
1578,23,23,3,1,562.0000,1017
1579,21,21,3,1,562.0000,1018
1580,1,39,3,0,563.0000,1018
1581,1,39,3,0,564.0000,1018
1582,48,15,3,0,565.0000,1018
1583,0,0,3,1,565.0000,1019
1584,1,39,3,0,566.0000,1019
1585,10,10,3,1,566.0000,1020
1586,18,18,3,1,566.0000,1021
1587,41,41,3,1,566.0000,1022
1588,18,12,3,0,567.0000,1022
1589,17,17,3,1,567.0000,1023
1590,34,34,3,1,567.0000,1024
1591,33,38,3,0,568.0000,1024
1592,17,17,3,1,568.0000,1025
1593,0,11,3,0,569.0000,1025
1594,18,12,3,0,570.0000,1025
1595,2,2,3,1,570.0000,1026
1596,44,44,3,1,570.0000,1027
1597,22,22,3,1,570.0000,1028
1598,47,47,3,1,570.0000,1029
1599,21,38,3,0,571.0000,1029
1600,8,8,3,1,571.0000,1030
1601,24,24,3,1,571.0000,1031
1602,45,12,3,0,572.0000,1031
1603,44,29,3,0,573.0000,1031
1604,37,37,3,1,573.0000,1032
1605,35,43,3,0,574.0000,1032
1606,35,35,3,1,574.0000,1033
1607,20,20,3,1,574.0000,1034
1608,2,2,3,1,574.0000,1035
1609,31,31,3,1,574.0000,1036
1610,24,24,3,1,574.0000,1037
1611,1,39,3,0,575.0000,1037
1612,48,48,3,1,575.0000,1038
1613,14,14,3,1,575.0000,1039
1614,20,20,3,1,575.0000,1040
1615,27,39,3,0,576.0000,1040
1616,27,2,3,0,577.0000,1040
1617,7,7,3,1,577.0000,1041
1618,33,38,3,0,578.0000,1041
1619,33,33,3,1,578.0000,1042
1620,45,45,3,1,578.0000,1043
1621,27,27,3,1,578.0000,1044
1622,35,46,3,0,579.0000,1044
1623,1,1,3,1,579.0000,1045
1624,9,9,3,1,579.0000,1046
1625,2,26,3,0,580.0000,1046
1626,33,33,3,1,580.0000,1047
1627,0,39,3,0,581.0000,1047
1628,14,14,3,1,581.0000,1048
1629,5,5,3,1,581.0000,1049
1630,32,30,3,0,582.0000,1049
1631,20,20,3,1,582.0000,1050
1632,41,41,3,1,582.0000,1051
1633,0,0,3,1,582.0000,1052
1634,45,45,3,1,582.0000,1053
1635,40,40,3,1,582.0000,1054
1636,14,12,3,0,583.0000,1054
1637,37,37,3,1,583.0000,1055
1638,23,23,3,1,583.0000,1056
1639,1,39,3,0,584.0000,1056
1640,37,37,3,1,584.0000,1057
1641,33,38,3,0,585.0000,1057
1642,44,44,3,1,585.0000,1058
1643,37,42,3,0,586.0000,1058
1644,36,36,3,1,586.0000,1059
1645,0,38,3,0,587.0000,1059
1646,24,24,3,1,587.0000,1060
1647,31,31,3,1,587.0000,1061
1648,33,33,3,1,587.0000,1062
1649,23,23,3,1,587.0000,1063
1650,31,31,3,1,587.0000,1064
1651,8,8,3,1,587.0000,1065
1652,45,45,3,1,587.0000,1066
1653,45,45,3,1,587.0000,1067
1654,35,46,3,0,588.0000,1067
1655,36,42,3,0,589.0000,1067
1656,19,19,3,1,589.0000,1068
1657,45,45,3,1,589.0000,1069
1658,34,34,3,1,589.0000,1070
1659,27,27,3,1,589.0000,1071
1660,18,18,3,1,589.0000,1072
1661,31,31,3,1,589.0000,1073
1662,41,41,3,1,589.0000,1074
1663,41,41,3,1,589.0000,1075
1664,35,9,3,0,590.0000,1075
1665,7,7,3,1,590.0000,1076
1666,7,7,3,1,590.0000,1077
1667,25,25,3,1,590.0000,1078
1668,9,9,3,1,590.0000,1079
1669,2,47,3,0,591.0000,1079
1670,33,33,3,1,591.0000,1080
1671,28,1,3,0,592.0000,1080
1672,14,48,3,0,593.0000,1080
1673,45,45,3,1,593.0000,1081
1674,44,44,3,1,593.0000,1082
1675,32,30,3,0,594.0000,1082
1676,0,11,3,0,595.0000,1082
1677,19,19,3,1,595.0000,1083
1678,35,46,3,0,596.0000,1083
1679,4,4,3,1,596.0000,1084
1680,14,14,3,1,596.0000,1085
1681,3,3,3,1,596.0000,1086
1682,44,44,3,1,596.0000,1087
1683,10,10,3,1,596.0000,1088
1684,28,28,3,1,596.0000,1089
1685,17,17,3,1,596.0000,1090
1686,22,22,3,1,596.0000,1091
1687,18,18,3,1,596.0000,1092
1688,1,1,3,1,596.0000,1093
1689,20,20,3,1,596.0000,1094
1690,14,26,3,0,597.0000,1094
1691,35,42,3,0,598.0000,1094
1692,28,28,3,1,598.0000,1095
1693,1,1,3,1,598.0000,1096
1694,35,46,3,0,599.0000,1096
1695,35,43,3,0,600.0000,1096
1696,4,4,3,1,600.0000,1097
1697,22,22,3,1,600.0000,1098
1698,32,30,3,0,601.0000,1098
1699,8,8,3,1,601.0000,1099
1700,8,8,3,1,601.0000,1100
1701,36,42,3,0,602.0000,1100
1702,47,13,3,0,603.0000,1100
1703,45,15,3,0,604.0000,1100
1704,17,17,3,1,604.0000,1101
1705,8,8,3,1,604.0000,1102
1706,17,17,3,1,604.0000,1103
1707,36,36,3,1,604.0000,1104
1708,21,21,3,1,604.0000,1105
1709,25,25,3,1,604.0000,1106
1710,5,5,3,1,604.0000,1107
1711,27,27,3,1,604.0000,1108
1712,32,15,3,0,605.0000,1108
1713,33,29,3,0,606.0000,1108
1714,18,18,3,1,606.0000,1109
1715,8,8,3,1,606.0000,1110
1716,32,30,3,0,607.0000,1110
1717,14,14,3,1,607.0000,1111
1718,36,36,3,1,607.0000,1112
1719,28,28,3,1,607.0000,1113
1720,18,12,3,0,608.0000,1113
1721,0,42,3,0,609.0000,1113
1722,23,23,3,1,609.0000,1114
1723,17,17,3,1,609.0000,1115
1724,32,32,3,1,609.0000,1116
1725,7,7,3,1,609.0000,1117
1726,14,12,3,0,610.0000,1117
1727,28,28,3,1,610.0000,1118
1728,14,14,3,1,610.0000,1119
1729,8,8,3,1,610.0000,1120
1730,20,20,3,1,610.0000,1121
1731,17,17,3,1,610.0000,1122
1732,27,27,3,1,610.0000,1123
1733,33,33,3,1,610.0000,1124
1734,0,0,3,1,610.0000,1125
1735,7,7,3,1,610.0000,1126
1736,8,8,3,1,610.0000,1127
1737,35,43,3,0,611.0000,1127
1738,9,9,3,1,611.0000,1128
1739,5,5,3,1,611.0000,1129
1740,1,1,3,1,611.0000,1130
1741,35,42,3,0,612.0000,1130
1742,2,2,3,1,612.0000,1131
1743,19,19,3,1,612.0000,1132
1744,35,46,3,0,613.0000,1132
1745,1,1,3,1,613.0000,1133
1746,35,43,3,0,614.0000,1133
1747,45,38,3,0,615.0000,1133
1748,35,43,3,0,616.0000,1133
1749,7,7,3,1,616.0000,1134
1750,48,18,3,0,617.0000,1134
1751,36,36,3,1,617.0000,1135
1752,31,31,3,1,617.0000,1136
1753,20,20,3,1,617.0000,1137
1754,25,25,3,1,617.0000,1138
1755,14,12,3,0,618.0000,1138
1756,0,13,3,0,619.0000,1138
1757,35,43,3,0,620.0000,1138
1758,3,3,3,1,620.0000,1139
1759,19,19,3,1,620.0000,1140
1760,35,43,3,0,621.0000,1140
1761,45,45,3,1,621.0000,1141
1762,27,27,3,1,621.0000,1142
1763,35,46,3,0,622.0000,1142
