step,problem_id,pred,label,n_icl,correct,cumulative_regret,mem_size
0,0,7,7,0,1,0.0000,1
1,1,35,9,0,0,1.0000,1
2,2,19,19,0,1,1.0000,2
3,3,49,12,0,0,2.0000,2
4,4,45,24,0,0,3.0000,2
5,5,49,29,0,0,4.0000,2
6,6,19,19,0,1,4.0000,3
7,7,49,44,0,0,5.0000,3
8,8,28,22,0,0,6.0000,3
9,9,27,27,0,1,6.0000,4
10,10,2,47,3,0,7.0000,4
11,11,44,44,3,1,7.0000,5
12,12,19,19,3,1,7.0000,6
13,13,35,42,3,0,8.0000,6
14,14,2,47,3,0,9.0000,6
15,15,35,46,3,0,10.0000,6
16,16,45,12,3,0,11.0000,6
17,17,41,41,3,1,11.0000,7
18,18,36,36,3,1,11.0000,8
19,19,2,26,3,0,12.0000,8
20,20,14,26,3,0,13.0000,9
21,21,35,35,3,1,13.0000,10
22,22,40,40,3,1,13.0000,11
23,23,0,34,3,0,14.0000,11
24,24,0,13,3,0,15.0000,11
25,25,27,15,3,0,16.0000,11
26,26,32,30,3,0,17.0000,11
27,27,22,2,3,0,18.0000,11
28,28,1,1,3,1,18.0000,12
29,29,48,18,3,0,19.0000,12
30,30,0,41,3,0,20.0000,12
31,31,6,6,3,1,20.0000,13
32,32,44,15,3,0,21.0000,13
33,33,7,40,3,0,22.0000,13
34,34,4,15,3,0,23.0000,13
35,35,35,35,3,1,23.0000,14
36,36,3,3,3,1,23.0000,15
37,37,5,5,3,1,23.0000,16
38,38,34,11,3,0,24.0000,16
39,39,28,32,3,0,25.0000,16
40,40,5,16,3,0,26.0000,18
41,41,47,15,3,0,27.0000,18
42,42,35,35,3,1,27.0000,19
43,43,45,24,3,0,28.0000,19
44,44,19,19,3,1,28.0000,20
45,45,35,46,3,0,29.0000,20
46,46,2,2,3,1,29.0000,21
47,47,19,19,3,1,29.0000,22
48,48,27,25,3,0,30.0000,22
49,49,22,22,3,1,30.0000,23
50,50,7,40,3,0,31.0000,25
51,51,27,27,3,1,31.0000,26
52,52,19,19,3,1,31.0000,27
53,53,14,26,3,0,32.0000,27
54,54,0,13,3,0,33.0000,27
55,55,37,37,3,1,33.0000,28
56,56,45,44,3,0,34.0000,28
57,57,3,3,3,1,34.0000,29
58,58,35,46,3,0,35.0000,29
59,59,0,26,3,0,36.0000,29
60,60,2,2,3,1,36.0000,32
61,61,28,28,3,1,36.0000,33
62,62,8,8,3,1,36.0000,34
63,63,44,11,3,0,37.0000,34
64,64,0,38,3,0,38.0000,34
65,65,47,45,3,0,39.0000,34
66,66,5,6,3,0,40.0000,34
67,67,24,45,3,0,41.0000,34
68,68,1,1,3,1,41.0000,35
69,69,27,25,3,0,42.0000,35
70,70,27,25,3,0,43.0000,35
71,71,6,6,3,1,43.0000,36
72,72,35,41,3,0,44.0000,36
73,73,22,22,3,1,44.0000,37
74,74,27,25,3,0,45.0000,37
75,75,8,8,3,1,45.0000,38
76,76,35,9,3,0,46.0000,38
77,77,35,9,3,0,47.0000,38
78,78,33,38,3,0,48.0000,38
79,79,35,43,3,0,49.0000,38
80,80,35,46,3,0,50.0000,39
81,81,5,45,3,0,51.0000,39
82,82,47,24,3,0,52.0000,39
83,83,17,17,3,1,52.0000,40
84,84,40,38,3,0,53.0000,40
85,85,6,6,3,1,53.0000,41
86,86,3,3,3,1,53.0000,42
87,87,47,45,3,0,54.0000,42
88,88,0,31,3,0,55.0000,42
89,89,35,43,3,0,56.0000,42
90,90,34,15,3,0,57.0000,44
91,91,44,10,3,0,58.0000,44
92,92,35,43,3,0,59.0000,44
93,93,4,4,3,1,59.0000,45
94,94,9,9,3,1,59.0000,46
95,95,35,43,3,0,60.0000,46
96,96,0,37,3,0,61.0000,46
97,97,44,29,3,0,62.0000,46
98,98,7,7,3,1,62.0000,47
99,99,8,8,3,1,62.0000,48
100,100,18,18,3,1,62.0000,49
101,101,36,36,3,1,62.0000,50
102,102,4,4,3,1,62.0000,51
103,103,14,14,3,1,62.0000,52
104,104,21,21,3,1,62.0000,53
105,105,37,37,3,1,62.0000,54
106,106,19,19,3,1,62.0000,55
107,107,40,40,3,1,62.0000,56
108,108,35,46,3,0,63.0000,56
109,109,2,2,3,1,63.0000,57
110,110,7,7,3,1,63.0000,58
111,111,5,16,3,0,64.0000,58
112,112,47,23,3,0,65.0000,58
113,113,1,39,3,0,66.0000,58
114,114,22,22,3,1,66.0000,59
115,115,32,30,3,0,67.0000,59
116,116,35,35,3,1,67.0000,60
117,117,5,45,3,0,68.0000,60
118,118,44,29,3,0,69.0000,60
119,119,14,48,3,0,70.0000,60
120,120,21,21,3,1,70.0000,61
121,121,0,13,3,0,71.0000,61
122,122,35,35,3,1,71.0000,62
123,123,0,13,3,0,72.0000,62
124,124,35,35,3,1,72.0000,63
125,125,33,33,3,1,72.0000,64
126,126,24,29,3,0,73.0000,64
127,127,27,27,3,1,73.0000,65
128,128,44,42,3,0,74.0000,65
129,129,21,21,3,1,74.0000,66
130,130,14,26,3,0,75.0000,66
131,131,44,34,3,0,76.0000,66
132,132,1,1,3,1,76.0000,67
133,133,32,32,3,1,76.0000,68
134,134,21,34,3,0,77.0000,68
135,135,47,45,3,0,78.0000,68
136,136,35,9,3,0,79.0000,68
137,137,27,27,3,1,79.0000,69
138,138,3,3,3,1,79.0000,70
139,139,17,17,3,1,79.0000,71
140,140,35,35,3,1,79.0000,72
141,141,5,5,3,1,79.0000,73
142,142,47,47,3,1,79.0000,74
143,143,4,4,3,1,79.0000,75
144,144,37,37,3,1,79.0000,76
145,145,27,39,3,0,80.0000,76
146,146,41,41,3,1,80.0000,77
147,147,7,7,3,1,80.0000,78
148,148,47,47,3,1,80.0000,79
149,149,37,42,3,0,81.0000,79
150,150,35,46,3,0,82.0000,81
151,151,8,8,3,1,82.0000,82
152,152,24,24,3,1,82.0000,83
153,153,5,16,3,0,83.0000,83
154,154,31,31,3,1,83.0000,84
155,155,4,4,3,1,83.0000,85
156,156,5,5,3,1,83.0000,86
157,157,40,40,3,1,83.0000,87
158,158,28,28,3,1,83.0000,88
159,159,35,35,3,1,83.0000,89
160,160,19,19,3,1,83.0000,92
161,161,0,0,3,1,83.0000,93
162,162,3,3,3,1,83.0000,94
163,163,2,26,3,0,84.0000,94
164,164,1,1,3,1,84.0000,95
165,165,48,18,3,0,85.0000,95
166,166,17,17,3,1,85.0000,96
167,167,35,46,3,0,86.0000,96
168,168,37,37,3,1,86.0000,97
169,169,37,42,3,0,87.0000,97
170,170,37,37,3,1,87.0000,98
171,171,47,2,3,0,88.0000,98
172,172,14,14,3,1,88.0000,99
173,173,33,33,3,1,88.0000,100
174,174,5,5,3,1,88.0000,101
175,175,33,38,3,0,89.0000,101
176,176,40,40,3,1,89.0000,102
177,177,23,23,3,1,89.0000,103
178,178,19,19,3,1,89.0000,104
179,179,1,30,3,0,90.0000,104
180,180,47,15,3,0,91.0000,104
181,181,0,0,3,1,91.0000,105
182,182,5,16,3,0,92.0000,105
183,183,28,28,3,1,92.0000,106
184,184,32,30,3,0,93.0000,106
185,185,22,22,3,1,93.0000,107
186,186,47,47,3,1,93.0000,108
187,187,41,41,3,1,93.0000,109
188,188,33,33,3,1,93.0000,110
189,189,19,19,3,1,93.0000,111
190,190,0,0,3,1,93.0000,112
191,191,47,45,3,0,94.0000,112
192,192,32,32,3,1,94.0000,113
193,193,3,3,3,1,94.0000,114
194,194,2,20,3,0,95.0000,114
195,195,44,15,3,0,96.0000,114
196,196,5,5,3,1,96.0000,115
197,197,24,24,3,1,96.0000,116
198,198,5,16,3,0,97.0000,116
199,199,48,48,3,1,97.0000,117
200,200,3,3,3,1,97.0000,119
201,201,0,13,3,0,98.0000,119
202,202,33,33,3,1,98.0000,120
203,203,4,4,3,1,98.0000,121
204,204,5,45,3,0,99.0000,121
205,205,20,20,3,1,99.0000,122
206,206,45,34,3,0,100.0000,122
207,207,32,30,3,0,101.0000,122
208,208,32,30,3,0,102.0000,122
209,209,27,25,3,0,103.0000,122
210,210,4,4,3,1,103.0000,123
211,211,8,8,3,1,103.0000,124
212,212,6,6,3,1,103.0000,125
213,213,33,29,3,0,104.0000,125
214,214,36,36,3,1,104.0000,126
215,215,41,10,3,0,105.0000,126
216,216,48,48,3,1,105.0000,127
217,217,40,40,3,1,105.0000,128
218,218,28,28,3,1,105.0000,129
219,219,18,18,3,1,105.0000,130
220,220,0,0,3,1,105.0000,131
221,221,40,40,3,1,105.0000,132
222,222,14,12,3,0,106.0000,132
223,223,48,48,3,1,106.0000,133
224,224,2,2,3,1,106.0000,134
225,225,44,39,3,0,107.0000,134
226,226,36,36,3,1,107.0000,135
227,227,27,25,3,0,108.0000,135
228,228,48,18,3,0,109.0000,135
229,229,7,15,3,0,110.0000,135
230,230,35,46,3,0,111.0000,135
231,231,32,32,3,1,111.0000,136
232,232,37,34,3,0,112.0000,136
233,233,33,33,3,1,112.0000,137
234,234,0,34,3,0,113.0000,137
235,235,35,43,3,0,114.0000,137
236,236,33,38,3,0,115.0000,137
237,237,10,10,3,1,115.0000,138
238,238,33,38,3,0,116.0000,138
239,239,1,1,3,1,116.0000,139
240,240,18,18,3,1,116.0000,141
241,241,5,16,3,0,117.0000,141
242,242,36,36,3,1,117.0000,142
243,243,47,23,3,0,118.0000,142
244,244,33,38,3,0,119.0000,142
245,245,2,26,3,0,120.0000,142
246,246,35,35,3,1,120.0000,143
247,247,21,21,3,1,120.0000,144
248,248,35,43,3,0,121.0000,144
249,249,19,19,3,1,121.0000,145
250,250,14,26,3,0,122.0000,145
251,251,19,19,3,1,122.0000,146
252,252,0,0,3,1,122.0000,147
253,253,14,25,3,0,123.0000,147
254,254,40,40,3,1,123.0000,148
255,255,44,29,3,0,124.0000,148
256,256,47,24,3,0,125.0000,148
257,257,41,41,3,1,125.0000,149
258,258,9,9,3,1,125.0000,150
259,259,36,36,3,1,125.0000,151
260,260,33,33,3,1,125.0000,152
261,261,0,0,3,1,125.0000,153
262,262,0,26,3,0,126.0000,153
263,263,6,6,3,1,126.0000,154
264,264,47,2,3,0,127.0000,154
265,265,33,29,3,0,128.0000,154
266,266,10,10,3,1,128.0000,155
267,267,4,25,3,0,129.0000,155
268,268,35,35,3,1,129.0000,156
269,269,7,7,3,1,129.0000,157
270,270,18,18,3,1,129.0000,159
271,271,47,23,3,0,130.0000,159
272,272,27,27,3,1,130.0000,160
273,273,22,22,3,1,130.0000,161
274,274,17,17,3,1,130.0000,162
275,275,32,32,3,1,130.0000,163
276,276,14,48,3,0,131.0000,163
277,277,36,36,3,1,131.0000,164
278,278,1,1,3,1,131.0000,165
279,279,22,22,3,1,131.0000,166
280,280,32,32,3,1,131.0000,168
281,281,35,46,3,0,132.0000,168
282,282,0,0,3,1,132.0000,169
283,283,47,47,3,1,132.0000,170
284,284,4,4,3,1,132.0000,171
285,285,47,23,3,0,133.0000,171
286,286,17,17,3,1,133.0000,172
287,287,1,1,3,1,133.0000,173
288,288,14,12,3,0,134.0000,173
289,289,20,20,3,1,134.0000,174
290,290,32,30,3,0,135.0000,174
291,291,47,47,3,1,135.0000,175
292,292,41,41,3,1,135.0000,176
293,293,47,47,3,1,135.0000,177
294,294,10,10,3,1,135.0000,178
295,295,9,9,3,1,135.0000,179
296,296,23,23,3,1,135.0000,180
297,297,35,35,3,1,135.0000,181
298,298,21,31,3,0,136.0000,181
299,299,6,6,3,1,136.0000,182
300,300,32,32,3,1,136.0000,188
301,301,4,4,3,1,136.0000,189
302,302,48,48,3,1,136.0000,190
303,303,8,8,3,1,136.0000,191
304,304,47,45,3,0,137.0000,191
305,305,21,26,3,0,138.0000,191
306,306,41,41,3,1,138.0000,192
307,307,19,19,3,1,138.0000,193
308,308,8,8,3,1,138.0000,194
309,309,24,24,3,1,138.0000,195
310,310,41,41,3,1,138.0000,196
311,311,41,41,3,1,138.0000,197
312,312,48,48,3,1,138.0000,198
313,313,0,39,3,0,139.0000,198
314,314,31,31,3,1,139.0000,199
315,315,8,44,3,0,140.0000,199
316,316,20,20,3,1,140.0000,200
317,317,20,20,3,1,140.0000,201
318,318,0,11,3,0,141.0000,201
319,319,10,10,3,1,141.0000,202
320,320,41,41,3,1,141.0000,203
321,321,6,6,3,1,141.0000,204
322,322,37,37,3,1,141.0000,205
323,323,35,35,3,1,141.0000,206
324,324,0,11,3,0,142.0000,206
325,325,2,2,3,1,142.0000,207
326,326,10,10,3,1,142.0000,208
327,327,0,0,3,1,142.0000,209
328,328,36,36,3,1,142.0000,210
329,329,36,36,3,1,142.0000,211
330,330,35,42,3,0,143.0000,211
331,331,5,5,3,1,143.0000,212
332,332,5,5,3,1,143.0000,213
333,333,20,20,3,1,143.0000,214
334,334,14,14,3,1,143.0000,215
335,335,0,11,3,0,144.0000,215
336,336,35,43,3,0,145.0000,215
337,337,32,30,3,0,146.0000,215
338,338,48,18,3,0,147.0000,215
339,339,1,1,3,1,147.0000,216
340,340,47,47,3,1,147.0000,217
341,341,40,40,3,1,147.0000,218
342,342,10,10,3,1,147.0000,219
343,343,3,3,3,1,147.0000,220
344,344,28,28,3,1,147.0000,221
345,345,3,3,3,1,147.0000,222
346,346,6,6,3,1,147.0000,223
347,347,4,4,3,1,147.0000,224
348,348,48,12,3,0,148.0000,224
349,349,47,45,3,0,149.0000,224
350,350,0,0,3,1,149.0000,225
351,351,14,14,3,1,149.0000,226
352,352,18,18,3,1,149.0000,227
353,353,14,14,3,1,149.0000,228
354,354,0,13,3,0,150.0000,228
355,355,40,40,3,1,150.0000,229
356,356,1,1,3,1,150.0000,230
357,357,9,9,3,1,150.0000,231
358,358,14,14,3,1,150.0000,232
359,359,5,5,3,1,150.0000,233
360,360,14,48,3,0,151.0000,233
361,361,34,13,3,0,152.0000,233
362,362,47,45,3,0,153.0000,233
363,363,14,14,3,1,153.0000,234
364,364,24,24,3,1,153.0000,235
365,365,41,41,3,1,153.0000,236
366,366,48,15,3,0,154.0000,236
367,367,1,1,3,1,154.0000,237
368,368,33,29,3,0,155.0000,237
369,369,10,10,3,1,155.0000,238
370,370,7,7,3,1,155.0000,239
371,371,33,29,3,0,156.0000,239
372,372,47,47,3,1,156.0000,240
373,373,21,21,3,1,156.0000,241
374,374,47,45,3,0,157.0000,241
375,375,44,44,3,1,157.0000,242
376,376,4,4,3,1,157.0000,243
377,377,0,25,3,0,158.0000,243
378,378,44,44,3,1,158.0000,244
379,379,20,20,3,1,158.0000,245
380,380,3,3,3,1,158.0000,247
381,381,5,5,3,1,158.0000,248
382,382,5,16,3,0,159.0000,248
383,383,20,20,3,1,159.0000,249
384,384,0,0,3,1,159.0000,250
385,385,10,10,3,1,159.0000,251
386,386,24,15,3,0,160.0000,251
387,387,44,44,3,1,160.0000,252
388,388,20,20,3,1,160.0000,253
389,389,5,16,3,0,161.0000,253
390,390,3,3,3,1,161.0000,254
391,391,37,37,3,1,161.0000,255
392,392,35,42,3,0,162.0000,255
393,393,44,44,3,1,162.0000,256
394,394,0,0,3,1,162.0000,257
395,395,19,19,3,1,162.0000,258
396,396,3,3,3,1,162.0000,259
397,397,1,39,3,0,163.0000,259
398,398,27,27,3,1,163.0000,260
399,399,48,48,3,1,163.0000,261
400,400,5,16,3,0,164.0000,261
401,401,35,46,3,0,165.0000,261
402,402,34,34,3,1,165.0000,262
403,403,44,44,3,1,165.0000,263
404,404,47,45,3,0,166.0000,263
405,405,22,22,3,1,166.0000,264
406,406,18,18,3,1,166.0000,265
407,407,24,24,3,1,166.0000,266
408,408,19,19,3,1,166.0000,267
409,409,6,6,3,1,166.0000,268
410,410,1,39,3,0,167.0000,268
411,411,14,48,3,0,168.0000,268
412,412,35,35,3,1,168.0000,269
413,413,0,0,3,1,168.0000,270
414,414,35,46,3,0,169.0000,270
415,415,1,1,3,1,169.0000,271
416,416,14,12,3,0,170.0000,271
417,417,35,35,3,1,170.0000,272
418,418,47,45,3,0,171.0000,272
419,419,35,35,3,1,171.0000,273
420,420,23,23,3,1,171.0000,274
421,421,35,46,3,0,172.0000,274
422,422,48,18,3,0,173.0000,274
423,423,7,7,3,1,173.0000,275
424,424,6,6,3,1,173.0000,276
425,425,35,46,3,0,174.0000,276
426,426,34,34,3,1,174.0000,277
427,427,24,24,3,1,174.0000,278
428,428,31,31,3,1,174.0000,279
429,429,2,2,3,1,174.0000,280
430,430,19,19,3,1,174.0000,281
431,431,23,23,3,1,174.0000,282
432,432,35,46,3,0,175.0000,282
433,433,37,37,3,1,175.0000,283
434,434,33,33,3,1,175.0000,284
435,435,35,42,3,0,176.0000,284
436,436,6,6,3,1,176.0000,285
437,437,9,9,3,1,176.0000,286
438,438,40,40,3,1,176.0000,287
439,439,33,38,3,0,177.0000,287
440,440,48,48,3,1,177.0000,288
441,441,48,48,3,1,177.0000,289
442,442,5,16,3,0,178.0000,289
443,443,28,28,3,1,178.0000,290
444,444,35,42,3,0,179.0000,290
445,445,34,34,3,1,179.0000,291
446,446,17,17,3,1,179.0000,292
447,447,1,1,3,1,179.0000,293
448,448,3,3,3,1,179.0000,294
449,449,33,33,3,1,179.0000,295
450,450,9,9,3,1,179.0000,296
451,451,0,42,3,0,180.0000,296
452,452,47,47,3,1,180.0000,297
453,453,10,10,3,1,180.0000,298
454,454,37,37,3,1,180.0000,299
455,455,0,0,3,1,180.0000,300
456,456,24,45,3,0,181.0000,300
457,457,35,42,3,0,182.0000,300
458,458,35,35,3,1,182.0000,301
459,459,9,9,3,1,182.0000,302
460,460,4,4,3,1,182.0000,303
461,461,5,5,3,1,182.0000,304
462,462,24,24,3,1,182.0000,305
463,463,33,38,3,0,183.0000,305
464,464,47,47,3,1,183.0000,306
465,465,0,25,3,0,184.0000,306
466,466,6,6,3,1,184.0000,307
467,467,33,29,3,0,185.0000,307
468,468,35,42,3,0,186.0000,307
469,469,2,2,3,1,186.0000,308
470,470,40,40,3,1,186.0000,309
471,471,3,3,3,1,186.0000,310
472,472,34,11,3,0,187.0000,310
473,473,41,41,3,1,187.0000,311
474,474,23,23,3,1,187.0000,312
475,475,22,22,3,1,187.0000,313
476,476,19,19,3,1,187.0000,314
477,477,8,8,3,1,187.0000,315
478,478,19,19,3,1,187.0000,316
479,479,17,17,3,1,187.0000,317
480,480,32,32,3,1,187.0000,318
481,481,2,2,3,1,187.0000,319
482,482,36,42,3,0,188.0000,319
483,483,35,46,3,0,189.0000,319
484,484,33,33,3,1,189.0000,320
485,485,20,20,3,1,189.0000,321
486,486,21,15,3,0,190.0000,321
487,487,21,26,3,0,191.0000,321
488,488,5,5,3,1,191.0000,322
489,489,14,26,3,0,192.0000,322
490,490,36,42,3,0,193.0000,322
491,491,33,38,3,0,194.0000,322
492,492,2,26,3,0,195.0000,322
493,493,45,12,3,0,196.0000,322
494,494,7,7,3,1,196.0000,323
495,495,10,10,3,1,196.0000,324
496,496,33,33,3,1,196.0000,325
497,497,48,18,3,0,197.0000,325
498,498,20,20,3,1,197.0000,326
499,499,5,16,3,0,198.0000,326
500,500,21,21,3,1,198.0000,327
501,501,0,11,3,0,199.0000,327
502,502,1,39,3,0,200.0000,327
503,503,24,24,3,1,200.0000,328
504,504,0,11,3,0,201.0000,328
505,505,0,0,3,1,201.0000,329
506,506,18,18,3,1,201.0000,330
507,507,1,1,3,1,201.0000,331
508,508,44,15,3,0,202.0000,331
509,509,0,0,3,1,202.0000,332
510,510,35,46,3,0,203.0000,332
511,511,44,44,3,1,203.0000,333
512,512,41,41,3,1,203.0000,334
513,513,8,8,3,1,203.0000,335
514,514,40,40,3,1,203.0000,336
515,515,5,5,3,1,203.0000,337
516,516,3,3,3,1,203.0000,338
517,517,28,28,3,1,203.0000,339
518,518,40,40,3,1,203.0000,340
519,519,18,18,3,1,203.0000,341
520,520,37,37,3,1,203.0000,342
521,521,19,19,3,1,203.0000,343
522,522,23,23,3,1,203.0000,344
523,523,24,24,3,1,203.0000,345
524,524,40,40,3,1,203.0000,346
525,525,17,17,3,1,203.0000,347
526,526,27,2,3,0,204.0000,347
527,527,33,33,3,1,204.0000,348
528,528,4,4,3,1,204.0000,349
529,529,32,30,3,0,205.0000,349
530,530,35,43,3,0,206.0000,349
531,531,22,22,3,1,206.0000,350
532,532,34,34,3,1,206.0000,351
533,533,4,4,3,1,206.0000,352
534,534,1,1,3,1,206.0000,353
535,535,32,30,3,0,207.0000,353
536,536,45,12,3,0,208.0000,353
537,537,24,45,3,0,209.0000,353
538,538,5,16,3,0,210.0000,353
539,539,14,14,3,1,210.0000,354
540,540,35,35,3,1,210.0000,355
541,541,32,32,3,1,210.0000,356
542,542,34,11,3,0,211.0000,356
543,543,28,28,3,1,211.0000,357
544,544,34,34,3,1,211.0000,358
545,545,35,35,3,1,211.0000,359
546,546,41,41,3,1,211.0000,360
547,547,37,37,3,1,211.0000,361
548,548,14,14,3,1,211.0000,362
549,549,35,35,3,1,211.0000,363
550,550,2,26,3,0,212.0000,363
551,551,31,31,3,1,212.0000,364
552,552,6,6,3,1,212.0000,365
553,553,20,20,3,1,212.0000,366
554,554,5,5,3,1,212.0000,367
555,555,6,6,3,1,212.0000,368
556,556,35,46,3,0,213.0000,368
557,557,48,48,3,1,213.0000,369
558,558,22,22,3,1,213.0000,370
559,559,22,22,3,1,213.0000,371
560,560,35,46,3,0,214.0000,371
561,561,33,29,3,0,215.0000,371
562,562,33,33,3,1,215.0000,372
563,563,14,14,3,1,215.0000,373
564,564,33,33,3,1,215.0000,374
565,565,3,3,3,1,215.0000,375
566,566,24,45,3,0,216.0000,375
567,567,25,25,3,1,216.0000,376
568,568,3,3,3,1,216.0000,377
569,569,8,8,3,1,216.0000,378
570,570,45,29,3,0,217.0000,378
571,571,32,30,3,0,218.0000,378
572,572,1,1,3,1,218.0000,379
573,573,35,43,3,0,219.0000,379
574,574,19,19,3,1,219.0000,380
575,575,32,32,3,1,219.0000,381
576,576,35,42,3,0,220.0000,381
577,577,36,36,3,1,220.0000,382
578,578,28,28,3,1,220.0000,383
579,579,14,26,3,0,221.0000,383
580,580,47,47,3,1,221.0000,384
581,581,24,45,3,0,222.0000,384
582,582,45,12,3,0,223.0000,384
583,583,48,48,3,1,223.0000,385
584,584,24,24,3,1,223.0000,386
585,585,34,34,3,1,223.0000,387
586,586,33,29,3,0,224.0000,387
587,587,17,17,3,1,224.0000,388
588,588,0,13,3,0,225.0000,388
589,589,4,4,3,1,225.0000,389
590,590,24,24,3,1,225.0000,390
591,591,0,13,3,0,226.0000,390
592,592,5,5,3,1,226.0000,391
593,593,0,13,3,0,227.0000,391
594,594,48,48,3,1,227.0000,392
595,595,47,47,3,1,227.0000,393
596,596,1,1,3,1,227.0000,394
597,597,0,15,3,0,228.0000,394
598,598,23,23,3,1,228.0000,395
599,599,14,26,3,0,229.0000,395
600,600,22,22,3,1,229.0000,396
601,601,27,27,3,1,229.0000,397
602,602,31,31,3,1,229.0000,398
603,603,28,28,3,1,229.0000,399
604,604,32,30,3,0,230.0000,399
605,605,0,13,3,0,231.0000,399
606,606,48,48,3,1,231.0000,400
607,607,0,11,3,0,232.0000,400
608,608,2,2,3,1,232.0000,401
609,609,27,25,3,0,233.0000,401
610,610,8,8,3,1,233.0000,402
611,611,24,24,3,1,233.0000,403
612,612,3,3,3,1,233.0000,404
613,613,27,27,3,1,233.0000,405
614,614,8,8,3,1,233.0000,406
615,615,35,21,3,0,234.0000,406
616,616,44,42,3,0,235.0000,406
617,617,1,1,3,1,235.0000,407
618,618,19,19,3,1,235.0000,408
619,619,33,29,3,0,236.0000,408
620,620,14,14,3,1,236.0000,409
621,621,0,0,3,1,236.0000,410
622,622,33,38,3,0,237.0000,410
623,623,27,25,3,0,238.0000,410
624,624,33,29,3,0,239.0000,410
625,625,31,21,3,0,240.0000,410
626,626,31,31,3,1,240.0000,411
627,627,32,30,3,0,241.0000,411
628,628,32,39,3,0,242.0000,411
629,629,36,36,3,1,242.0000,412
630,630,14,26,3,0,243.0000,412
631,631,41,41,3,1,243.0000,413
632,632,4,4,3,1,243.0000,414
633,633,23,23,3,1,243.0000,415
634,634,0,0,3,1,243.0000,416
635,635,28,28,3,1,243.0000,417
636,636,0,13,3,0,244.0000,417
637,637,47,2,3,0,245.0000,417
638,638,35,43,3,0,246.0000,417
639,639,9,9,3,1,246.0000,418
640,640,41,41,3,1,246.0000,419
641,641,0,11,3,0,247.0000,419
642,642,17,17,3,1,247.0000,420
643,643,20,20,3,1,247.0000,421
644,644,48,15,3,0,248.0000,421
645,645,18,18,3,1,248.0000,422
646,646,0,13,3,0,249.0000,422
647,647,27,38,3,0,250.0000,422
648,648,19,19,3,1,250.0000,423
649,649,35,43,3,0,251.0000,423
650,650,33,33,3,1,251.0000,424
651,651,32,32,3,1,251.0000,425
652,652,32,32,3,1,251.0000,426
653,653,14,26,3,0,252.0000,426
654,654,40,40,3,1,252.0000,427
655,655,14,48,3,0,253.0000,427
656,656,0,0,3,1,253.0000,428
657,657,44,38,3,0,254.0000,428
658,658,33,38,3,0,255.0000,428
659,659,45,38,3,0,256.0000,428
660,660,5,16,3,0,257.0000,428
661,661,10,10,3,1,257.0000,429
662,662,32,30,3,0,258.0000,429
663,663,1,1,3,1,258.0000,430
664,664,6,6,3,1,258.0000,431
665,665,41,41,3,1,258.0000,432
666,666,10,10,3,1,258.0000,433
667,667,18,18,3,1,258.0000,434
668,668,1,1,3,1,258.0000,435
669,669,20,20,3,1,258.0000,436
670,670,35,35,3,1,258.0000,437
671,671,33,33,3,1,258.0000,438
672,672,21,21,3,1,258.0000,439
673,673,3,3,3,1,258.0000,440
674,674,35,42,3,0,259.0000,440
675,675,0,0,3,1,259.0000,441
676,676,45,38,3,0,260.0000,441
677,677,47,47,3,1,260.0000,442
678,678,31,31,3,1,260.0000,443
679,679,14,14,3,1,260.0000,444
680,680,14,26,3,0,261.0000,446
681,681,32,32,3,1,261.0000,447
682,682,36,36,3,1,261.0000,448
683,683,4,4,3,1,261.0000,449
684,684,36,36,3,1,261.0000,450
685,685,27,27,3,1,261.0000,451
686,686,21,21,3,1,261.0000,452
687,687,24,24,3,1,261.0000,453
688,688,48,48,3,1,261.0000,454
689,689,32,32,3,1,261.0000,455
690,690,32,32,3,1,261.0000,456
691,691,35,46,3,0,262.0000,456
692,692,1,1,3,1,262.0000,457
693,693,47,47,3,1,262.0000,458
694,694,5,16,3,0,263.0000,458
695,695,28,28,3,1,263.0000,459
696,696,1,39,3,0,264.0000,459
697,697,37,37,3,1,264.0000,460
698,698,4,4,3,1,264.0000,461
699,699,0,13,3,0,265.0000,461
700,700,6,6,3,1,265.0000,462
701,701,33,33,3,1,265.0000,463
702,702,14,14,3,1,265.0000,464
703,703,32,30,3,0,266.0000,464
704,704,40,40,3,1,266.0000,465
705,705,27,27,3,1,266.0000,466
706,706,44,44,3,1,266.0000,467
707,707,45,12,3,0,267.0000,467
708,708,32,32,3,1,267.0000,468
709,709,9,9,3,1,267.0000,469
710,710,44,44,3,1,267.0000,470
711,711,2,2,3,1,267.0000,471
712,712,21,21,3,1,267.0000,472
713,713,24,24,3,1,267.0000,473
714,714,41,41,3,1,267.0000,474
715,715,24,24,3,1,267.0000,475
716,716,7,7,3,1,267.0000,476
717,717,0,11,3,0,268.0000,476
718,718,3,3,3,1,268.0000,477
719,719,10,10,3,1,268.0000,478
720,720,0,26,3,0,269.0000,478
721,721,10,10,3,1,269.0000,479
722,722,35,21,3,0,270.0000,479
723,723,0,25,3,0,271.0000,479
724,724,35,46,3,0,272.0000,479
725,725,28,28,3,1,272.0000,480
726,726,0,13,3,0,273.0000,480
727,727,5,16,3,0,274.0000,480
728,728,0,39,3,0,275.0000,480
729,729,33,38,3,0,276.0000,480
730,730,31,31,3,1,276.0000,481
731,731,7,7,3,1,276.0000,482
732,732,37,37,3,1,276.0000,483
733,733,4,4,3,1,276.0000,484
734,734,47,47,3,1,276.0000,485
735,735,1,39,3,0,277.0000,485
736,736,18,18,3,1,277.0000,486
737,737,18,18,3,1,277.0000,487
738,738,32,32,3,1,277.0000,488
739,739,34,34,3,1,277.0000,489
740,740,35,35,3,1,277.0000,490
741,741,14,14,3,1,277.0000,491
742,742,34,34,3,1,277.0000,492
743,743,14,14,3,1,277.0000,493
744,744,2,2,3,1,277.0000,494
745,745,14,14,3,1,277.0000,495
746,746,6,6,3,1,277.0000,496
747,747,27,27,3,1,277.0000,497
748,748,41,41,3,1,277.0000,498
749,749,35,43,3,0,278.0000,498
750,750,14,14,3,1,278.0000,499
751,751,1,39,3,0,279.0000,499
752,752,6,6,3,1,279.0000,500
753,753,22,22,3,1,279.0000,501
754,754,28,28,3,1,279.0000,502
755,755,6,6,3,1,279.0000,503
756,756,23,23,3,1,279.0000,504
757,757,1,39,3,0,280.0000,504
758,758,17,17,3,1,280.0000,505
759,759,17,17,3,1,280.0000,506
760,760,36,36,3,1,280.0000,507
761,761,34,15,3,0,281.0000,507
762,762,0,11,3,0,282.0000,507
763,763,32,30,3,0,283.0000,507
764,764,2,2,3,1,283.0000,508
765,765,7,7,3,1,283.0000,509
766,766,27,25,3,0,284.0000,509
767,767,4,4,3,1,284.0000,510
768,768,10,10,3,1,284.0000,511
769,769,1,39,3,0,285.0000,511
770,770,37,37,3,1,285.0000,513
771,771,18,18,3,1,285.0000,514
772,772,0,39,3,0,286.0000,514
773,773,0,13,3,0,287.0000,514
774,774,24,24,3,1,287.0000,515
775,775,21,21,3,1,287.0000,516
776,776,35,43,3,0,288.0000,516
777,777,27,25,3,0,289.0000,516
778,778,48,48,3,1,289.0000,517
779,779,47,47,3,1,289.0000,518
780,780,37,37,3,1,289.0000,519
781,781,48,18,3,0,290.0000,519
782,782,24,24,3,1,290.0000,520
783,783,35,43,3,0,291.0000,520
784,784,6,6,3,1,291.0000,521
785,785,20,20,3,1,291.0000,522
786,786,1,39,3,0,292.0000,522
787,787,24,15,3,0,293.0000,522
788,788,34,34,3,1,293.0000,523
789,789,31,31,3,1,293.0000,524
790,790,18,18,3,1,293.0000,525
791,791,19,19,3,1,293.0000,526
792,792,0,13,3,0,294.0000,526
793,793,7,7,3,1,294.0000,527
794,794,24,24,3,1,294.0000,528
795,795,37,37,3,1,294.0000,529
796,796,9,9,3,1,294.0000,530
797,797,27,27,3,1,294.0000,531
798,798,5,16,3,0,295.0000,531
799,799,35,42,3,0,296.0000,531
800,800,0,0,3,1,296.0000,532
801,801,18,12,3,0,297.0000,532
802,802,40,40,3,1,297.0000,533
803,803,36,42,3,0,298.0000,533
804,804,24,15,3,0,299.0000,533
805,805,31,31,3,1,299.0000,534
806,806,34,34,3,1,299.0000,535
807,807,9,9,3,1,299.0000,536
808,808,34,34,3,1,299.0000,537
809,809,0,0,3,1,299.0000,538
810,810,1,39,3,0,300.0000,538
811,811,32,32,3,1,300.0000,539
812,812,14,26,3,0,301.0000,539
813,813,3,3,3,1,301.0000,540
814,814,21,21,3,1,301.0000,541
815,815,23,23,3,1,301.0000,542
816,816,14,14,3,1,301.0000,543
817,817,34,34,3,1,301.0000,544
818,818,5,16,3,0,302.0000,544
819,819,0,0,3,1,302.0000,545
820,820,31,31,3,1,302.0000,546
821,821,8,8,3,1,302.0000,547
822,822,0,45,3,0,303.0000,547
823,823,5,16,3,0,304.0000,547
824,824,35,43,3,0,305.0000,547
825,825,8,8,3,1,305.0000,548
826,826,28,28,3,1,305.0000,549
827,827,32,32,3,1,305.0000,550
828,828,47,47,3,1,305.0000,551
829,829,8,8,3,1,305.0000,552
830,830,45,12,3,0,306.0000,552
831,831,9,9,3,1,306.0000,553
832,832,8,8,3,1,306.0000,554
833,833,21,21,3,1,306.0000,555
834,834,5,6,3,0,307.0000,555
835,835,23,23,3,1,307.0000,556
836,836,7,7,3,1,307.0000,557
837,837,6,6,3,1,307.0000,558
838,838,44,15,3,0,308.0000,558
839,839,35,43,3,0,309.0000,558
840,840,21,21,3,1,309.0000,559
841,841,9,9,3,1,309.0000,560
842,842,32,32,3,1,309.0000,561
843,843,28,28,3,1,309.0000,562
844,844,37,37,3,1,309.0000,563
845,845,19,19,3,1,309.0000,564
846,846,2,26,3,0,310.0000,564
847,847,18,18,3,1,310.0000,565
848,848,10,10,3,1,310.0000,566
849,849,44,44,3,1,310.0000,567
850,850,47,47,3,1,310.0000,568
851,851,21,21,3,1,310.0000,569
852,852,37,37,3,1,310.0000,570
853,853,20,20,3,1,310.0000,571
854,854,45,12,3,0,311.0000,571
855,855,27,2,3,0,312.0000,571
856,856,37,37,3,1,312.0000,572
857,857,28,28,3,1,312.0000,573
858,858,9,9,3,1,312.0000,574
859,859,5,5,3,1,312.0000,575
860,860,47,47,3,1,312.0000,576
861,861,0,13,3,0,313.0000,576
862,862,36,36,3,1,313.0000,577
863,863,32,30,3,0,314.0000,577
864,864,5,16,3,0,315.0000,577
865,865,17,17,3,1,315.0000,578
866,866,27,25,3,0,316.0000,578
867,867,35,46,3,0,317.0000,578
868,868,33,33,3,1,317.0000,579
869,869,32,32,3,1,317.0000,580
870,870,6,6,3,1,317.0000,581
871,871,41,41,3,1,317.0000,582
872,872,47,47,3,1,317.0000,583
873,873,36,36,3,1,317.0000,584
874,874,0,0,3,1,317.0000,585
875,875,34,34,3,1,317.0000,586
876,876,31,31,3,1,317.0000,587
877,877,44,15,3,0,318.0000,587
878,878,5,16,3,0,319.0000,587
879,879,7,7,3,1,319.0000,588
880,880,45,38,3,0,320.0000,589
881,881,7,7,3,1,320.0000,590
882,882,14,14,3,1,320.0000,591
883,883,0,11,3,0,321.0000,591
884,884,7,7,3,1,321.0000,592
885,885,35,42,3,0,322.0000,592
886,886,6,6,3,1,322.0000,593
887,887,35,43,3,0,323.0000,593
888,888,47,47,3,1,323.0000,594
889,889,22,22,3,1,323.0000,595
890,890,24,24,3,1,323.0000,596
891,891,45,12,3,0,324.0000,596
892,892,5,5,3,1,324.0000,597
893,893,10,10,3,1,324.0000,598
894,894,33,33,3,1,324.0000,599
895,895,0,13,3,0,325.0000,599
896,896,22,22,3,1,325.0000,600
897,897,20,20,3,1,325.0000,601
898,898,4,4,3,1,325.0000,602
899,899,36,36,3,1,325.0000,603
900,900,21,21,3,1,325.0000,604
901,901,28,28,3,1,325.0000,605
902,902,0,11,3,0,326.0000,605
903,903,9,9,3,1,326.0000,606
904,904,19,19,3,1,326.0000,607
905,905,36,42,3,0,327.0000,607
906,906,20,20,3,1,327.0000,608
907,907,34,34,3,1,327.0000,609
908,908,18,18,3,1,327.0000,610
909,909,14,13,3,0,328.0000,610
910,910,28,28,3,1,328.0000,611
911,911,37,37,3,1,328.0000,612
912,912,23,23,3,1,328.0000,613
913,913,25,25,3,1,328.0000,614
914,914,17,17,3,1,328.0000,615
915,915,47,2,3,0,329.0000,615
916,916,48,48,3,1,329.0000,616
917,917,2,2,3,1,329.0000,617
918,918,37,37,3,1,329.0000,618
919,919,6,6,3,1,329.0000,619
920,920,5,16,3,0,330.0000,619
921,921,14,48,3,0,331.0000,619
922,922,23,23,3,1,331.0000,620
923,923,7,7,3,1,331.0000,621
924,924,0,11,3,0,332.0000,621
925,925,5,16,3,0,333.0000,621
926,926,14,14,3,1,333.0000,622
927,927,22,22,3,1,333.0000,623
928,928,27,27,3,1,333.0000,624
929,929,3,3,3,1,333.0000,625
930,930,24,24,3,1,333.0000,626
931,931,47,47,3,1,333.0000,627
932,932,48,48,3,1,333.0000,628
933,933,27,27,3,1,333.0000,629
934,934,17,17,3,1,333.0000,630
935,935,35,35,3,1,333.0000,631
936,936,33,29,3,0,334.0000,631
937,937,5,16,3,0,335.0000,631
938,938,0,11,3,0,336.0000,631
939,939,5,5,3,1,336.0000,632
940,940,1,1,3,1,336.0000,633
941,941,1,1,3,1,336.0000,634
942,942,34,34,3,1,336.0000,635
943,943,10,10,3,1,336.0000,636
944,944,7,7,3,1,336.0000,637
945,945,35,43,3,0,337.0000,637
946,946,22,22,3,1,337.0000,638
947,947,48,48,3,1,337.0000,639
948,948,44,44,3,1,337.0000,640
949,949,0,0,3,1,337.0000,641
950,950,9,9,3,1,337.0000,643
951,951,35,35,3,1,337.0000,644
952,952,25,25,3,1,337.0000,645
953,953,9,9,3,1,337.0000,646
954,954,27,27,3,1,337.0000,647
955,955,27,27,3,1,337.0000,648
956,956,17,17,3,1,337.0000,649
957,957,34,34,3,1,337.0000,650
958,958,18,26,3,0,338.0000,650
959,959,35,43,3,0,339.0000,650
960,960,20,20,3,1,339.0000,651
961,961,32,32,3,1,339.0000,652
962,962,27,27,3,1,339.0000,653
963,963,45,29,3,0,340.0000,653
964,964,14,14,3,1,340.0000,654
965,965,37,37,3,1,340.0000,655
966,966,47,47,3,1,340.0000,656
967,967,27,27,3,1,340.0000,657
968,968,1,1,3,1,340.0000,658
969,969,37,37,3,1,340.0000,659
970,970,20,20,3,1,340.0000,660
971,971,0,0,3,1,340.0000,661
972,972,8,8,3,1,340.0000,662
973,973,32,32,3,1,340.0000,663
974,974,0,0,3,1,340.0000,664
975,975,41,41,3,1,340.0000,665
976,976,10,10,3,1,340.0000,666
977,977,5,5,3,1,340.0000,667
978,978,21,21,3,1,340.0000,668
979,979,0,13,3,0,341.0000,668
980,980,8,8,3,1,341.0000,669
981,981,23,23,3,1,341.0000,670
982,982,48,48,3,1,341.0000,671
983,983,24,45,3,0,342.0000,671
984,984,23,23,3,1,342.0000,672
985,985,31,31,3,1,342.0000,673
986,986,34,11,3,0,343.0000,673
987,987,33,29,3,0,344.0000,673
988,988,44,29,3,0,345.0000,673
989,989,0,29,3,0,346.0000,673
990,990,34,34,3,1,346.0000,674
991,991,9,9,3,1,346.0000,675
992,992,21,39,3,0,347.0000,675
993,993,24,45,3,0,348.0000,675
994,994,7,7,3,1,348.0000,676
995,995,17,17,3,1,348.0000,677
996,996,35,46,3,0,349.0000,677
997,997,7,7,3,1,349.0000,678
998,998,44,36,3,0,350.0000,678
999,999,24,24,3,1,350.0000,679
1000,1000,1,39,3,0,351.0000,679
1001,1001,36,36,3,1,351.0000,680
1002,1002,23,39,3,0,352.0000,680
1003,1003,10,10,3,1,352.0000,681
1004,1004,14,26,3,0,353.0000,681
1005,1005,7,7,3,1,353.0000,682
1006,1006,25,25,3,1,353.0000,683
1007,1007,0,42,3,0,354.0000,683
1008,1008,47,45,3,0,355.0000,683
1009,1009,3,3,3,1,355.0000,684
1010,1010,44,44,3,1,355.0000,685
1011,1011,31,31,3,1,355.0000,686
1012,1012,21,21,3,1,355.0000,687
1013,1013,0,0,3,1,355.0000,688
1014,1014,24,45,3,0,356.0000,688
1015,1015,8,8,3,1,356.0000,689
1016,1016,10,10,3,1,356.0000,690
1017,1017,20,20,3,1,356.0000,691
1018,1018,5,5,3,1,356.0000,692
1019,1019,10,10,3,1,356.0000,693
1020,1020,3,3,3,1,356.0000,694
1021,1021,3,3,3,1,356.0000,695
1022,1022,24,15,3,0,357.0000,695
1023,1023,9,9,3,1,357.0000,696
1024,1024,22,22,3,1,357.0000,697
1025,1025,14,14,3,1,357.0000,698
1026,1026,32,30,3,0,358.0000,698
1027,1027,20,12,3,0,359.0000,698
1028,1028,35,43,3,0,360.0000,698
1029,1029,21,21,3,1,360.0000,699
1030,1030,4,4,3,1,360.0000,701
1031,1031,32,30,3,0,361.0000,701
1032,1032,33,38,3,0,362.0000,701
1033,1033,24,45,3,0,363.0000,701
1034,1034,27,27,3,1,363.0000,702
1035,1035,7,7,3,1,363.0000,703
1036,1036,23,23,3,1,363.0000,704
1037,1037,18,18,3,1,363.0000,705
1038,1038,17,17,3,1,363.0000,706
1039,1039,33,33,3,1,363.0000,707
1040,1040,33,38,3,0,364.0000,707
1041,1041,44,44,3,1,364.0000,708
1042,1042,22,22,3,1,364.0000,709
1043,1043,35,46,3,0,365.0000,709
1044,1044,47,47,3,1,365.0000,710
1045,1045,0,11,3,0,366.0000,710
1046,1046,45,12,3,0,367.0000,710
1047,1047,6,6,3,1,367.0000,711
1048,1048,27,27,3,1,367.0000,712
1049,1049,33,29,3,0,368.0000,712
1050,1050,20,20,3,1,368.0000,713
1051,1051,2,2,3,1,368.0000,714
1052,1052,9,9,3,1,368.0000,715
1053,1053,32,32,3,1,368.0000,716
1054,1054,8,8,3,1,368.0000,717
1055,1055,41,41,3,1,368.0000,718
1056,1056,5,5,3,1,368.0000,719
1057,1057,23,23,3,1,368.0000,720
1058,1058,33,29,3,0,369.0000,720
1059,1059,22,22,3,1,369.0000,721
1060,1060,44,44,3,1,369.0000,722
1061,1061,32,30,3,0,370.0000,722
1062,1062,1,39,3,0,371.0000,722
1063,1063,1,39,3,0,372.0000,722
1064,1064,14,14,3,1,372.0000,723
1065,1065,18,18,3,1,372.0000,724
1066,1066,24,15,3,0,373.0000,724
1067,1067,27,27,3,1,373.0000,725
1068,1068,31,31,3,1,373.0000,726
1069,1069,6,6,3,1,373.0000,727
1070,1070,3,3,3,1,373.0000,728
1071,1071,8,8,3,1,373.0000,729
1072,1072,2,2,3,1,373.0000,730
1073,1073,5,16,3,0,374.0000,730
1074,1074,48,48,3,1,374.0000,731
1075,1075,25,25,3,1,374.0000,732
1076,1076,34,15,3,0,375.0000,732
1077,1077,0,0,3,1,375.0000,733
1078,1078,17,17,3,1,375.0000,734
1079,1079,34,11,3,0,376.0000,734
1080,1080,2,2,3,1,376.0000,735
1081,1081,5,16,3,0,377.0000,735
1082,1082,44,44,3,1,377.0000,736
1083,1083,27,27,3,1,377.0000,737
1084,1084,47,47,3,1,377.0000,738
1085,1085,25,25,3,1,377.0000,739
1086,1086,47,45,3,0,378.0000,739
1087,1087,5,5,3,1,378.0000,740
1088,1088,17,17,3,1,378.0000,741
1089,1089,2,2,3,1,378.0000,742
1090,1090,35,43,3,0,379.0000,742
1091,1091,4,4,3,1,379.0000,743
1092,1092,45,12,3,0,380.0000,743
1093,1093,20,20,3,1,380.0000,744
1094,1094,0,0,3,1,380.0000,745
1095,1095,33,33,3,1,380.0000,746
1096,1096,35,43,3,0,381.0000,746
1097,1097,0,48,3,0,382.0000,746
1098,1098,6,6,3,1,382.0000,747
1099,1099,32,30,3,0,383.0000,747
1100,1100,17,17,3,1,383.0000,748
1101,1101,7,7,3,1,383.0000,749
1102,1102,5,5,3,1,383.0000,750
1103,1103,25,25,3,1,383.0000,751
1104,1104,31,31,3,1,383.0000,752
1105,1105,34,11,3,0,384.0000,752
1106,1106,0,29,3,0,385.0000,752
1107,1107,4,4,3,1,385.0000,753
1108,1108,17,17,3,1,385.0000,754
1109,1109,32,32,3,1,385.0000,755
1110,1110,4,4,3,1,385.0000,756
1111,1111,34,11,3,0,386.0000,756
1112,1112,20,20,3,1,386.0000,757
1113,1113,21,21,3,1,386.0000,758
1114,1114,1,1,3,1,386.0000,759
1115,1115,34,34,3,1,386.0000,760
1116,1116,20,20,3,1,386.0000,761
1117,1117,23,23,3,1,386.0000,762
1118,1118,31,31,3,1,386.0000,763
1119,1119,41,41,3,1,386.0000,764
1120,1120,31,31,3,1,386.0000,766
1121,1121,31,31,3,1,386.0000,767
1122,1122,40,40,3,1,386.0000,768
1123,1123,31,31,3,1,386.0000,769
1124,1124,33,29,3,0,387.0000,769
1125,1125,10,10,3,1,387.0000,770
1126,1126,24,24,3,1,387.0000,771
1127,1127,14,48,3,0,388.0000,771
1128,1128,3,3,3,1,388.0000,772
1129,1129,35,43,3,0,389.0000,772
1130,1130,14,14,3,1,389.0000,773
1131,1131,32,32,3,1,389.0000,774
1132,1132,31,31,3,1,389.0000,775
1133,1133,36,36,3,1,389.0000,776
1134,1134,25,25,3,1,389.0000,777
1135,1135,0,13,3,0,390.0000,777
1136,1136,27,27,3,1,390.0000,778
1137,1137,5,16,3,0,391.0000,778
1138,1138,22,22,3,1,391.0000,779
1139,1139,40,40,3,1,391.0000,780
1140,1140,47,13,3,0,392.0000,780
1141,1141,21,21,3,1,392.0000,781
1142,1142,24,45,3,0,393.0000,781
1143,1143,2,2,3,1,393.0000,782
1144,1144,4,4,3,1,393.0000,783
1145,1145,35,46,3,0,394.0000,783
1146,1146,25,25,3,1,394.0000,784
1147,1147,33,33,3,1,394.0000,785
1148,1148,29,29,3,1,394.0000,786
1149,1149,47,47,3,1,394.0000,787
1150,1150,10,10,3,1,394.0000,788
1151,1151,0,11,3,0,395.0000,788
1152,1152,27,27,3,1,395.0000,789
1153,1153,28,28,3,1,395.0000,790
1154,1154,10,10,3,1,395.0000,791
1155,1155,35,42,3,0,396.0000,791
1156,1156,22,22,3,1,396.0000,792
1157,1157,17,17,3,1,396.0000,793
1158,1158,25,25,3,1,396.0000,794
1159,1159,40,40,3,1,396.0000,795
1160,1160,22,22,3,1,396.0000,796
1161,1161,48,48,3,1,396.0000,797
1162,1162,21,21,3,1,396.0000,798
1163,1163,5,16,3,0,397.0000,798
1164,1164,35,35,3,1,397.0000,799
1165,1165,4,4,3,1,397.0000,800
1166,1166,5,45,3,0,398.0000,800
1167,1167,27,27,3,1,398.0000,801
1168,1168,7,7,3,1,398.0000,802
1169,1169,35,43,3,0,399.0000,802
1170,1170,48,48,3,1,399.0000,803
1171,1171,35,43,3,0,400.0000,803
1172,1172,8,8,3,1,400.0000,804
1173,1173,25,25,3,1,400.0000,805
1174,1174,5,5,3,1,400.0000,806
1175,1175,48,18,3,0,401.0000,806
1176,1176,20,12,3,0,402.0000,806
1177,1177,0,13,3,0,403.0000,806
1178,1178,19,19,3,1,403.0000,807
1179,1179,5,16,3,0,404.0000,807
1180,1180,36,36,3,1,404.0000,808
1181,1181,3,3,3,1,404.0000,809
1182,1182,1,1,3,1,404.0000,810
1183,1183,33,38,3,0,405.0000,810
1184,1184,41,41,3,1,405.0000,811
1185,1185,0,13,3,0,406.0000,811
1186,1186,27,27,3,1,406.0000,812
1187,1187,19,19,3,1,406.0000,813
1188,1188,5,16,3,0,407.0000,813
1189,1189,37,37,3,1,407.0000,814
1190,1190,25,25,3,1,407.0000,815
1191,1191,33,33,3,1,407.0000,816
1192,1192,0,26,3,0,408.0000,816
1193,1193,23,23,3,1,408.0000,817
1194,1194,21,21,3,1,408.0000,818
1195,1195,0,38,3,0,409.0000,818
1196,1196,17,17,3,1,409.0000,819
1197,1197,36,36,3,1,409.0000,820
1198,1198,18,18,3,1,409.0000,821
1199,1199,44,44,3,1,409.0000,822
1200,1200,1,1,3,1,409.0000,823
1201,1201,32,30,3,0,410.0000,823
1202,1202,0,15,3,0,411.0000,823
1203,1203,29,29,3,1,411.0000,824
1204,1204,48,48,3,1,411.0000,825
1205,1205,14,26,3,0,412.0000,825
1206,1206,18,18,3,1,412.0000,826
1207,1207,33,33,3,1,412.0000,827
1208,1208,34,11,3,0,413.0000,827
1209,1209,19,19,3,1,413.0000,828
1210,1210,33,33,3,1,413.0000,829
1211,1211,1,39,3,0,414.0000,829
1212,1212,24,24,3,1,414.0000,830
1213,1213,41,41,3,1,414.0000,831
1214,1214,22,22,3,1,414.0000,832
1215,1215,32,32,3,1,414.0000,833
1216,1216,0,11,3,0,415.0000,833
1217,1217,0,38,3,0,416.0000,833
1218,1218,5,5,3,1,416.0000,834
1219,1219,3,3,3,1,416.0000,835
1220,1220,17,17,3,1,416.0000,836
1221,1221,28,28,3,1,416.0000,837
1222,1222,33,38,3,0,417.0000,837
1223,1223,6,6,3,1,417.0000,838
1224,1224,48,48,3,1,417.0000,839
1225,1225,7,7,3,1,417.0000,840
1226,1226,41,41,3,1,417.0000,841
1227,1227,14,14,3,1,417.0000,842
1228,1228,9,9,3,1,417.0000,843
1229,1229,33,33,3,1,417.0000,844
1230,1230,47,47,3,1,417.0000,845
1231,1231,32,32,3,1,417.0000,846
1232,1232,0,26,3,0,418.0000,846
1233,1233,36,36,3,1,418.0000,847
1234,1234,0,39,3,0,419.0000,847
1235,1235,24,15,3,0,420.0000,847
1236,1236,17,17,3,1,420.0000,848
1237,1237,5,5,3,1,420.0000,849
1238,1238,44,44,3,1,420.0000,850
1239,1239,0,0,3,1,420.0000,851
1240,1240,40,40,3,1,420.0000,852
1241,1241,40,40,3,1,420.0000,853
1242,1242,31,31,3,1,420.0000,854
1243,1243,25,25,3,1,420.0000,855
1244,1244,36,36,3,1,420.0000,856
1245,1245,20,20,3,1,420.0000,857
1246,1246,28,22,3,0,421.0000,857
1247,1247,33,33,3,1,421.0000,858
1248,1248,9,9,3,1,421.0000,859
1249,1249,17,17,3,1,421.0000,860
1250,1250,21,21,3,1,421.0000,861
1251,1251,4,4,3,1,421.0000,862
1252,1252,28,28,3,1,421.0000,863
1253,1253,35,35,3,1,421.0000,864
1254,1254,1,39,3,0,422.0000,864
1255,1255,34,13,3,0,423.0000,864
1256,1256,24,15,3,0,424.0000,864
1257,1257,32,30,3,0,425.0000,864
1258,1258,41,41,3,1,425.0000,865
1259,1259,5,16,3,0,426.0000,865
1260,1260,3,3,3,1,426.0000,866
1261,1261,0,11,3,0,427.0000,866
1262,1262,32,30,3,0,428.0000,866
1263,1263,36,42,3,0,429.0000,866
1264,1264,27,27,3,1,429.0000,867
1265,1265,14,26,3,0,430.0000,867
1266,1266,35,35,3,1,430.0000,868
1267,1267,40,40,3,1,430.0000,869
1268,1268,19,19,3,1,430.0000,870
1269,1269,44,44,3,1,430.0000,871
1270,1270,41,41,3,1,430.0000,872
1271,1271,44,44,3,1,430.0000,873
1272,1272,24,45,3,0,431.0000,873
1273,1273,41,42,3,0,432.0000,873
1274,1274,32,15,3,0,433.0000,873
1275,1275,33,33,3,1,433.0000,874
1276,1276,47,47,3,1,433.0000,875
1277,1277,4,4,3,1,433.0000,876
1278,1278,5,16,3,0,434.0000,876
1279,1279,40,40,3,1,434.0000,877
1280,1280,24,45,3,0,435.0000,877
1281,1281,22,22,3,1,435.0000,878
1282,1282,1,1,3,1,435.0000,879
1283,1283,48,12,3,0,436.0000,879
1284,1284,25,25,3,1,436.0000,880
1285,1285,7,7,3,1,436.0000,881
1286,1286,0,11,3,0,437.0000,881
1287,1287,35,42,3,0,438.0000,881
1288,1288,5,5,3,1,438.0000,882
1289,1289,21,21,3,1,438.0000,883
1290,1290,44,15,3,0,439.0000,883
1291,1291,44,15,3,0,440.0000,883
1292,1292,14,12,3,0,441.0000,883
1293,1293,1,39,3,0,442.0000,883
1294,1294,28,28,3,1,442.0000,884
1295,1295,4,4,3,1,442.0000,885
1296,1296,37,37,3,1,442.0000,886
1297,1297,17,17,3,1,442.0000,887
1298,1298,37,37,3,1,442.0000,888
1299,1299,34,13,3,0,443.0000,888
1300,1300,34,34,3,1,443.0000,889
1301,1301,28,28,3,1,443.0000,890
1302,1302,7,7,3,1,443.0000,891
1303,1303,35,43,3,0,444.0000,891
1304,1304,33,29,3,0,445.0000,891
1305,1305,27,2,3,0,446.0000,891
1306,1306,14,48,3,0,447.0000,891
1307,1307,0,38,3,0,448.0000,891
1308,1308,24,24,3,1,448.0000,892
1309,1309,23,23,3,1,448.0000,893
1310,1310,4,4,3,1,448.0000,894
1311,1311,40,40,3,1,448.0000,895
1312,1312,10,10,3,1,448.0000,896
1313,1313,34,34,3,1,448.0000,897
1314,1314,19,19,3,1,448.0000,898
1315,1315,2,2,3,1,448.0000,899
1316,1316,40,40,3,1,448.0000,900
1317,1317,48,48,3,1,448.0000,901
1318,1318,24,15,3,0,449.0000,901
1319,1319,48,48,3,1,449.0000,902
1320,1320,24,24,3,1,449.0000,904
1321,1321,9,9,3,1,449.0000,905
1322,1322,32,30,3,0,450.0000,905
1323,1323,36,36,3,1,450.0000,906
1324,1324,14,14,3,1,450.0000,907
1325,1325,21,21,3,1,450.0000,908
1326,1326,18,12,3,0,451.0000,908
1327,1327,32,32,3,1,451.0000,909
1328,1328,32,30,3,0,452.0000,909
1329,1329,33,38,3,0,453.0000,909
1330,1330,5,5,3,1,453.0000,910
1331,1331,35,35,3,1,453.0000,911
1332,1332,7,7,3,1,453.0000,912
1333,1333,29,29,3,1,453.0000,913
1334,1334,22,22,3,1,453.0000,914
1335,1335,8,8,3,1,453.0000,915
1336,1336,20,20,3,1,453.0000,916
1337,1337,0,11,3,0,454.0000,916
1338,1338,3,3,3,1,454.0000,917
1339,1339,47,47,3,1,454.0000,918
1340,1340,5,5,3,1,454.0000,919
1341,1341,35,43,3,0,455.0000,919
1342,1342,1,1,3,1,455.0000,920
1343,1343,35,43,3,0,456.0000,920
1344,1344,44,44,3,1,456.0000,921
1345,1345,35,35,3,1,456.0000,922
1346,1346,35,43,3,0,457.0000,922
1347,1347,45,12,3,0,458.0000,922
1348,1348,36,36,3,1,458.0000,923
1349,1349,21,21,3,1,458.0000,924
1350,1350,33,38,3,0,459.0000,924
1351,1351,10,10,3,1,459.0000,925
1352,1352,31,31,3,1,459.0000,926
1353,1353,3,3,3,1,459.0000,927
1354,1354,17,17,3,1,459.0000,928
1355,1355,0,11,3,0,460.0000,928
1356,1356,14,26,3,0,461.0000,928
1357,1357,8,8,3,1,461.0000,929
1358,1358,6,6,3,1,461.0000,930
1359,1359,33,29,3,0,462.0000,930
1360,1360,5,5,3,1,462.0000,931
1361,1361,7,7,3,1,462.0000,932
1362,1362,44,44,3,1,462.0000,933
1363,1363,45,12,3,0,463.0000,933
1364,1364,35,46,3,0,464.0000,933
1365,1365,44,44,3,1,464.0000,934
1366,1366,44,44,3,1,464.0000,935
1367,1367,19,19,3,1,464.0000,936
1368,1368,9,9,3,1,464.0000,937
1369,1369,0,13,3,0,465.0000,937
1370,1370,35,46,3,0,466.0000,937
1371,1371,25,25,3,1,466.0000,938
1372,1372,35,35,3,1,466.0000,939
1373,1373,14,26,3,0,467.0000,939
1374,1374,6,6,3,1,467.0000,940
1375,1375,22,22,3,1,467.0000,941
1376,1376,5,16,3,0,468.0000,941
1377,1377,21,21,3,1,468.0000,942
1378,1378,27,27,3,1,468.0000,943
1379,1379,14,14,3,1,468.0000,944
1380,1380,5,16,3,0,469.0000,944
1381,1381,0,38,3,0,470.0000,944
1382,1382,31,31,3,1,470.0000,945
1383,1383,0,11,3,0,471.0000,945
1384,1384,37,37,3,1,471.0000,946
1385,1385,31,31,3,1,471.0000,947
1386,1386,44,44,3,1,471.0000,948
1387,1387,25,25,3,1,471.0000,949
1388,1388,0,13,3,0,472.0000,949
1389,1389,44,44,3,1,472.0000,950
1390,1390,34,12,3,0,473.0000,950
1391,1391,5,5,3,1,473.0000,951
1392,1392,33,29,3,0,474.0000,951
1393,1393,14,26,3,0,475.0000,951
1394,1394,40,40,3,1,475.0000,952
1395,1395,10,10,3,1,475.0000,953
1396,1396,35,35,3,1,475.0000,954
1397,1397,1,39,3,0,476.0000,954
1398,1398,28,28,3,1,476.0000,955
1399,1399,14,26,3,0,477.0000,955
1400,1400,29,29,3,1,477.0000,956
1401,1401,9,9,3,1,477.0000,957
1402,1402,40,40,3,1,477.0000,958
1403,1403,33,38,3,0,478.0000,958
1404,1404,35,42,3,0,479.0000,958
1405,1405,23,23,3,1,479.0000,959
1406,1406,25,25,3,1,479.0000,960
1407,1407,4,15,3,0,480.0000,960
1408,1408,5,12,3,0,481.0000,960
1409,1409,19,19,3,1,481.0000,961
1410,1410,0,0,3,1,481.0000,962
1411,1411,32,32,3,1,481.0000,963
1412,1412,0,0,3,1,481.0000,964
1413,1413,32,30,3,0,482.0000,964
1414,1414,8,8,3,1,482.0000,965
1415,1415,36,36,3,1,482.0000,966
1416,1416,37,37,3,1,482.0000,967
1417,1417,2,2,3,1,482.0000,968
1418,1418,32,30,3,0,483.0000,968
1419,1419,1,1,3,1,483.0000,969
1420,1420,33,38,3,0,484.0000,969
1421,1421,28,28,3,1,484.0000,970
1422,1422,40,40,3,1,484.0000,971
1423,1423,20,20,3,1,484.0000,972
1424,1424,36,36,3,1,484.0000,973
1425,1425,24,24,3,1,484.0000,974
1426,1426,41,41,3,1,484.0000,975
1427,1427,22,22,3,1,484.0000,976
1428,1428,48,15,3,0,485.0000,976
1429,1429,45,12,3,0,486.0000,976
1430,1430,40,40,3,1,486.0000,977
1431,1431,45,12,3,0,487.0000,977
1432,1432,18,18,3,1,487.0000,978
1433,1433,40,40,3,1,487.0000,979
1434,1434,32,32,3,1,487.0000,980
1435,1435,32,29,3,0,488.0000,980
1436,1436,6,6,3,1,488.0000,981
1437,1437,23,23,3,1,488.0000,982
1438,1438,21,21,3,1,488.0000,983
1439,1439,36,36,3,1,488.0000,984
1440,1440,35,35,3,1,488.0000,985
1441,1441,6,6,3,1,488.0000,986
1442,1442,6,6,3,1,488.0000,987
1443,1443,35,46,3,0,489.0000,987
1444,1444,35,46,3,0,490.0000,987
1445,1445,34,34,3,1,490.0000,988
1446,1446,7,40,3,0,491.0000,988
1447,1447,4,4,3,1,491.0000,989
1448,1448,8,8,3,1,491.0000,990
1449,1449,33,29,3,0,492.0000,990
1450,1450,34,34,3,1,492.0000,991
1451,1451,20,20,3,1,492.0000,992
1452,1452,2,2,3,1,492.0000,993
1453,1453,48,18,3,0,493.0000,993
1454,1454,32,32,3,1,493.0000,994
1455,1455,33,33,3,1,493.0000,995
1456,1456,35,46,3,0,494.0000,995
1457,1457,32,32,3,1,494.0000,996
1458,1458,14,14,3,1,494.0000,997
1459,1459,3,3,3,1,494.0000,998
1460,1460,32,30,3,0,495.0000,998
1461,1461,34,13,3,0,496.0000,998
1462,1462,23,23,3,1,496.0000,999
1463,1463,34,13,3,0,497.0000,999
1464,1464,33,33,3,1,497.0000,1000
1465,1465,23,23,3,1,497.0000,1001
1466,1466,22,22,3,1,497.0000,1002
1467,1467,14,14,3,1,497.0000,1003
1468,1468,5,16,3,0,498.0000,1003
1469,1469,47,47,3,1,498.0000,1004
1470,1470,5,16,3,0,499.0000,1004
1471,1471,22,22,3,1,499.0000,1005
1472,1472,9,9,3,1,499.0000,1006
1473,1473,41,41,3,1,499.0000,1007
1474,1474,44,44,3,1,499.0000,1008
1475,1475,34,34,3,1,499.0000,1009
1476,1476,31,31,3,1,499.0000,1010
1477,1477,36,36,3,1,499.0000,1011
1478,1478,24,24,3,1,499.0000,1012
1479,1479,1,39,3,0,500.0000,1012
1480,1480,36,36,3,1,500.0000,1013
1481,1481,5,5,3,1,500.0000,1014
1482,1482,5,16,3,0,501.0000,1014
1483,1483,3,3,3,1,501.0000,1015
1484,1484,2,26,3,0,502.0000,1015
1485,1485,32,39,3,0,503.0000,1015
1486,1486,10,10,3,1,503.0000,1016
1487,1487,4,4,3,1,503.0000,1017
1488,1488,45,12,3,0,504.0000,1017
1489,1489,44,44,3,1,504.0000,1018
1490,1490,23,23,3,1,504.0000,1019
1491,1491,34,34,3,1,504.0000,1020
1492,1492,4,11,3,0,505.0000,1020
1493,1493,4,4,3,1,505.0000,1021
1494,1494,24,24,3,1,505.0000,1022
1495,1495,47,47,3,1,505.0000,1023
1496,1496,32,30,3,0,506.0000,1023
1497,1497,35,35,3,1,506.0000,1024
1498,1498,1,1,3,1,506.0000,1025
1499,1499,0,11,3,0,507.0000,1025
1500,1500,28,28,3,1,507.0000,1026
1501,1501,24,15,3,0,508.0000,1026
1502,1502,21,21,3,1,508.0000,1027
1503,1503,37,37,3,1,508.0000,1028
1504,1504,14,26,3,0,509.0000,1028
1505,1505,0,0,3,1,509.0000,1029
1506,1506,37,37,3,1,509.0000,1030
1507,1507,20,20,3,1,509.0000,1031
1508,1508,32,32,3,1,509.0000,1032
1509,1509,22,22,3,1,509.0000,1033
1510,1510,2,2,3,1,509.0000,1034
1511,1511,23,23,3,1,509.0000,1035
1512,1512,9,9,3,1,509.0000,1036
1513,1513,0,13,3,0,510.0000,1036
1514,1514,33,33,3,1,510.0000,1037
1515,1515,37,37,3,1,510.0000,1038
1516,1516,31,31,3,1,510.0000,1039
1517,1517,33,33,3,1,510.0000,1040
1518,1518,0,13,3,0,511.0000,1040
1519,1519,28,28,3,1,511.0000,1041
1520,1520,35,35,3,1,511.0000,1043
1521,1521,0,11,3,0,512.0000,1043
1522,1522,35,35,3,1,512.0000,1044
1523,1523,29,29,3,1,512.0000,1045
1524,1524,8,8,3,1,512.0000,1046
1525,1525,6,6,3,1,512.0000,1047
1526,1526,27,27,3,1,512.0000,1048
1527,1527,34,34,3,1,512.0000,1049
1528,1528,35,42,3,0,513.0000,1049
1529,1529,32,30,3,0,514.0000,1049
1530,1530,35,35,3,1,514.0000,1050
1531,1531,23,23,3,1,514.0000,1051
1532,1532,21,21,3,1,514.0000,1052
1533,1533,10,10,3,1,514.0000,1053
1534,1534,34,34,3,1,514.0000,1054
1535,1535,40,40,3,1,514.0000,1055
1536,1536,32,30,3,0,515.0000,1055
1537,1537,7,7,3,1,515.0000,1056
1538,1538,28,28,3,1,515.0000,1057
1539,1539,27,27,3,1,515.0000,1058
1540,1540,21,21,3,1,515.0000,1059
1541,1541,36,42,3,0,516.0000,1059
1542,1542,4,4,3,1,516.0000,1060
1543,1543,10,10,3,1,516.0000,1061
1544,1544,34,34,3,1,516.0000,1062
1545,1545,5,5,3,1,516.0000,1063
1546,1546,31,31,3,1,516.0000,1064
1547,1547,14,14,3,1,516.0000,1065
1548,1548,28,28,3,1,516.0000,1066
1549,1549,48,18,3,0,517.0000,1066
1550,1550,14,14,3,1,517.0000,1067
1551,1551,32,32,3,1,517.0000,1068
1552,1552,24,24,3,1,517.0000,1069
1553,1553,5,5,3,1,517.0000,1070
1554,1554,9,9,3,1,517.0000,1071
1555,1555,45,12,3,0,518.0000,1071
1556,1556,34,34,3,1,518.0000,1072
1557,1557,2,2,3,1,518.0000,1073
1558,1558,35,42,3,0,519.0000,1073
1559,1559,10,10,3,1,519.0000,1074
1560,1560,36,36,3,1,519.0000,1075
1561,1561,36,42,3,0,520.0000,1075
1562,1562,35,46,3,0,521.0000,1075
1563,1563,34,11,3,0,522.0000,1075
1564,1564,47,47,3,1,522.0000,1076
1565,1565,44,44,3,1,522.0000,1077
1566,1566,27,27,3,1,522.0000,1078
1567,1567,28,28,3,1,522.0000,1079
1568,1568,31,31,3,1,522.0000,1080
1569,1569,23,15,3,0,523.0000,1080
1570,1570,41,41,3,1,523.0000,1081
1571,1571,0,13,3,0,524.0000,1081
1572,1572,8,8,3,1,524.0000,1082
1573,1573,2,2,3,1,524.0000,1083
1574,1574,23,23,3,1,524.0000,1084
1575,1575,44,44,3,1,524.0000,1085
1576,1576,28,28,3,1,524.0000,1086
1577,1577,37,37,3,1,524.0000,1087
1578,1578,23,23,3,1,524.0000,1088
1579,1579,21,21,3,1,524.0000,1089
1580,1580,1,39,3,0,525.0000,1089
1581,1581,1,39,3,0,526.0000,1089
1582,1582,44,15,3,0,527.0000,1089
1583,1583,0,0,3,1,527.0000,1090
1584,1584,1,39,3,0,528.0000,1090
1585,1585,10,10,3,1,528.0000,1091
1586,1586,18,18,3,1,528.0000,1092
1587,1587,41,41,3,1,528.0000,1093
1588,1588,18,12,3,0,529.0000,1093
1589,1589,17,17,3,1,529.0000,1094
1590,1590,34,34,3,1,529.0000,1095
1591,1591,33,38,3,0,530.0000,1095
1592,1592,17,17,3,1,530.0000,1096
1593,1593,0,11,3,0,531.0000,1096
1594,1594,18,12,3,0,532.0000,1096
1595,1595,2,2,3,1,532.0000,1097
1596,1596,44,44,3,1,532.0000,1098
1597,1597,22,22,3,1,532.0000,1099
1598,1598,47,47,3,1,532.0000,1100
1599,1599,21,38,3,0,533.0000,1100
1600,1600,8,8,3,1,533.0000,1101
1601,1601,24,24,3,1,533.0000,1102
1602,1602,14,12,3,0,534.0000,1102
1603,1603,44,29,3,0,535.0000,1102
1604,1604,37,37,3,1,535.0000,1103
1605,1605,35,43,3,0,536.0000,1103
1606,1606,35,35,3,1,536.0000,1104
1607,1607,20,20,3,1,536.0000,1105
1608,1608,2,2,3,1,536.0000,1106
1609,1609,31,31,3,1,536.0000,1107
1610,1610,24,24,3,1,536.0000,1108
1611,1611,1,39,3,0,537.0000,1108
1612,1612,48,48,3,1,537.0000,1109
1613,1613,14,14,3,1,537.0000,1110
1614,1614,20,20,3,1,537.0000,1111
1615,1615,27,39,3,0,538.0000,1111
1616,1616,2,2,3,1,538.0000,1112
1617,1617,7,7,3,1,538.0000,1113
1618,1618,33,38,3,0,539.0000,1113
1619,1619,33,33,3,1,539.0000,1114
1620,1620,24,45,3,0,540.0000,1114
1621,1621,27,27,3,1,540.0000,1115
1622,1622,35,46,3,0,541.0000,1115
1623,1623,1,1,3,1,541.0000,1116
1624,1624,9,9,3,1,541.0000,1117
1625,1625,2,26,3,0,542.0000,1117
1626,1626,33,33,3,1,542.0000,1118
1627,1627,23,39,3,0,543.0000,1118
1628,1628,14,14,3,1,543.0000,1119
1629,1629,5,5,3,1,543.0000,1120
1630,1630,32,30,3,0,544.0000,1120
1631,1631,20,20,3,1,544.0000,1121
1632,1632,41,41,3,1,544.0000,1122
1633,1633,0,0,3,1,544.0000,1123
1634,1634,24,45,3,0,545.0000,1123
1635,1635,40,40,3,1,545.0000,1124
1636,1636,14,12,3,0,546.0000,1124
1637,1637,37,37,3,1,546.0000,1125
1638,1638,23,23,3,1,546.0000,1126
1639,1639,1,39,3,0,547.0000,1126
1640,1640,37,37,3,1,547.0000,1127
1641,1641,33,38,3,0,548.0000,1127
1642,1642,44,44,3,1,548.0000,1128
1643,1643,36,42,3,0,549.0000,1128
1644,1644,36,36,3,1,549.0000,1129
1645,1645,0,38,3,0,550.0000,1129
1646,1646,24,24,3,1,550.0000,1130
1647,1647,31,31,3,1,550.0000,1131
1648,1648,33,33,3,1,550.0000,1132
1649,1649,23,23,3,1,550.0000,1133
1650,1650,31,31,3,1,550.0000,1134
1651,1651,8,8,3,1,550.0000,1135
1652,1652,47,45,3,0,551.0000,1135
1653,1653,47,45,3,0,552.0000,1135
1654,1654,35,46,3,0,553.0000,1135
1655,1655,36,42,3,0,554.0000,1135
1656,1656,19,19,3,1,554.0000,1136
1657,1657,24,45,3,0,555.0000,1136
1658,1658,34,34,3,1,555.0000,1137
1659,1659,27,27,3,1,555.0000,1138
1660,1660,48,18,3,0,556.0000,1138
1661,1661,31,31,3,1,556.0000,1139
1662,1662,41,41,3,1,556.0000,1140
1663,1663,41,41,3,1,556.0000,1141
1664,1664,35,9,3,0,557.0000,1141
1665,1665,7,7,3,1,557.0000,1142
1666,1666,7,7,3,1,557.0000,1143
1667,1667,25,25,3,1,557.0000,1144
1668,1668,9,9,3,1,557.0000,1145
1669,1669,47,47,3,1,557.0000,1146
1670,1670,33,33,3,1,557.0000,1147
1671,1671,28,1,3,0,558.0000,1147
1672,1672,14,48,3,0,559.0000,1147
1673,1673,24,45,3,0,560.0000,1147
1674,1674,44,44,3,1,560.0000,1148
1675,1675,32,30,3,0,561.0000,1148
1676,1676,0,11,3,0,562.0000,1148
1677,1677,19,19,3,1,562.0000,1149
1678,1678,35,46,3,0,563.0000,1149
1679,1679,4,4,3,1,563.0000,1150
1680,1680,14,14,3,1,563.0000,1151
1681,1681,3,3,3,1,563.0000,1152
1682,1682,44,44,3,1,563.0000,1153
1683,1683,10,10,3,1,563.0000,1154
1684,1684,28,28,3,1,563.0000,1155
1685,1685,17,17,3,1,563.0000,1156
1686,1686,22,22,3,1,563.0000,1157
1687,1687,18,18,3,1,563.0000,1158
1688,1688,1,1,3,1,563.0000,1159
1689,1689,20,20,3,1,563.0000,1160
1690,1690,14,26,3,0,564.0000,1160
1691,1691,35,42,3,0,565.0000,1160
1692,1692,28,28,3,1,565.0000,1161
1693,1693,1,1,3,1,565.0000,1162
1694,1694,35,46,3,0,566.0000,1162
1695,1695,35,43,3,0,567.0000,1162
1696,1696,4,4,3,1,567.0000,1163
1697,1697,22,22,3,1,567.0000,1164
1698,1698,32,30,3,0,568.0000,1164
1699,1699,8,8,3,1,568.0000,1165
1700,1700,8,8,3,1,568.0000,1166
1701,1701,36,42,3,0,569.0000,1166
1702,1702,47,13,3,0,570.0000,1166
1703,1703,44,15,3,0,571.0000,1166
1704,1704,17,17,3,1,571.0000,1167
1705,1705,8,8,3,1,571.0000,1168
1706,1706,17,17,3,1,571.0000,1169
1707,1707,36,36,3,1,571.0000,1170
1708,1708,35,21,3,0,572.0000,1170
1709,1709,25,25,3,1,572.0000,1171
1710,1710,5,5,3,1,572.0000,1172
1711,1711,27,27,3,1,572.0000,1173
1712,1712,32,15,3,0,573.0000,1173
1713,1713,33,29,3,0,574.0000,1173
1714,1714,48,18,3,0,575.0000,1173
1715,1715,8,8,3,1,575.0000,1174
1716,1716,32,30,3,0,576.0000,1174
1717,1717,14,14,3,1,576.0000,1175
1718,1718,36,36,3,1,576.0000,1176
1719,1719,28,28,3,1,576.0000,1177
1720,1720,20,12,3,0,577.0000,1177
1721,1721,34,42,3,0,578.0000,1177
1722,1722,23,23,3,1,578.0000,1178
1723,1723,17,17,3,1,578.0000,1179
1724,1724,32,32,3,1,578.0000,1180
1725,1725,7,7,3,1,578.0000,1181
1726,1726,14,12,3,0,579.0000,1181
1727,1727,28,28,3,1,579.0000,1182
1728,1728,14,14,3,1,579.0000,1183
1729,1729,8,8,3,1,579.0000,1184
1730,1730,20,20,3,1,579.0000,1185
1731,1731,17,17,3,1,579.0000,1186
1732,1732,27,27,3,1,579.0000,1187
1733,1733,33,33,3,1,579.0000,1188
1734,1734,0,0,3,1,579.0000,1189
1735,1735,7,7,3,1,579.0000,1190
1736,1736,8,8,3,1,579.0000,1191
1737,1737,35,43,3,0,580.0000,1191
1738,1738,9,9,3,1,580.0000,1192
1739,1739,5,5,3,1,580.0000,1193
1740,1740,1,1,3,1,580.0000,1194
1741,1741,35,42,3,0,581.0000,1194
1742,1742,2,2,3,1,581.0000,1195
1743,1743,19,19,3,1,581.0000,1196
1744,1744,35,46,3,0,582.0000,1196
1745,1745,1,1,3,1,582.0000,1197
1746,1746,35,43,3,0,583.0000,1197
1747,1747,45,38,3,0,584.0000,1197
1748,1748,35,43,3,0,585.0000,1197
1749,1749,7,7,3,1,585.0000,1198
1750,1750,48,18,3,0,586.0000,1198
1751,1751,36,36,3,1,586.0000,1199
1752,1752,31,31,3,1,586.0000,1200
1753,1753,20,20,3,1,586.0000,1201
1754,1754,25,25,3,1,586.0000,1202
1755,1755,45,12,3,0,587.0000,1202
1756,1756,0,13,3,0,588.0000,1202
1757,1757,35,43,3,0,589.0000,1202
1758,1758,3,3,3,1,589.0000,1203
1759,1759,19,19,3,1,589.0000,1204
1760,1760,35,43,3,0,590.0000,1204
1761,1761,24,45,3,0,591.0000,1204
1762,1762,27,27,3,1,591.0000,1205
1763,1763,35,46,3,0,592.0000,1205
