step,problem_id,pred,label,n_icl,correct,cumulative_regret,mem_size
0,0,Karachi,"Karachi, Pakistan",0,0,1.0000,0
1,1,Paper,Paper,0,1,1.0000,1
2,2,Yes,yes,0,1,1.0000,2
3,3,no,yes,0,0,2.0000,2
4,4,seasonal television specials,"seasonal television specials, particularly its work in stop motion animation",0,0,3.0000,2
5,5,Mr. Church,Mr. Church,0,1,3.0000,3
6,6,August,August 2011,0,0,4.0000,3
7,7,"Edmonton, Alberta","Edmonton, Alberta",0,1,4.0000,4
8,8,Unbreakable,Unbreakable,0,1,4.0000,5
9,9,35,35 people,0,0,5.0000,5
10,10,Hearts,Scottish Premiership club Hearts,3,0,6.0000,5
11,11,Nebo Zovyot,Nebo Zovyot,3,1,6.0000,6
12,12,Marvel Comics,Marvel,3,0,7.0000,6
13,13,New Journalism,the growing literary style called New Journalism,3,0,8.0000,6
14,14,Chelsea Does,Chelsea Does,3,1,8.0000,7
15,15,Pedro Rodríguez,Pedro Rodríguez,3,1,8.0000,8
16,16,Australia,Australian,3,0,9.0000,8
17,17,Noel Paul Stookey,Yarrow and Stookey,3,0,10.0000,8
18,18,Friends,Friends,3,1,10.0000,9
19,19,Wale,Wale,3,1,10.0000,10
20,20,The Four Seasons,The Four Seasons,3,1,10.0000,11
21,21,Compliance,Compliance,3,1,10.0000,12
22,22,Maria von Trapp,Maria von Trapp,3,1,10.0000,13
23,23,Figaro,Figaro,3,1,10.0000,14
24,24,Yellowcraigs,Yellowcraig,3,0,11.0000,14
25,25,PPG Paints Arena,PPG Paints Arena,3,1,11.0000,15
26,26,drafting,Conscription,3,0,12.0000,15
27,27,Autopia,Autopia,3,1,12.0000,16
28,28,Gull-wing doors,gull-wing doors,3,1,12.0000,17
29,29,Captain John Underhill,Captain John Underhill,3,1,12.0000,18
30,30,The Go-Go's,"The Go-Go's,",3,1,12.0000,20
31,31,No,no,3,1,12.0000,21
32,32,One,33,3,0,13.0000,21
33,33,Distaghil Sar,Distaghil Sar,3,1,13.0000,22
34,34,"1,462","1,462",3,1,13.0000,23
35,35,Papa John's Cardinal Stadium,Mercedes-Benz Superdome,3,0,14.0000,23
36,36,Prince George's County,Prince George's County,3,1,14.0000,24
37,37,RTN,VH1,3,0,15.0000,24
38,38,1866,1866,3,1,15.0000,25
39,39,José Echegaray y Eizaguirre,José Echegaray y Eizaguirre,3,1,15.0000,26
40,40,Hidden America with Jonah Ray,Hidden America with Jonah Ray,3,1,15.0000,27
41,41,North African,North African Arab,3,0,16.0000,27
42,42,"{""answer"": ""7\u00b056\'""}",7°56',3,0,17.0000,27
43,43,Worcester County,Worcester County,3,1,17.0000,28
44,44,None,"""Walk Like an Egyptian""",3,0,18.0000,28
45,45,Secretary of State for Constitutional Affairs,Chief of Protocol,3,0,19.0000,28
46,46,Penélope Cruz,Salma Hayek Pinault,3,0,20.0000,28
47,47,AMC Theatres,AMC Theatres,3,1,20.0000,29
48,48,No,no,3,1,20.0000,30
49,49,Alberto Taquini,Dr. Alberto Taquini,3,0,21.0000,30
50,50,Yes,yes,3,1,21.0000,31
51,51,Bishop's Stortford,Bishop's Stortford,3,1,21.0000,32
52,52,Jeffrey Meldrum,"Don Jeffrey ""Jeff"" Meldrum (born May 24, 1958) is a Professor of Anatomy and Anthropology",3,0,22.0000,32
53,53,EYVI,"IATA: VNO, ICAO: EYVI",3,0,23.0000,32
54,54,Usher,Usher,3,1,23.0000,33
55,55,unknown,three million copies worldwide,3,0,24.0000,33
56,56,1838,1838,3,1,24.0000,34
57,57,Author,author,3,1,24.0000,35
58,58,John Carpenter,"musician, editor and composer.",3,0,25.0000,35
59,59,Mako,Mako,3,1,25.0000,36
60,60,1736,1736,3,1,25.0000,39
61,61,Newport,Newport,3,1,25.0000,40
62,62,Oxford University,Oxford,3,0,26.0000,40
63,63,Training Day,Suicide Squad,3,0,27.0000,40
64,64,Doniphan County,the U.S. state of Kansas,3,0,28.0000,40
65,65,John Morgan,John Morgan,3,1,28.0000,41
66,66,Romeo,Tybalt,3,0,29.0000,41
67,67,4.4 mi,2844 km,3,0,30.0000,41
68,68,No,no,3,1,30.0000,42
69,69,Graffiti art,Graffiti,3,0,31.0000,42
70,70,Quantrill's Raiders,pro-Confederate,3,0,32.0000,42
71,71,Chemistry,"American educator, writer,",3,0,33.0000,42
72,72,Dan Schneider,Helen Elizabeth Hunt,3,0,34.0000,42
73,73,Old Dogs,Old Dogs,3,1,34.0000,43
74,74,Bergen,Hordaland,3,0,35.0000,43
75,75,Big 12 Conference,the Big 12 Conference,3,1,35.0000,44
76,76,Big 12 Conference,Big 12,3,0,36.0000,44
77,77,Rockstar Games,Rockstar San Diego,3,0,37.0000,44
78,78,Syd Barrett,"Gregory John ""Greg"" Puciato",3,0,38.0000,44
79,79,New York City,yes,3,0,39.0000,44
80,80,No,no,3,1,39.0000,45
81,81,Clarence River,Richmond,3,0,40.0000,45
82,82,"26,000","about 26,000.",3,0,41.0000,45
83,83,Ian Watkins,Lostprophets disbanded in 2013 after Watkins was charged with sexual offences in late 2012.,3,0,42.0000,45
84,84,Augustus,Caligula,3,0,43.0000,45
85,85,Thomas Friedman,Thomas Loren Friedman,3,0,44.0000,45
86,86,The Drop-In,Comedy Film Nerds,3,0,45.0000,45
87,87,John D Rockefeller,John D Rockefeller's Standard Oil Company,3,0,46.0000,45
88,88,Professional wrestler,"professional wrestler, actor, and hip hop musician",3,0,47.0000,45
89,89,Orange County,Orange County,3,1,47.0000,46
90,90,"June 11, 1986","June 11, 1986",3,1,47.0000,49
91,91,Denver Broncos,the Bears,3,0,48.0000,49
92,92,"February 20, 1978","February 20, 1978",3,1,48.0000,50
93,93,Queen In-hyun's Man,Queen In-hyun's Man,3,1,48.0000,51
94,94,2009,2009,3,1,48.0000,52
95,95,University of Maryland University College,"Prince George's County, Maryland",3,0,49.0000,52
96,96,Red Dead Redemption,Red Dead Redemption,3,1,49.0000,53
97,97,Love Streams,Love Streams,3,1,49.0000,54
98,98,Peer,Peer,3,1,49.0000,55
99,99,Constantine,Constantine,3,1,49.0000,56
100,100,The Memory of Justice,The Memory of Justice,3,1,49.0000,57
101,101,Fife,"St Andrews, Fife, Scotland",3,0,50.0000,57
102,102,Nicktoon Blast,Ghostbusters Spooktacular,3,0,51.0000,57
103,103,BC Dzūkija,BC Dzūkija,3,1,51.0000,58
104,104,Chicago,Germany,3,0,52.0000,58
105,105,Jennifer Aniston,Jennifer Aniston,3,1,52.0000,59
106,106,New York City,"New York City, New York",3,0,53.0000,59
107,107,Yes,yes,3,1,53.0000,60
108,108,Renaissance Technologies,Renaissance Technologies,3,1,53.0000,61
109,109,Melbourne,Melbourne,3,1,53.0000,62
110,110,1953,1953,3,1,53.0000,64
111,111,Girls aged 11 to 18,girls aged 11 to 18,3,1,53.0000,65
112,112,Henry J. Kaiser,Henry J. Kaiser,3,1,53.0000,66
113,113,Denmark,Prince of Denmark,3,0,54.0000,66
114,114,Saul Metzstein,"Douglas Eric ""Doug"" Liman",3,0,55.0000,66
115,115,Yes,yes,3,1,55.0000,67
116,116,Yes,yes,3,1,55.0000,68
117,117,Yes,no,3,0,56.0000,68
118,118,Sacred Planet,Sacred Planet,3,1,56.0000,69
119,119,French,no,3,0,57.0000,69
120,120,"Brooklyn, New York","Brooklyn, New York",3,1,57.0000,70
121,121,The Chamber,The Chamber,3,1,57.0000,71
122,122,NA-16,North American Aviation T-6 Texan,3,0,58.0000,71
123,123,Arthur Conan Doyle,Arthur Ignatius Conan Doyle,3,0,59.0000,71
124,124,No,no,3,1,59.0000,72
125,125,Shortest player ever to play in the National Basketball Association,shortest player ever to play in the National Basketball Association,3,1,59.0000,73
126,126,Italian English,English-language,3,0,60.0000,73
127,127,87 parish churches,87,3,0,61.0000,73
128,128,Battle of Belleau Wood,The Battle of Belleau Wood,3,1,61.0000,74
129,129,St James's Palace,Mark Masons' Hall,3,0,62.0000,74
130,130,Mondelez International,"Mondelez International, Inc.",3,0,63.0000,74
131,131,Filmmaker,director,3,0,64.0000,74
132,132,Coca-Cola FEMSA,Fomento Económico Mexicano,3,0,65.0000,74
133,133,United States,American,3,0,66.0000,74
134,134,Delaware River,Delaware River,3,1,66.0000,75
135,135,Stanley Krammer,Kramer's caddy Stan,3,0,67.0000,75
136,136,Yes,no,3,0,68.0000,75
137,137,"37,776","37,776",3,1,68.0000,76
138,138,Nusretiye Mosque,Nusretiye Mosque,3,1,68.0000,77
139,139,Football League Championship,Championship,3,0,69.0000,77
140,140,October,February,3,0,70.0000,77
141,141,East Lancashire Railway,East Lancashire Railway,3,1,70.0000,78
142,142,mountain ranges,mountain ranges,3,1,70.0000,79
143,143,2002,"(foaled February 1, 1999)",3,0,71.0000,79
144,144,The Secret World,massively multiplayer online role-playing video game,3,0,72.0000,79
145,145,50 best cities to live in.,50 best cities to live in,3,1,72.0000,80
146,146,Saoirse Ronan,Saoirse Ronan,3,1,72.0000,81
147,147,Segues,extensive use of segues,3,0,73.0000,81
148,148,Hong Kong,Hong Kong,3,1,73.0000,82
149,149,Yes,yes,3,1,73.0000,83
150,150,Lewis lamp,Argand lamp,3,0,74.0000,84
151,151,15,15,3,1,74.0000,85
152,152,"March 14, 2000",2000,3,0,75.0000,85
153,153,1952,1952,3,1,75.0000,86
154,154,20 October 1980,20 October 1980,3,1,75.0000,87
155,155,"Indianapolis, Indiana, USA","Indianapolis, Indiana",3,0,76.0000,87
156,156,Lotion play,video game,3,0,77.0000,87
157,157,Yes,yes,3,1,77.0000,88
158,158,Yes,yes,3,1,77.0000,89
159,159,Late 12th Century,the late 12th Century,3,1,77.0000,90
160,160,King David I,King George IV,3,0,78.0000,91
161,161,Darkwing Duck,Sonic,3,0,79.0000,91
162,162,No,no,3,1,79.0000,92
163,163,Olathe East High School,"located in Olathe, Kansas",3,0,80.0000,92
164,164,Tron,Tron,3,1,80.0000,93
165,165,Los Angeles,Los Angeles,3,1,80.0000,94
166,166,56 people,32 people,3,0,81.0000,94
167,167,Three centuries,three centuries,3,1,81.0000,95
168,168,Executive search,"Executive Search, Board Consulting",3,0,82.0000,95
169,169,No,no,3,1,82.0000,96
170,170,2000,2000,3,1,82.0000,99
171,171,1999,1999,3,1,82.0000,100
172,172,Youtoo America,WB Television Network,3,0,83.0000,100
173,173,LaLee's Kin: The Legacy of Cotton,LaLee's Kin: The Legacy of Cotton,3,1,83.0000,101
174,174,Wildwood,Wildwood,3,1,83.0000,102
175,175,Tennis,tennis,3,1,83.0000,103
176,176,UFC 50,The War of '04,3,0,84.0000,103
177,177,The Agronomist,The Agronomist,3,1,84.0000,104
178,178,575 acres,575 acres (2.08 km²),3,0,85.0000,104
179,179,No,no,3,1,85.0000,105
180,180,Knowsley United Women,Knowsley United Women,3,1,85.0000,109
181,181,Gary Johnson,Gary Earl Johnson,3,0,86.0000,109
182,182,Historically has been important to the defence of the Cathedral Close.,defence of the Cathedral,3,0,87.0000,109
183,183,Malta,Malta,3,1,87.0000,110
184,184,Bay of Fundy,Bay of Fundy,3,1,87.0000,111
185,185,Amanda Wyss,"Wesley ""Wes"" Studi",3,0,88.0000,111
186,186,German,German,3,1,88.0000,112
187,187,Venice,Venice,3,1,88.0000,113
188,188,Wolf Alice,Badly Drawn Boy,3,0,89.0000,113
189,189,Johnson Press,Johnson Press,3,1,89.0000,114
190,190,Carabao Cup,Carabao Cup,3,1,89.0000,115
191,191,First and only U.S. born world grand prix champion,American-born,3,0,90.0000,115
192,192,Pietro Badoglio,Marshal Pietro Badoglio,3,0,91.0000,115
193,193,Dave Thomas,Dave Thomas,3,1,91.0000,116
194,194,The Wachowskis,The Wachowskis,3,1,91.0000,117
195,195,Indianapolis,Indianapolis,3,1,91.0000,118
196,196,1989,1989,3,1,91.0000,119
197,197,Sarah Newlin,Aubrey Posen,3,0,92.0000,119
198,198,Preston,Preston,3,1,92.0000,120
199,199,And God Stepped Aside,Julius Caesar,3,0,93.0000,120
200,200,First freshman,first freshman to finish as the runner-up,3,0,94.0000,120
201,201,Eucritta melanolimnetes,Eucritta melanolimnetes,3,1,94.0000,121
202,202,Baltimore,Baltimore,3,1,94.0000,122
203,203,Arrowhead Stadium,Arrowhead Stadium,3,1,94.0000,123
204,204,Eleven,third,3,0,95.0000,123
205,205,Levi Weeks,Levi Weeks,3,1,95.0000,124
206,206,Honda Vigor,Honda Ballade,3,0,96.0000,124
207,207,Madrid,the autonomous community of Madrid,3,0,97.0000,124
208,208,Mandalay Entertainment,Mandalay Entertainment,3,1,97.0000,125
209,209,Season Three,third,3,0,98.0000,125
210,210,Love Drunk,Love Drunk,3,1,98.0000,127
211,211,Leslie Knope,Leslie Knope,3,1,98.0000,128
212,212,Catholic Church in Ireland,The Catholic Church in Ireland,3,1,98.0000,129
213,213,1961,1961,3,1,98.0000,130
214,214,Punjabi/Pashtun,Punjabi/Pashtun,3,1,98.0000,131
215,215,Still Kicking: Six Artistic Women of Project Arts & Longevity,Still Kicking: Six Artistic Women of Project Arts & Longevity,3,1,98.0000,132
216,216,Fortnightly,fortnightly,3,1,98.0000,133
217,217,Belladonna,Belladonna,3,1,98.0000,134
218,218,Fashion model,fashion model,3,1,98.0000,135
219,219,1966,1966,3,1,98.0000,136
220,220,The Futureheads,The Futureheads,3,1,98.0000,138
221,221,Lord's Resistance Movement,United Holy Salvation Army and Uganda Christian Army/Movement,3,0,99.0000,138
222,222,Dirty Pretty Things,Dirty Pretty Things,3,1,99.0000,139
223,223,Ethiopian sovereignty,sovereignty,3,0,100.0000,139
224,224,Pirate's Cove,Pirate's Cove,3,1,100.0000,140
225,225,Bayern Munich,Bayern Munich,3,1,100.0000,141
226,226,Agent Carter,Agent Carter,3,1,100.0000,142
227,227,Dayton Memorial Hall,First Street,3,0,101.0000,142
228,228,Santa Monica,"Santa Monica, California",3,0,102.0000,142
229,229,John Whiting,Peter Hall,3,0,103.0000,142
230,230,Scotland,Scotland,3,1,103.0000,143
231,231,1945 to 1969,from 1986 to 2013,3,0,104.0000,143
232,232,Australian,Australian actor and film producer,3,0,105.0000,143
233,233,XII,Final Fantasy XII,3,0,106.0000,143
234,234,Katharine Hepburn,"Katharine Hepburn, Joan Bennett, Frances Dee",3,0,107.0000,143
235,235,Beijing,Beijing,3,1,107.0000,144
236,236,No,no,3,1,107.0000,145
237,237,Arthur Russell,Arthur Russell,3,1,107.0000,146
238,238,Wes Archer,Wes Archer,3,1,107.0000,147
239,239,Ector County,Ector County,3,1,107.0000,148
240,240,Herbert Ross,Herbert Ross,3,1,107.0000,149
241,241,United Kingdom,the Netherlands,3,0,108.0000,149
242,242,Starlite,Starlite,3,1,108.0000,150
243,243,Francisco Rafael Arellano Félix,Francisco Rafael Arellano Félix,3,1,108.0000,151
244,244,Computer analysis of textual style,linguistic analysis,3,0,109.0000,151
245,245,Utne Reader,The New York Enterprise Report,3,0,110.0000,151
246,246,World Summit of Nobel Peace Laureates,Organizations could come together to address global issues,3,0,111.0000,151
247,247,Teach the Controversy,"""Teach the Controversy"" campaign",3,0,112.0000,151
248,248,City of Newcastle,City of Newcastle,3,1,112.0000,152
249,249,Waimea Bay,Waimea Bay,3,1,112.0000,153
250,250,"Boulder, Colorado",Boulder High School,3,0,113.0000,153
251,251,PricewaterhouseCoopers,Ernst & Young,3,0,114.0000,153
252,252,Eileen Atkins,Dame Eileen June Atkins,3,0,115.0000,153
253,253,TX-2 Tape System,8-track,3,0,116.0000,153
254,254,Film director,screenwriter,3,0,117.0000,153
255,255,Play-by-post role-playing game,play-by-post role-playing game,3,1,117.0000,154
256,256,Seventeen,nine girls and 10 boys,3,0,118.0000,154
257,257,John Waters,John Waters,3,1,118.0000,155
258,258,Southaven,"Southaven, Mississippi",3,0,119.0000,155
259,259,Mark Neveldine and Brian Taylor,Mark Neveldine and Brian Taylor,3,1,119.0000,156
260,260,Esteban Ocon,Esteban Ocon,3,1,119.0000,158
261,261,most important political centre of Vietnam,Viet Minh's base,3,0,120.0000,158
262,262,Saint Louis County,Saint Louis County,3,1,120.0000,159
263,263,Orono,Orono,3,1,120.0000,160
264,264,Syracuse University,Syracuse University.,3,1,120.0000,161
265,265,Dusty Dvoracek,Dusty Dvoracek,3,1,120.0000,162
266,266,Andrew Preston,James Taylor,3,0,121.0000,162
267,267,Rome,Rome,3,1,121.0000,163
268,268,Matt Flynn,Matt Flynn,3,1,121.0000,164
269,269,John Schneider,Tim Allen,3,0,122.0000,164
270,270,Lisa Raymond,Liezel Huber,3,0,123.0000,165
271,271,Battleground,"""Talk That Talk""",3,0,124.0000,165
272,272,Mezzanine,Mezzanine,3,1,124.0000,166
273,273,Supervisor of the royal works,supervisor of the royal works,3,1,124.0000,167
274,274,The Wonder Years,"""The Wonder Years""",3,1,124.0000,168
275,275,Michael Swango,Michael Swango,3,1,124.0000,169
276,276,Bolton,Bolton,3,1,124.0000,170
277,277,Tumwater,"Tumwater, Washington",3,0,125.0000,170
278,278,Tokyo International Airport,Osaka International Airport,3,0,126.0000,170
279,279,Myrtus,Eustoma,3,0,127.0000,170
280,280,Twin Pines/Lone Pine Mall,Twin Pines/Lone Pine Mall,3,1,127.0000,172
281,281,Sean,Sean,3,1,127.0000,173
282,282,2017 Premier League Darts,2018 Unibet Premier League Darts,3,0,128.0000,173
283,283,Yes,no,3,0,129.0000,173
284,284,Apalachee,Apalachee,3,1,129.0000,174
285,285,Howard Fast,Howard Melvin Fast,3,0,130.0000,174
286,286,Edmonton,Hanna,3,0,131.0000,174
287,287,Jay Van Andel,Jay Van Andel,3,1,131.0000,175
288,288,Florida and Oklahoma,"Coahuila, Mexico",3,0,132.0000,175
289,289,PBS stations nationwide,aired on PBS stations,3,0,133.0000,175
290,290,Lush,Lush Ltd.,3,0,134.0000,175
291,291,The Boatniks,"The Boatniks is a 1970 American comedy film starring Robert Morse, Stefanie Powers, Don Ameche and Phil Silvers.",3,0,135.0000,175
292,292,The Beatles,The Beatles,3,1,135.0000,176
293,293,Keith Bostic,Keith Bostic,3,1,135.0000,177
294,294,No,no,3,1,135.0000,178
295,295,Country Thuggin,Country Thuggin,3,1,135.0000,179
296,296,International Boxing Hall of Fame,International Boxing Hall of Fame,3,1,135.0000,180
297,297,Kimmy Schmidt,"Kimberly Couger ""Kimmy"" Schmidt",3,0,136.0000,180
298,298,1993,1992,3,0,137.0000,180
299,299,"United States presidential election, 2020",United States presidential election of 2016,3,0,138.0000,180
300,300,Dubai International Cricket Stadium,Dubai International Stadium,3,0,139.0000,181
301,301,Theo Walcott,Theo James Walcott,3,0,140.0000,181
302,302,"Design, development, manufacture and sale of vehicles bearing the Jaguar and Land Rover (including Range Rover) marques.","design, development, manufacture",3,0,141.0000,181
303,303,Jillian Bell,Jillian Belk,3,0,142.0000,181
304,304,American,American,3,1,142.0000,182
305,305,"Baa, Baa, Black Sheep","""Baa, Baa, Black Sheep""",3,1,142.0000,183
306,306,Yes,yes,3,1,142.0000,184
307,307,Ais,Apalachees,3,0,143.0000,184
308,308,Dallas Cowboys,Dallas Cowboys,3,1,143.0000,185
309,309,Eric Bana,Eric Banadinović,3,0,144.0000,185
310,310,Duchy of Saxe-Coburg and Gotha,Ernestine,3,0,145.0000,185
311,311,"Personal earnings, Business income, Capital gains","""personal earnings"" (such as salary and wages), ""business income"" and ""capital gains""",3,0,146.0000,185
312,312,French Open,French Open,3,1,146.0000,186
313,313,19th century,nineteenth,3,0,147.0000,186
314,314,2027 Fairmount Avenue between Corinthian Avenue and North 22nd Street,2027 Fairmount Avenue,3,0,148.0000,186
315,315,Las Vegas,Clark County,3,0,149.0000,186
316,316,Samoa,Samoa,3,1,149.0000,187
317,317,Minneapolis,"Golden Valley, Minnesota,",3,0,150.0000,187
318,318,Russian Empire,Russian Empire,3,1,150.0000,188
319,319,Beatty,Beatty,3,1,150.0000,189
320,320,Krzysztof Zanussi,Krzysztof Zanussi,3,1,150.0000,191
321,321,Point of Entry,Point of Entry,3,1,150.0000,192
322,322,David Dobkin,David Dobkin,3,1,150.0000,193
323,323,Right-hand,right-hand,3,1,150.0000,194
324,324,Sherwood Cryer,Mickey Gilley,3,0,151.0000,194
325,325,Writer,poet,3,0,152.0000,194
326,326,Blonde Redhead,Blonde Redhead,3,1,152.0000,195
327,327,Mitsubishi Motors,Mitsubishi,3,0,153.0000,195
328,328,Gallery,"arose on the ""Playboy"" magazine pattern in the 1970s.",3,0,154.0000,195
329,329,5,5,3,1,154.0000,196
330,330,Trenton–Mercer Airport,Trenton–Mercer Airport,3,1,154.0000,198
331,331,21 years and 154 days,21 years and 154 days,3,1,154.0000,199
332,332,Glam metal,Glam metal,3,1,154.0000,200
333,333,Kohlberg Kravis Roberts,KKR & Co,3,0,155.0000,200
334,334,J. G. Farrell,Farrell,3,0,156.0000,200
335,335,Blake Shelton,Blake Shelton,3,1,156.0000,201
336,336,"Subjective criteria include its status as the world's first multi-purpose, domed sports stadium and its impact on Houston's identity.",comparable to the seven Wonders of the World,3,0,157.0000,201
337,337,Salvie,The Crowned Prince of the Philadelphia Mob,3,0,158.0000,201
338,338,"Gardnerville, Nevada",Gardnerville,3,0,159.0000,201
339,339,Debbie Harry,Debbie Harry,3,1,159.0000,202
340,340,Oryzomyini,Oryzomyini,3,1,159.0000,203
341,341,people working in film and the performing arts,people working in film and the performing arts,3,1,159.0000,204
342,342,Istanbul,"Istanbul, Turkey",3,0,160.0000,204
343,343,four months in jail,four months in jail,3,1,160.0000,205
344,344,Teriade,Teriade,3,1,160.0000,206
345,345,Ephedrine,Ephedrine,3,1,160.0000,207
346,346,Holston River Valley,Holston River,3,0,161.0000,207
347,347,1926,1926,3,1,161.0000,208
348,348,Jamaica,Ghana,3,0,162.0000,208
349,349,Oedipus Rex,Oedipus Rex,3,1,162.0000,209
350,350,No,no,3,1,162.0000,211
351,351,Israeli Ambassador to the United States,Israeli Ambassador,3,0,163.0000,211
352,352,Craig v. Boren,Craig v. Boren,3,1,163.0000,212
353,353,Kansas Song,Kansas Song,3,1,163.0000,213
354,354,Logan International Airport,Logan International Airport,3,1,163.0000,214
355,355,Hey Pa! There's a Goat on the Roof,Hey Pa! There's a Goat on the Roof,3,1,163.0000,215
356,356,China,China,3,1,163.0000,216
357,357,Yes,yes,3,1,163.0000,217
358,358,Bedknobs and Broomsticks,Bedknobs and Broomsticks,3,1,163.0000,218
359,359,Currer Bell,"""Currer Bell""",3,1,163.0000,219
360,360,Mick Jackson,James Burke,3,0,164.0000,220
361,361,Charles Reed Bishop,Charles Reed Bishop,3,1,164.0000,221
362,362,The Korean War,The Western Allied invasion of Germany,3,0,165.0000,221
363,363,Red River and Assiniboine River,Red and Assiniboine Rivers,3,0,166.0000,221
364,364,Scotland,Scotland,3,1,166.0000,222
365,365,Wendell Berry,Wendell Berry,3,1,166.0000,223
366,366,Number five,number five,3,1,166.0000,224
367,367,United States,American,3,0,167.0000,224
368,368,Paige O'Hara,Donna Paige Helmintoller,3,0,168.0000,224
369,369,River Welland,65 mi,3,0,169.0000,224
370,370,Cocktails,cocktails,3,1,169.0000,225
371,371,Manon by Massenet,Parsifal,3,0,170.0000,225
372,372,23 November 1946,23 November 1946,3,1,170.0000,226
373,373,"Journalist, editor and playwright",Philosophy professor,3,0,171.0000,226
374,374,Geelong Football Club,Geelong Football Club,3,1,171.0000,227
375,375,Weezer,The Blue Album,3,0,172.0000,227
376,376,"728,000 ft² (67,000 m²)","728,000 ft²",3,0,173.0000,227
377,377,Folkets Hus,Folkets,3,0,174.0000,227
378,378,"48,982","48,982",3,1,174.0000,228
379,379,Technical director,technical director,3,1,174.0000,229
380,380,"September 8, 2017","September 8, 2017",3,1,174.0000,230
381,381,Rowan Blanchard,Rowan Blanchard,3,1,174.0000,231
382,382,Over 250 million,250 million,3,0,175.0000,231
383,383,Yes,no,3,0,176.0000,231
384,384,Eminem,Eminem,3,1,176.0000,232
385,385,The Marshall Mathers LP 2,"""The Marshall Mathers LP 2""",3,1,176.0000,233
386,386,Medal of Honor,25,3,0,177.0000,233
387,387,Warsaw,"Warsaw, Poland",3,0,178.0000,233
388,388,1944,1944,3,1,178.0000,234
389,389,No,no,3,1,178.0000,235
390,390,Umina Beach,"Umina Beach, New South Wales",3,0,179.0000,235
391,391,David Naughton,"David Naughton, Jenny Agutter and Griffin Dunne",3,0,180.0000,235
392,392,Adelaide,"Marion, South Australia",3,0,181.0000,235
393,393,Daviesia,Daviesia,3,1,181.0000,236
394,394,Kansas–Nebraska Act,Kansas–Nebraska Act,3,1,181.0000,237
395,395,GE Appliances,GE Appliances,3,1,181.0000,238
396,396,Lee Hazlewood,Barton Lee Hazlewood,3,0,182.0000,238
397,397,Yes,yes,3,1,182.0000,239
398,398,Four,four,3,1,182.0000,240
399,399,country,largest country,3,0,183.0000,240
400,400,Flowering plants,flowering plants,3,1,183.0000,241
401,401,"5,124","5,124 rooms",3,0,184.0000,241
402,402,Campbell Soup Company,The Campbell Soup Company,3,1,184.0000,242
403,403,"Springfield, Massachusetts","city of Springfield, Massachusetts",3,0,185.0000,242
404,404,1961,1961,3,1,185.0000,243
405,405,American football,American football,3,1,185.0000,244
406,406,Producer,director,3,0,186.0000,244
407,407,Vic Chesnutt,Vic Chesnutt,3,1,186.0000,245
408,408,Mirosław Hermaszewski,Ulf Dietrich Merbold,3,0,187.0000,245
409,409,First Family of Competitive Eating,"the ""First Family of Competitive Eating""",3,1,187.0000,246
410,410,Western Europe,Western Europe,3,1,187.0000,247
411,411,Papermaking,papermaking industry,3,0,188.0000,247
412,412,Beaver and Erie Canal,The Beaver and Erie Canal,3,1,188.0000,248
413,413,Zurna,an organ,3,0,189.0000,248
414,414,Battle of Manila,Battle of Guam,3,0,190.0000,248
415,415,Stephen King,Stephen King,3,1,190.0000,249
416,416,Yes,no,3,0,191.0000,249
417,417,"12,272","12,272",3,1,191.0000,250
418,418,500th episode,show's 500th episode,3,0,192.0000,250
419,419,Caesars Palace Grand Prix,Caesars Palace Grand Prix,3,1,192.0000,251
420,420,Benj Pasek and Justin Paul,Pasek & Paul,3,0,193.0000,251
421,421,An album,an album,3,1,193.0000,252
422,422,Yes,yes,3,1,193.0000,253
423,423,Bank of China Tower,Hong Kong,3,0,194.0000,253
424,424,Hawaii House of Representatives,"Robert ""Bobby"" Bunda",3,0,195.0000,253
425,425,World War II,yes,3,0,196.0000,253
426,426,Spam,Spam,3,1,196.0000,254
427,427,DTM,DTM,3,1,196.0000,255
428,428,Jessica Lange,Jessica Lange,3,1,196.0000,256
429,429,"86,112","86,112",3,1,196.0000,257
430,430,Mayfair,Mayfair,3,1,196.0000,259
431,431,Paper Trail,Paper Trail,3,1,196.0000,260
432,432,Russell Humphreys,Russell Humphreys,3,1,196.0000,261
433,433,Yes,yes,3,1,196.0000,262
434,434,Documentary,documentary,3,1,196.0000,263
435,435,Atlanta,North Avenue at Techwood Drive,3,0,197.0000,263
436,436,EN World web site,EN World web site,3,1,197.0000,264
437,437,Ursula K. Le Guin,Ursula Kroeber Le Guin,3,0,198.0000,264
438,438,Battle of Hürtgen Forest,Battle of Hürtgen Forest,3,1,198.0000,265
439,439,Max Mosley,Max Rufus Mosley,3,0,199.0000,265
440,440,Volta Region,Volta,3,0,200.0000,267
441,441,Private Secretary and Treasurer,Private Secretary and Treasurer,3,1,200.0000,268
442,442,Seven,seven,3,1,200.0000,269
443,443,$10.5 million,$10.5 million,3,1,200.0000,270
444,444,No,no,3,1,200.0000,271
445,445,Uncle,second cousin once removed,3,0,201.0000,271
446,446,Kitchens of Distinction,Kitchens of Distinction,3,1,201.0000,272
447,447,Free Range Films,Free Range Films,3,1,201.0000,273
448,448,Autonomous administrative division,the flags,3,0,202.0000,273
449,449,Merovech,Merovech,3,1,202.0000,274
450,450,Guardians of the Galaxy Vol. 2,Guardians of the Galaxy Vol. 2,3,1,202.0000,275
451,451,Chinch bug,moth,3,0,203.0000,275
452,452,No,no,3,1,203.0000,276
453,453,David Weissman,David Weissman,3,1,203.0000,277
454,454,McLaren Vale,McLaren Vale,3,1,203.0000,278
455,455,Personal History,Personal History,3,1,203.0000,279
456,456,England,England,3,1,203.0000,280
457,457,Lev Yilmaz,Levni Yilmaz,3,0,204.0000,280
458,458,"Bay Ridge, Brooklyn","Bay Ridge, Brooklyn",3,1,204.0000,281
459,459,Copenhagen,Copenhagen,3,1,204.0000,282
460,460,Planet Terror,Planet Terror,3,1,204.0000,283
461,461,Manchester United F.C.,Manchester United,3,0,205.0000,283
462,462,"Franconia, New Hampshire","Franconia, New Hampshire",3,1,205.0000,284
463,463,Nicolas Vanier,Nicolas Vanier,3,1,205.0000,285
464,464,"Kings Point, New York","Kings Point, New York",3,1,205.0000,286
465,465,George Atzerodt,Andrew Johnson,3,0,206.0000,286
466,466,Bill Murray,Bill Murray,3,1,206.0000,287
467,467,"1,800","1,800",3,1,206.0000,288
468,468,Cranberry,acidic,3,0,207.0000,288
469,469,Eddie Collins,Edward Trowbridge Collins Sr.,3,0,208.0000,288
470,470,Video game,video game,3,1,208.0000,290
471,471,Sacramento Kings,Sacramento Kings,3,1,208.0000,291
472,472,Soha Ali Khan,Soha Ali Khan,3,1,208.0000,292
473,473,Shifty Shellshock,Shifty Shellshock,3,1,208.0000,293
474,474,Nandrolone,anabolic–androgenic steroid (AAS),3,0,209.0000,293
475,475,Gordon Carroll,Ronald Shusett,3,0,210.0000,293
476,476,Texas Tech University,Texas Tech University,3,1,210.0000,294
477,477,FBS,NCAA Division I FBS football,3,0,211.0000,294
478,478,Publisher,American schoolteacher and publisher,3,0,212.0000,294
479,479,Robert Mulligan,Robert Patrick Mulligan,3,0,213.0000,294
480,480,"November 15, 1903","November 15, 1903",3,1,213.0000,295
481,481,"Ordos City China Science Flying Universe Science and Technology Co., Ltd.",Ordos City,3,0,214.0000,295
482,482,Boeing EA-18G Growler,Boeing EA-18G Growler,3,1,214.0000,296
483,483,"San Luis Obispo, California","San Luis Obispo, California",3,1,214.0000,297
484,484,Mexico City,Mexico City,3,1,214.0000,298
485,485,Multiple awards,multiple awards,3,1,214.0000,299
486,486,Choral song,played,3,0,215.0000,299
487,487,Arena of Khazan,Arena of Khazan,3,1,215.0000,300
488,488,Pierre Nlend Womé,Pierre Nlend Womé,3,1,215.0000,301
489,489,The Big Bang Theory,"""The Big Bang Theory""",3,1,215.0000,302
490,490,Dave Bautista,David Michael Bautista Jr.,3,0,216.0000,302
491,491,New York City,the world,3,0,217.0000,302
492,492,England,England,3,1,217.0000,303
493,493,Animorphs,Animorphs,3,1,217.0000,304
494,494,Sam Raimi,Sam Raimi,3,1,217.0000,305
495,495,Yes,yes,3,1,217.0000,306
496,496,1901,1901,3,1,217.0000,307
497,497,John Lasseter,John Alan Lasseter,3,0,218.0000,307
498,498,University of the District of Columbia,UDC,3,0,219.0000,307
499,499,Thon Maker,Thon Marial Maker,3,0,220.0000,307
500,500,Seven Days Battles,The Seven Days Battles,3,1,220.0000,308
501,501,Romantic comedy,romantic comedy,3,1,220.0000,309
502,502,Five,five times,3,0,221.0000,309
503,503,Terry Crews,Terry Crews,3,1,221.0000,310
504,504,Restoration Hardware,Restoration Hardware,3,1,221.0000,311
505,505,"January 3, 1989","June 6, 1959",3,0,222.0000,311
506,506,Pavlyuk uprising,Easter Rising of 1916,3,0,223.0000,311
507,507,St. George,St.George,3,0,224.0000,311
508,508,"51,271","51,271",3,1,224.0000,312
509,509,Sir George Cayley,George Cayley,3,0,225.0000,312
510,510,Melanie Owen,Melanie Owen,3,1,225.0000,313
511,511,"Tales of various deities, beings, and heroes","various deities, beings, and heroes",3,0,226.0000,313
512,512,Reinhard Heydrich,Reinhard Heydrich,3,1,226.0000,314
513,513,Ed Martin,Edward Robert Martin Jr.,3,0,227.0000,314
514,514,Two,second,3,0,228.0000,314
515,515,Orchids,flowering plants,3,0,229.0000,314
516,516,1996,1996,3,1,229.0000,315
517,517,Viacom International Media Networks,Prof Media,3,0,230.0000,315
518,518,Felicity Jones,Felicity Rose Hadley Jones,3,0,231.0000,315
519,519,Tea Moderna,Tea Moderna,3,1,231.0000,316
520,520,Marsilea,Marsilea,3,1,231.0000,317
521,521,Exeter College,Exeter College,3,1,231.0000,318
522,522,Tom Warburton,Thomas Warburton,3,0,232.0000,318
523,523,Ride a Wild Pony,Ride a Wild Pony,3,1,232.0000,319
524,524,Video game,video game,3,1,232.0000,320
525,525,Albert Park,Albert Park,3,1,232.0000,321
526,526,Youngor Group,Hero,3,0,233.0000,321
527,527,Minor basilica,a minor basilica,3,1,233.0000,322
528,528,Heavy metal drummer,drummer,3,0,234.0000,322
529,529,"Canary Islands, Spain","Canary Islands, Spain",3,1,234.0000,323
530,530,Rihanna,Stargate,3,0,235.0000,323
531,531,1926 Paris,1926 Paris,3,1,235.0000,324
532,532,CableACE Award for Best Actress in a Dramatic Series,BAFTA TV Award Best Actor,3,0,236.0000,324
533,533,Karen O,Karen O,3,1,236.0000,325
534,534,Detective Inspector Humphrey Goodman,DI Humphrey Goodman,3,0,237.0000,325
535,535,Bismarck,Bismarck,3,1,237.0000,326
536,536,Crystal Dynamics,Crystal Dynamics,3,1,237.0000,327
537,537,William Allen White,middle America,3,0,238.0000,327
538,538,1987,1987,3,1,238.0000,328
539,539,Armenian-American,Armenian–American,3,0,239.0000,328
540,540,Grand Forks International Airport,El Paso International Airport,3,0,240.0000,328
541,541,Ethan Coen,Joel David Coen,3,0,241.0000,328
542,542,Kathleen O'Brien,Kathleen O'Brien,3,1,241.0000,329
543,543,Chaplain to the Forces,Chaplain,3,0,242.0000,329
544,544,203 people per square kilometer / 526 people per square mile,526,3,0,243.0000,329
545,545,Southern State Parkway,Southern State Parkway,3,1,243.0000,330
546,546,Alain Resnais,Scott Sidney,3,0,244.0000,330
547,547,Naked Soldier,"""Naked Killer""",3,0,245.0000,330
548,548,1901,1901,3,1,245.0000,331
549,549,Lismore,Lismore,3,1,245.0000,332
550,550,Hee Haw,Hee Haw,3,1,245.0000,333
551,551,Chris Tarbell,"Christopher ""Chris"" Tarbell",3,0,246.0000,333
552,552,Último Dragón,Mossad,3,0,247.0000,333
553,553,Vanarama,Vanarama,3,1,247.0000,334
554,554,"Film and television writer, director and producer",director and producer,3,0,248.0000,334
555,555,Isla Grande de Tierra del Fuego,Isla de Xativa,3,0,249.0000,334
556,556,Forty-fifth,45th,3,0,250.0000,334
557,557,March and April,March and April,3,1,250.0000,335
558,558,"Alice Springs, Northern Territory, Australia","Alice Springs, Northern Territory",3,0,251.0000,335
559,559,Thomas Mawson,Thomas Mawson,3,1,251.0000,336
560,560,Jesper Myrfors,Jesper Myrfors,3,1,251.0000,338
561,561,Great-grandfather,great-grandfather,3,1,251.0000,339
562,562,Canadian,Canadian,3,1,251.0000,340
563,563,Mrs. Eastwood & Company,Mrs. Eastwood & Company,3,1,251.0000,341
564,564,Erinsborough,Erinsborough,3,1,251.0000,342
565,565,Douglas County,Douglas,3,0,252.0000,342
566,566,Film director,"film director, film producer, writer",3,0,253.0000,342
567,567,Brad Silberling,Brad Silberling,3,1,253.0000,343
568,568,"Kate, Stinky and Lilly","Kairi in the video game series ""Kingdom Hearts"".",3,0,254.0000,343
569,569,Lakeland Square Mall,Winter Haven Mall,3,0,255.0000,343
570,570,World War II,World War II,3,1,255.0000,344
571,571,Fifteen,fifteen,3,1,255.0000,345
572,572,British,British,3,1,255.0000,346
573,573,Asante Traditional Buildings,Gulangyu,3,0,256.0000,346
574,574,Kingdom of the Isles,Kingdom of the Isles,3,1,256.0000,347
575,575,James Packer,James Packer,3,1,256.0000,348
576,576,Argentine Americans,Argentine Americans,3,1,256.0000,349
577,577,Joggers' Park,Kal Ho Naa Ho,3,0,257.0000,349
578,578,"NCAA's all-time leader in total passing yards, touchdowns, and completions",most total touchdowns in NCAA history,3,0,258.0000,349
579,579,"4,613","4,613",3,1,258.0000,350
580,580,2011,2011,3,1,258.0000,351
581,581,Nagapattinam District,Tharangambadi,3,0,259.0000,351
582,582,Rhoda,Perfect Strangers,3,0,260.0000,351
583,583,2006,2006,3,1,260.0000,352
584,584,Death metal,death metal band,3,0,261.0000,352
585,585,Dissection,Dissection,3,1,261.0000,353
586,586,German Spitz,German Spitz,3,1,261.0000,354
587,587,Sarod,strings,3,0,262.0000,354
588,588,Yes,yes,3,1,262.0000,355
589,589,Polypodium,Polypodium,3,1,262.0000,356
590,590,Tigers,Javan leopard,3,0,263.0000,356
591,591,Steeles Avenue,Steeles Avenue,3,1,263.0000,357
592,592,Joe Scarborough,Charles Joseph,3,0,264.0000,357
593,593,7 miles,7 miles,3,1,264.0000,358
594,594,Jim Pugh,Jim Pugh,3,1,264.0000,359
595,595,Pakistan,Pakistani,3,0,265.0000,359
596,596,Province of New Jersey,Province of New York,3,0,266.0000,359
597,597,Sudan,Republic of Chad,3,0,267.0000,359
598,598,Peter Schmeichel,World's Best Goalkeeper,3,0,268.0000,359
599,599,Ogallala Aquifer,Ogallala Aquifer,3,1,268.0000,360
600,600,Giuseppe Verdi,Giuseppe Verdi,3,1,268.0000,361
601,601,Las Vegas Sands,Las Vegas Sands company.,3,0,269.0000,361
602,602,Kvůta Peschke,Květa Peschke,3,0,270.0000,361
603,603,Marktown,Marktown,3,1,270.0000,362
604,604,West Point Foundry,West Point Iron and Cannon Foundry,3,0,271.0000,362
605,605,Yes,yes,3,1,271.0000,363
606,606,"4,000","3,677 seated",3,0,272.0000,363
607,607,Macworld,Macworld,3,1,272.0000,364
608,608,Owsley Stanley,Owsley Stanley,3,1,272.0000,365
609,609,Keeper of the Great Seal of Scotland,Keeper of the Privy Seal of Scotland,3,0,273.0000,365
610,610,28 January 1864,28 January 1864,3,1,273.0000,366
611,611,Ed O'Neill,"Edward Leonard ""Ed"" O'Neill",3,0,274.0000,366
612,612,Yes,yes,3,1,274.0000,367
613,613,October 1922,October 1922,3,1,274.0000,368
614,614,Caligula,Gaius Julius Caesar Augustus Germanicus,3,0,275.0000,368
615,615,FIFA Women's World Cup,international football competition,3,0,276.0000,368
616,616,Robert Z. Leonard,Sinclair Hill,3,0,277.0000,368
617,617,T. R. M. Howard,T. R. M. Howard,3,1,277.0000,369
618,618,Benedict of Nursia,Benedict of Nursia,3,1,277.0000,370
619,619,"Battle Creek, Michigan","Battle Creek, Michigan",3,1,277.0000,371
620,620,Sexy Beast,The Big Lebowski,3,0,278.0000,372
621,621,2015,2013,3,0,279.0000,372
622,622,Walt Disney Productions,Walt Disney Productions,3,1,279.0000,373
623,623,Yes,yes,3,1,279.0000,374
624,624,Treaty of Gandamak,Treaty of Gandamak,3,1,279.0000,375
625,625,Lavatera,Oplismenus,3,0,280.0000,375
626,626,Over 600,over 600 stores,3,0,281.0000,375
627,627,Sasanian Empire,the Parthian Empire,3,0,282.0000,375
628,628,Eddie Izzard,Eddie Izzard,3,1,282.0000,376
629,629,Green Chair,Green Chair,3,1,282.0000,377
630,630,Kang,Kodos,3,0,283.0000,377
631,631,Chloé Agnew,Chloë Alexandra Adele Emily Agnew,3,0,284.0000,377
632,632,Hero,Na Na,3,0,285.0000,377
633,633,Koyaanisqatsi,Mad Hot Ballroom,3,0,286.0000,377
634,634,2017,2017,3,1,286.0000,378
635,635,Queen Elizabeth II,Princess Elizabeth,3,0,287.0000,378
636,636,1916,1916,3,1,287.0000,379
637,637,Phoenix Television,Phoenix Television,3,1,287.0000,380
638,638,Larnelle Harris,Larnelle Harris,3,1,287.0000,381
639,639,NYPD's 83rd Precinct,NYPD's 83rd Precinct,3,1,287.0000,382
640,640,Christina Ricci,Christina Ricci,3,1,287.0000,384
641,641,Over 150 million,150 million copies,3,0,288.0000,384
642,642,Flashback,Fade to Black,3,0,289.0000,384
643,643,Salmita Mine,Kanichee Mine,3,0,290.0000,384
644,644,Warner Bros. Records,Warner Bros,3,0,291.0000,384
645,645,Guadarrama National Park,Sierra de Guadarrama National Park,3,0,292.0000,384
646,646,Ian Schneider,Frederick King Keller,3,0,293.0000,384
647,647,Political correctness,political correctness,3,1,293.0000,385
648,648,16th Street and Georgetown Road,16th Street and Georgetown Road,3,1,293.0000,386
649,649,Brooklyn,"Brooklyn, New York",3,0,294.0000,386
650,650,Chief of the Operations Staff of the Armed Forces High Command,Oberkommando der Wehrmacht,3,0,295.0000,387
651,651,Awake,Awake,3,1,295.0000,388
652,652,Dead Poets Society,Dead Poets Society,3,1,295.0000,389
653,653,Los Alamos National Laboratory,Manhattan Project,3,0,296.0000,389
654,654,Yes,yes,3,1,296.0000,390
655,655,"Cleveland, Ohio","Cleveland, Ohio",3,1,296.0000,391
656,656,Orlando Magic,Orlando Magic,3,1,296.0000,392
657,657,Oklahoma City,Norman,3,0,297.0000,392
658,658,"July 26, 1959","July 26, 1959",3,1,297.0000,393
659,659,"3,384,569","3,384,569",3,1,297.0000,394
660,660,No,no,3,1,297.0000,395
661,661,Maurice Ravel,Maurice Ravel,3,1,297.0000,396
662,662,Margarine Unie,Margarine Unie,3,1,297.0000,397
663,663,1948,1977,3,0,298.0000,397
664,664,Old Dominion,Charles Kelley,3,0,299.0000,397
665,665,Queen City,"""Queen City""",3,1,299.0000,398
666,666,Multinational Monitor,Multinational Monitor,3,1,299.0000,399
667,667,Limerick,Limerick,3,1,299.0000,400
668,668,X Ambassadors,X Ambassadors,3,1,299.0000,401
669,669,Michael Graves,architect Michael Graves,3,0,300.0000,401
670,670,Buckingham Palace,reigning monarch of the United Kingdom,3,0,301.0000,405
671,671,Connie Willis,Margaret Landon,3,0,302.0000,405
672,672,Luca Parmitano,Luca Parmitano,3,1,302.0000,406
673,673,Dinosaur,Dinosaur,3,1,302.0000,407
674,674,Stephen Christian,and lead guitarist,3,0,303.0000,407
675,675,MGM Resorts International,MGM Resorts International,3,1,303.0000,408
676,676,Graduation,My Beautiful Dark Twisted Fantasy,3,0,304.0000,408
677,677,Eastern shore,Firth of Clyde,3,0,305.0000,408
678,678,Stadio Olimpico,Stadio Olimpico,3,1,305.0000,409
679,679,Boston Celtics,Boston Celtics,3,1,305.0000,410
680,680,Ronald Reagan,Ronald Wilson Reagan,3,0,306.0000,410
681,681,Daron Malakian,Daron Vartan Malakian,3,0,307.0000,410
682,682,Magazine,magazine,3,1,307.0000,411
683,683,Zachary Levi,Zachary Levi,3,1,307.0000,412
684,684,IT products and services,IT products and services,3,1,307.0000,413
685,685,1865,1865,3,1,307.0000,414
686,686,Fagaceae,trees,3,0,308.0000,414
687,687,Ehretia,Ehretia,3,1,308.0000,415
688,688,Vince Guaraldi,Vincent Anthony Guaraldi,3,0,309.0000,415
689,689,No,no,3,1,309.0000,416
690,690,Ferdi Taygan,Ferdi Taygan,3,1,309.0000,417
691,691,Bedknobs and Broomsticks,Bedknobs and Broomsticks,3,1,309.0000,418
692,692,Finding Nemo,Finding Nemo,3,1,309.0000,419
693,693,Toshi Ichiyanagi,Toshi Ichiyanagi,3,1,309.0000,420
694,694,Roy Scheider,Roy Richard Scheider,3,0,310.0000,420
695,695,George Archainbaud,George Archainbaud,3,1,310.0000,421
696,696,Boston,Boston,3,1,310.0000,422
697,697,Regional Rural Bank,Regional Rural Bank,3,1,310.0000,423
698,698,Pennacook,the Pennacook people,3,0,311.0000,423
699,699,Orange,orange,3,1,311.0000,424
700,700,Fort Worth,Fort Worth,3,1,311.0000,426
701,701,Ready to Die,"September 13, 1994",3,0,312.0000,426
702,702,Musician,musician,3,1,312.0000,427
703,703,Murray Hill,Murray Hill,3,1,312.0000,428
704,704,More than 70,more than 70 countries,3,0,313.0000,428
705,705,Teen Titans,Teen Titans Go!,3,0,314.0000,428
706,706,Xcel Energy,Xcel Energy Inc.,3,0,315.0000,428
707,707,1,three singles titles,3,0,316.0000,428
708,708,Slaughterhouse-Five,Slaughterhouse-Five,3,1,316.0000,429
709,709,Anandji Virji Shah,Anandji Virji Shah,3,1,316.0000,430
710,710,"1,267","5,112 feet",3,0,317.0000,430
711,711,Yes,yes,3,1,317.0000,431
712,712,Royal Australian Navy,Australian Defence Force,3,0,318.0000,431
713,713,Jack Ryan,Jack Ryan,3,1,318.0000,432
714,714,Miller Brewing,Miller Brewing,3,1,318.0000,433
715,715,Great Neck,"New York, United States",3,0,319.0000,433
716,716,Michael Seater,Michael Seater,3,1,319.0000,434
717,717,Anthony Hopkins,Anthony Hopkins,3,1,319.0000,435
718,718,D. Ross Lederman,David Ross Lederman,3,0,320.0000,435
719,719,3 June 2016,3 December,3,0,321.0000,435
720,720,1990,28th,3,0,322.0000,435
721,721,Fox hunting,hunting,3,0,323.0000,435
722,722,Requiem for a Dream,Swan Lake,3,0,324.0000,435
723,723,No,no,3,1,324.0000,436
724,724,Business process outsourcing,IT,3,0,325.0000,436
725,725,Phoenix Suns,the Phoenix Suns,3,1,325.0000,437
726,726,"9,984","9,984",3,1,325.0000,438
727,727,No,no,3,1,325.0000,439
728,728,Man Booker Prize,Man Booker Prize for Fiction,3,0,326.0000,439
729,729,Eenasul Fateh,Eenasul Fateh,3,1,326.0000,440
730,730,More than 10 million,more than 10 million,3,1,326.0000,441
731,731,New York Giants,New York Giants,3,1,326.0000,442
732,732,Kathantara,1999 Odisha cyclone,3,0,327.0000,442
733,733,Martha Coolidge,Martha Coolidge,3,1,327.0000,443
734,734,Early 1970s,early 1970s,3,1,327.0000,444
735,735,North Carolina,North Carolina,3,1,327.0000,445
736,736,March,The High Sheriff changes every March.,3,0,328.0000,445
737,737,Chauncey Billups,signing free agent Chauncey Billups,3,0,329.0000,445
738,738,Exploration and settlement of Kentucky,Wilderness Road,3,0,330.0000,445
739,739,Fantastic Voyage,Gangsta's Paradise,3,0,331.0000,445
740,740,Lucie Šafářová,Kenneth Eliot Flach,3,0,332.0000,445
741,741,9,9 venues,3,0,333.0000,445
742,742,Gerry Adams,"Gerard ""Gerry"" Adams",3,0,334.0000,445
743,743,Tom Hiddleston,Tom Hiddleston,3,1,334.0000,446
744,744,Don Hahn,Don Hahn,3,1,334.0000,447
745,745,Anna Clyne,Anna Clyne,3,1,334.0000,448
746,746,New York Yankees,New York Yankees,3,1,334.0000,449
747,747,Circus Diablo,Magic Dirt,3,0,335.0000,449
748,748,Eucryphia,Eucryphia,3,1,335.0000,450
749,749,Götene,Götene in Sweden,3,0,336.0000,450
750,750,"John Vereker, 6th Viscount Gort",Lord Gort,3,0,337.0000,450
751,751,Ridley Scott,Philip K. Dick,3,0,338.0000,450
752,752,Horror,South Korean horror film,3,0,339.0000,450
753,753,Distillery,Distillery,3,1,339.0000,451
754,754,Maryland,Maryland,3,1,339.0000,452
755,755,1936,7 January 1936,3,0,340.0000,452
756,756,Religious authority,belief in many deities and spirits,3,0,341.0000,452
757,757,Cuyler Reynolds,Cuyler Reynolds,3,1,341.0000,453
758,758,"Fujioka, Gunma","Fujioka, Gunma",3,1,341.0000,454
759,759,Umaro Sissoco Embaló,Umaro Mokhtar Sissoco Embaló,3,0,342.0000,454
760,760,The Saturdays,The Saturdays,3,1,342.0000,456
761,761,Scandinavian design,Scandinavian design,3,1,342.0000,457
762,762,Foo Fighters,Foo Fighters,3,1,342.0000,458
763,763,Yes,yes,3,1,342.0000,459
764,764,Documentary,documentary,3,1,342.0000,460
765,765,A5117 road,The A41,3,0,343.0000,460
766,766,More than 230,230,3,0,344.0000,460
767,767,Teacher,member of the Executive Council of the General Anthroposophical Society,3,0,345.0000,460
768,768,Happy Death Day,Happy Death Day,3,1,345.0000,461
769,769,Laurus,Laurus,3,1,345.0000,462
770,770,Sponsorship scandal,The sponsorship scandal,3,1,345.0000,463
771,771,1830,6 April 1830,3,0,346.0000,463
772,772,Oceans,The Bears and I,3,0,347.0000,463
773,773,Oakland County,Oakland County,3,1,347.0000,464
774,774,867 feet,867,3,0,348.0000,464
775,775,2015,2015,3,1,348.0000,465
776,776,No,no,3,1,348.0000,466
777,777,Yes,yes,3,1,348.0000,467
778,778,The Life of Larry and Larry & Steve,The Life of Larry and Larry & Steve,3,1,348.0000,468
779,779,John John Florence,John John Florence,3,1,348.0000,469
780,780,Chevalier Field,Warrington,3,0,349.0000,469
781,781,Johan Leysen,Johan Leysen,3,1,349.0000,470
782,782,1991's 'The Changing Scottish Landscape',The Changing Scottish Landscape,3,0,350.0000,470
783,783,219,219,3,1,350.0000,471
784,784,U.S. Bancorp,U.S. Bancorp,3,1,350.0000,472
785,785,Crystal Palace F.C. Player of the Year,Player of the Year,3,0,351.0000,472
786,786,Jim Davis,Jim Davis,3,1,351.0000,473
787,787,Taylor Swift,Taylor Swift,3,1,351.0000,474
788,788,Liberty,Liberty,3,1,351.0000,475
789,789,Stanisław Drzewiecki,Maria Szraiber,3,0,352.0000,475
790,790,Apsley Cherry-Garrard,Apsley George Benet Cherry-Garrard,3,0,353.0000,475
791,791,Michael Edwards,"Eddie ""The Eagle"" Edwards",3,0,354.0000,475
792,792,2010,2008,3,0,355.0000,475
793,793,Victor Reinier,Ryan Guno Babel,3,0,356.0000,475
794,794,1851,1851,3,1,356.0000,476
795,795,Tannenberg,26–30 August 1914,3,0,357.0000,476
796,796,CBS Corporation,CBS Corporation,3,1,357.0000,477
797,797,Selle v. Gibb,1964,3,0,358.0000,477
798,798,Salford City,Salford City Football Club,3,0,359.0000,477
799,799,Tetrapolis,northeastern,3,0,360.0000,477
800,800,Pete Sell,Peter 'Drago' Sell,3,0,361.0000,477
801,801,Valuation method,business,3,0,362.0000,477
802,802,Kew Gardens,Kew Gardens,3,1,362.0000,478
803,803,Austrian,American,3,0,363.0000,478
804,804,Family member,a family member,3,1,363.0000,479
805,805,Sun Valley,"Sun Valley, Idaho",3,0,364.0000,479
806,806,Filthy Rich & Catflap,"""The Comic Strip Presents...""",3,0,365.0000,479
807,807,Roman Empire,Roman,3,0,366.0000,479
808,808,John Faso,John Faso,3,1,366.0000,480
809,809,"Pioneer in watch design, manufacturing and distribution",Swiss made,3,0,367.0000,480
810,810,No,no,3,1,367.0000,481
811,811,Tufts University,Tufts College,3,0,368.0000,481
812,812,Punk rock,punk rock,3,1,368.0000,482
813,813,Presbyterian Church (USA),Presbyterian Church,3,0,369.0000,482
814,814,Fictional character,fictional character,3,1,369.0000,483
815,815,1964 to 1974,1964 to 1974,3,1,369.0000,484
816,816,Yes,yes,3,1,369.0000,485
817,817,Orange,orange,3,1,369.0000,486
818,818,Philadelphia,Philadelphia,3,1,369.0000,487
819,819,John Lennon,John Lennon,3,1,369.0000,488
820,820,"8,211","8,211 at the 2010 census",3,0,370.0000,488
821,821,"5,042","5,042",3,1,370.0000,489
822,822,Vikram Bhatt,Tinu Suresh Desai,3,0,371.0000,489
823,823,Pyotr Ilyich Tchaikovsky,Pyotr Ilyich Tchaikovsky,3,1,371.0000,490
824,824,Yes,no,3,0,372.0000,490
825,825,American,American,3,1,372.0000,491
826,826,Rocky Boy's Indian Reservation,Rocky Boy's Indian Reservation,3,1,372.0000,492
827,827,1986,1986,3,1,372.0000,493
828,828,Armada,Ready Player One,3,0,373.0000,493
829,829,Hugo Award,Hugo Award,3,1,373.0000,494
830,830,"Chiba, Japan",Korea,3,0,374.0000,496
831,831,4,4 albums,3,0,375.0000,496
832,832,Carrefour,Carrefour,3,1,375.0000,497
833,833,Nikolai Morozov,Nikolai Morozov,3,1,375.0000,498
834,834,No,no,3,1,375.0000,499
835,835,Pavel Alexandrov,Pavel Sergeyevich Alexandrov,3,0,376.0000,499
836,836,May Revolution,May Revolution,3,1,376.0000,500
837,837,No,no,3,1,376.0000,501
838,838,Stunt performer,stunt performances,3,0,377.0000,501
839,839,Archbishop of Canterbury,Archbishop of Canterbury,3,1,377.0000,502
840,840,Gloria Trevi,Gloria Trevi,3,1,377.0000,504
841,841,Robert Smigel,"Robert Smigel, Michael Koman and David Feldman",3,0,378.0000,504
842,842,Frank Thomas' Big Hurt,a pinball machine,3,0,379.0000,504
843,843,Princess Jessica,Princess Jessica,3,1,379.0000,505
844,844,Justin Spitzer,Justin Spitzer,3,1,379.0000,506
845,845,Apium,Apium,3,1,379.0000,507
846,846,Bill Clinton,William Jefferson Clinton,3,0,380.0000,507
847,847,2005,2005,3,1,380.0000,508
848,848,Fazoli's,Fazoli's,3,1,380.0000,509
849,849,Future,The Bomb Factory,3,0,381.0000,509
850,850,Evangelical Christianity,evangelical Christian,3,0,382.0000,509
851,851,Laura Osnes,Laura Ann Osnes,3,0,383.0000,509
852,852,Impresario,impresario,3,1,383.0000,510
853,853,Fifth-largest,fifth-largest,3,1,383.0000,511
854,854,Bhabananda Deka,Prof Bhabananda Deka,3,0,384.0000,511
855,855,ZZ Top,ZZ Top,3,1,384.0000,512
856,856,"276,170","276,170 inhabitants",3,0,385.0000,512
857,857,Leo Varadkar,Leo Varadkar,3,1,385.0000,513
858,858,Violin Sonata No. 4,Symphony No. 7,3,0,386.0000,513
859,859,Pepper Keenan,"Robert ""Rob"" Parissi",3,0,387.0000,513
860,860,Boston and Maine Railroad's Southern Division,Boston and Maine Railroad's Southern Division,3,1,387.0000,514
861,861,Yes,no,3,0,388.0000,514
862,862,1946,1945,3,0,389.0000,514
863,863,Mark Ciardi,Kurt Russell,3,0,390.0000,514
864,864,Australian Supercars Championship,Australian Supercars Championship,3,1,390.0000,515
865,865,Urijah Faber,Urijah Christopher Faber,3,0,391.0000,515
866,866,Nuptse,It lies two kilometres WSW of Mount Everest.,3,0,392.0000,515
867,867,"Las Vegas, Nevada",Las Vegas Strip in Paradise,3,0,393.0000,515
868,868,Piaggio,Piaggio,3,1,393.0000,516
869,869,"Hotel, Airport, Wheels","Hotel"" (1965), ""Airport"" (1968), ""Wheels"" (1971)",3,0,394.0000,516
870,870,John F. Kelly,John Francis Kelly,3,0,395.0000,516
871,871,Charlie Albright,Atsushi Ogata,3,0,396.0000,516
872,872,Greenwich Village,"Greenwich Village, New York City",3,0,397.0000,516
873,873,Chris Lee,Sean Yseult.,3,0,398.0000,516
874,874,"46 Albert Square, Walford, London E20","46 Albert Square, Walford, London E20",3,1,398.0000,517
875,875,AngloGold Ashanti,AngloGold Ashanti,3,1,398.0000,518
876,876,Dennis Hull,"Dennis Hull, as well as painter Manley MacDonald.",3,0,399.0000,518
877,877,Blue,Blue,3,1,399.0000,519
878,878,Front Row,keyboard function keys,3,0,400.0000,519
879,879,"March 24, 2001 - $129","April 29, 2005 for US$129.95",3,0,401.0000,519
880,880,Yes,yes,3,1,401.0000,520
881,881,1614,1614,3,1,401.0000,521
882,882,More than two decades,more than two decades,3,1,401.0000,522
883,883,Ratatat,Ratatat,3,1,401.0000,523
884,884,Alceste,"""Alceste""",3,1,401.0000,524
885,885,Virginia Woolf,Adeline Virginia Woolf,3,0,402.0000,524
886,886,Babylon,Babylon,3,1,402.0000,525
887,887,Berea College,Berea College,3,1,402.0000,526
888,888,Severe acute respiratory syndrome,severe acute respiratory syndrome,3,1,402.0000,527
889,889,Hamlet,Hamlet,3,1,402.0000,528
890,890,January,January 2001,3,0,403.0000,529
891,891,"Royce da 5'9"" and Eminem","Royce da 5'9"" (Bad) and Eminem (Evil)",3,0,404.0000,529
892,892,Nelson Rockefeller,Nelson Rockefeller,3,1,404.0000,530
893,893,Kelly Osbourne,Kelly Lee Osbourne,3,0,405.0000,530
894,894,Peabody Ducks,Ducks,3,0,406.0000,530
895,895,Yes,yes,3,1,406.0000,531
896,896,Seven,seven,3,1,406.0000,532
897,897,Mathieu Kassovitz,Mathieu Kassovitz,3,1,406.0000,533
898,898,Viaport Rotterdam,Viaport Rotterdam,3,1,406.0000,534
899,899,Schutzstaffel,Schutzstaffel,3,1,406.0000,535
900,900,Norse mythology,Norse,3,0,407.0000,535
901,901,Lincoln,Caistor is a town,3,0,408.0000,535
902,902,Drifting,Drifting,3,1,408.0000,536
903,903,November,November 2017,3,0,409.0000,536
904,904,Canadian comedian,Canadian comedian,3,1,409.0000,537
905,905,Monthly,Girlfriends,3,0,410.0000,537
906,906,Director,film director,3,0,411.0000,537
907,907,New Jewel Movement,New Jewel Movement,3,1,411.0000,538
908,908,An All-Colored Vaudeville Show,"""An All-Colored Vaudeville Show""",3,1,411.0000,539
909,909,Dutch,Dutch,3,1,411.0000,540
910,910,Portraits,portrait,3,0,412.0000,541
911,911,Suicide Kings,Suicide Kings,3,1,412.0000,542
912,912,Leonid Khachiyan,Nikolai Ivanovich Lobachevsky,3,0,413.0000,542
913,913,French Canadians,French Canadians,3,1,413.0000,543
914,914,Artists' lofts and art galleries,artists' lofts,3,0,414.0000,543
915,915,"London, England","London, England",3,1,414.0000,544
916,916,Carondelet Canal,Carondelet Canal,3,1,414.0000,545
917,917,The Conversation,The Conversation,3,1,414.0000,546
918,918,Heavyweights,Heavyweights,3,1,414.0000,547
919,919,Brothers Quay,Brothers Quay,3,1,414.0000,548
920,920,No,no,3,1,414.0000,550
921,921,January 2004,January 2004,3,1,414.0000,551
922,922,Scotch Collie,Scotch Collie,3,1,414.0000,552
923,923,Every Rose Has Its Thorn,Every Rose Has Its Thorn,3,1,414.0000,553
924,924,1961,1961,3,1,414.0000,554
925,925,"Warrnambool, Victoria","Warrnambool, Victoria",3,1,414.0000,555
926,926,Yorgos Lanthimos,Yorgos Lanthimos,3,1,414.0000,556
927,927,Picric acid,picric acid,3,1,414.0000,557
928,928,Ogier the Dane,Ogier the Dane,3,1,414.0000,558
929,929,Burwash Mine,Burwash Mine,3,1,414.0000,559
930,930,A Bug's Life,A Bug's Life,3,1,414.0000,560
931,931,Obafemi Martins,Obafemi Martins,3,1,414.0000,561
932,932,Rockland,Rockland,3,1,414.0000,562
933,933,Live,Live,3,1,414.0000,563
934,934,Punk,rock,3,0,415.0000,563
935,935,"Ice, orange juice, sweetener, milk, powdered egg whites and vanilla flavoring",orange juice,3,0,416.0000,563
936,936,1932,1932,3,1,416.0000,564
937,937,Kevin Spacey,Kevin Spacey,3,1,416.0000,565
938,938,Philip Labonte,Philip Steven Labonte,3,0,417.0000,565
939,939,Nobel Prize,Nobel Prize,3,1,417.0000,566
940,940,Ivan Foster,Ian Paisley,3,0,418.0000,566
941,941,London,London,3,1,418.0000,567
942,942,Detroit,lower Manhattan,3,0,419.0000,567
943,943,Yes,yes,3,1,419.0000,568
944,944,"Gainesville, Florida","Gainesville, Florida",3,1,419.0000,569
945,945,1999,1999,3,1,419.0000,570
946,946,Hinduism,Hindi,3,0,420.0000,570
947,947,Philip Livingston,Philip Livingston,3,1,420.0000,571
948,948,Dodge Park,Dodge Memorial Park,3,0,421.0000,571
949,949,"March 30, 2025","March 30, 2025",3,1,421.0000,572
950,950,Drawings,drawings,3,1,421.0000,573
951,951,Skyscraper,building,3,0,422.0000,573
952,952,Jimmy Page,Eric Clapton,3,0,423.0000,573
953,953,George Washington Bridge,the George Washington Bridge,3,1,423.0000,574
954,954,Coyote Ugly,Coyote Ugly,3,1,423.0000,575
955,955,"April 1, 1949","April 1, 1949",3,1,423.0000,576
956,956,Discover Pure Energy,"""Discover Pure Energy""",3,1,423.0000,577
957,957,Multiple-time world wushu tournament champion,world wushu tournament,3,0,424.0000,577
958,958,Republic of Ireland,Ireland,3,0,425.0000,577
959,959,1989,1989,3,1,425.0000,578
960,960,Dallas,Dallas,3,1,425.0000,579
961,961,Daniel Patrick Moynihan,"Daniel Patrick ""Pat"" Moynihan",3,0,426.0000,579
962,962,2009 Big 12 Conference football season,2009 Big 12 Conference,3,0,427.0000,579
963,963,Steve McGarrett,Steve McGarrett,3,1,427.0000,580
964,964,Hot toddy,Hot toddy,3,1,427.0000,581
965,965,"Laurel, Mississippi","Laurel, Mississippi",3,1,427.0000,582
966,966,Annie Morton,Terry Richardson,3,0,428.0000,582
967,967,McKenna's Fort,Casement's Fort,3,0,429.0000,582
968,968,Philip K. Dick,Philip K. Dick,3,1,429.0000,583
969,969,Soil,Drowning Pool,3,0,430.0000,583
970,970,Oregon,Oregon,3,1,430.0000,584
971,971,Physical optics,theory of direct scattering and inverse scattering,3,0,431.0000,584
972,972,Adam Silver,Adam Silver,3,1,431.0000,585
973,973,Madame d'Aulnoy,Margery Williams,3,0,432.0000,585
974,974,"Score 1,000 points with two different teams","score 1,000 points with two different teams",3,1,432.0000,586
975,975,Silver,a silver medal,3,0,433.0000,586
976,976,1992,1992,3,1,433.0000,587
977,977,Cyndi Lauper,"Cynthia Ann Stephanie ""Cyndi"" Lauper",3,0,434.0000,587
978,978,Thermal energy,electromagnetic field,3,0,435.0000,587
979,979,Rawhide,Rawhide,3,1,435.0000,588
980,980,Bryce Courtenay,Juan Carlos Onetti,3,0,436.0000,588
981,981,Big Mamie,Big Mamie,3,1,436.0000,589
982,982,The Royal Family,"""The Royal Family""",3,1,436.0000,590
983,983,No other actors are listed,Gene Serdena,3,0,437.0000,590
984,984,44,44,3,1,437.0000,591
985,985,Big 12 Conference,Big 12 Conference,3,1,437.0000,592
986,986,No,no,3,1,437.0000,593
987,987,2.1 million,2.1 million,3,1,437.0000,594
988,988,Allerdale,"the Borough of Allerdale in Cumbria, England",3,0,438.0000,594
989,989,No,yes,3,0,439.0000,594
990,990,"September 30, 2017","September 30, 2017",3,1,439.0000,595
991,991,Brazil,Brazil,3,1,439.0000,596
992,992,Brad Wilk,Brad Wilk,3,1,439.0000,597
993,993,Bob Iger,Robert A. Iger,3,0,440.0000,597
994,994,Yes,yes,3,1,440.0000,598
995,995,Pasek and Paul,Pasek and Paul,3,1,440.0000,599
996,996,"Queens, New York","Queens, New York",3,1,440.0000,600
997,997,Scribner,Scribner,3,1,440.0000,601
998,998,1969-1974,1969 until 1974,3,0,441.0000,601
999,999,The Soloist,The Soloist,3,1,441.0000,602
1000,1000,Epigaea,Bactris,3,0,442.0000,602
1001,1001,Center,Canadian professional ice hockey centre,3,0,443.0000,602
1002,1002,Mother goddess,Greek mythology,3,0,444.0000,602
1003,1003,Apatosaurus,Apatosaurus,3,1,444.0000,603
1004,1004,Armenian,Armenian,3,1,444.0000,604
1005,1005,1.95 m,1.95 m,3,1,444.0000,605
1006,1006,Essex,Essex,3,1,444.0000,606
1007,1007,Paula Patton,Paula Maxine Patton,3,0,445.0000,606
1008,1008,State University of New York Upstate Medical University,University of New York Upstate,3,0,446.0000,606
1009,1009,28 June 1945,28 June 1945,3,1,446.0000,607
1010,1010,Bottom of the World,The Bye Bye Man,3,0,447.0000,607
1011,1011,Catwoman,Catwoman,3,1,447.0000,608
1012,1012,No,no,3,1,447.0000,609
1013,1013,Military officer,officer,3,0,448.0000,609
1014,1014,119,119 minutes,3,0,449.0000,609
1015,1015,No,no,3,1,449.0000,610
1016,1016,Academy Award for Best Animated Feature,Academy Award for Best Animated Feature,3,1,449.0000,611
1017,1017,Fortnightly women's magazine,fortnightly women interest magazine,3,0,450.0000,611
1018,1018,Translation and commentary on Isaac Newton's 'Principia',"commentary on Isaac Newton's book ""Principia""",3,0,451.0000,611
1019,1019,Katherine Harris,Katherine Harris,3,1,451.0000,612
1020,1020,Hessians,Hessians,3,1,451.0000,615
1021,1021,Tori Amos,Tori Amos,3,1,451.0000,616
1022,1022,Gal Gadot,Gal Gadot,3,1,451.0000,617
1023,1023,"March 13, 2013","March 13, 2013",3,1,451.0000,618
1024,1024,Rich Girl,"""Rich Girl""",3,1,451.0000,619
1025,1025,Philip Glass,Philip Morris Glass,3,0,452.0000,619
1026,1026,Bolshoi Theatre,Bolshoi Theatre,3,1,452.0000,620
1027,1027,1957,1957,3,1,452.0000,621
1028,1028,Racehorse breeder and owner,racehorse breeder and owner,3,1,452.0000,622
1029,1029,Adelaide Bite,Tel Aviv,3,0,453.0000,622
1030,1030,2009,1976,3,0,454.0000,622
1031,1031,Natural-ingredients-only personal care products,natural-ingredients-only personal care products,3,1,454.0000,623
1032,1032,Musical,musical,3,1,454.0000,624
1033,1033,13,13,3,1,454.0000,625
1034,1034,1968,1968,3,1,454.0000,626
1035,1035,Phil Spector,Phil Spector,3,1,454.0000,627
1036,1036,Musician,"musician, singer, and songwriter",3,0,455.0000,627
1037,1037,Sir Syed University of Engineering and Technology,Sir Syed University of Engineering and Technology,3,1,455.0000,628
1038,1038,Young Justice,focus on young superheroes,3,0,456.0000,628
1039,1039,2006,2006,3,1,456.0000,629
1040,1040,Portal A Interactive,Portal A Interactive,3,1,456.0000,630
1041,1041,Cyclic Defrost,Cyclic Defrost,3,1,456.0000,631
1042,1042,2006,2006,3,1,456.0000,632
1043,1043,British Army,British Army,3,1,456.0000,633
1044,1044,Hard Rock Stadium,"Miami Gardens, Florida,",3,0,457.0000,633
1045,1045,Polka,Polka,3,1,457.0000,634
1046,1046,Lithuanian-born French,Lithuanian-born French,3,1,457.0000,635
1047,1047,Tampa,Tampa,3,1,457.0000,636
1048,1048,Yes,no,3,0,458.0000,636
1049,1049,Stapleton Cotton,Lord Combermere,3,0,459.0000,636
1050,1050,Citizens for a Sound Economy,Citizens for a Sound Economy,3,1,459.0000,637
1051,1051,Los Angeles Lakers,Los Angeles Lakers,3,1,459.0000,638
1052,1052,Eliot Cutler,Eliot Cutler,3,1,459.0000,639
1053,1053,American,American,3,1,459.0000,640
1054,1054,Italian,German,3,0,460.0000,640
1055,1055,Anabolic-androgenic steroid,Anabolic steroids,3,0,461.0000,640
1056,1056,Roland R-8,The R-8 Human Rhythm Composer,3,0,462.0000,640
1057,1057,J. M. Barrie,Edward Franklin Albee III,3,0,463.0000,640
1058,1058,Transporter 3,Transporter 3,3,1,463.0000,641
1059,1059,Royal Navy,Navy,3,0,464.0000,641
1060,1060,Strange Synergy,Strange Synergy,3,1,464.0000,642
1061,1061,"Port Moresby, Papua New Guinea","Port Moresby, Papua New Guinea",3,1,464.0000,643
1062,1062,Jean-Loup Chrétien,Jean-Loup Jacques Marie Chrétien,3,0,465.0000,643
1063,1063,Mike,Jackson Storm,3,0,466.0000,643
1064,1064,My Cat from Hell,My Cat from Hell,3,1,466.0000,644
1065,1065,No,no,3,1,466.0000,645
1066,1066,Northrop F-15 Reporter,The Northrop P-61 Black Widow,3,0,467.0000,645
1067,1067,Gauteng,Gauteng province,3,0,468.0000,645
1068,1068,1944,1944,3,1,468.0000,646
1069,1069,Garth Jennings,Garth Jennings,3,1,468.0000,647
1070,1070,Yes,yes,3,1,468.0000,648
1071,1071,Salvia,Salvia,3,1,468.0000,649
1072,1072,"About 450,000","about 450,000",3,1,468.0000,650
1073,1073,Rosie O'Donnell,Rosie O'Donnell,3,1,468.0000,651
1074,1074,215th,215th,3,1,468.0000,652
1075,1075,Erika Jayne,Erika Jayne,3,1,468.0000,653
1076,1076,Plato,Plato,3,1,468.0000,654
1077,1077,Board game,board game,3,1,468.0000,655
1078,1078,Aging issues,aging issues,3,1,468.0000,656
1079,1079,Adrenal gland,zona glomerulosa,3,0,469.0000,656
1080,1080,Europe,Europe,3,1,469.0000,657
1081,1081,Yes,yes,3,1,469.0000,658
1082,1082,Guthred,Guthred or Guthfrith,3,0,470.0000,658
1083,1083,7 October 1978,7 October 1978,3,1,470.0000,659
1084,1084,1963 to 1991,1963 to 1991,3,1,470.0000,660
1085,1085,South African,South African-born,3,0,471.0000,660
1086,1086,David Dunn,David Dunn,3,1,471.0000,661
1087,1087,Action films,martial arts action films,3,0,472.0000,661
1088,1088,Yes,yes,3,1,472.0000,662
1089,1089,1966 Arizona State Sun Devils football team,Arizona State Sun Devils,3,0,473.0000,662
1090,1090,Daniel Sturridge,Daniel Sturridge,3,1,473.0000,663
1091,1091,110 miles (177 km),110 miles,3,0,474.0000,663
1092,1092,Bill McCutcheon,Bill McCutcheon,3,1,474.0000,664
1093,1093,"VH1's ""100 Greatest Artists of Hard Rock""",100 Greatest Artists of Hard Rock,3,0,475.0000,664
1094,1094,"Nebula Award, Philip K. Dick Award, Hugo Award","Nebula Award, the Philip K. Dick Award, and the Hugo Award",3,0,476.0000,664
1095,1095,I.O.U.S.A.,I.O.U.S.A.,3,1,476.0000,665
1096,1096,Bronwyn Bishop,Kathryn Jean Martin,3,0,477.0000,665
1097,1097,Yes,yes,3,1,477.0000,666
1098,1098,Yes,yes,3,1,477.0000,667
1099,1099,The Process,The Process,3,1,477.0000,668
1100,1100,Game of Thrones,Game of Thrones,3,1,477.0000,670
1101,1101,"35,124","35,124",3,1,477.0000,671
1102,1102,2003,in 1896,3,0,478.0000,671
1103,1103,Boyd Gaming,Boyd Gaming,3,1,478.0000,672
1104,1104,East of Ireland,the east of Ireland,3,1,478.0000,673
1105,1105,Ubisoft,Massive Entertainment,3,0,479.0000,673
1106,1106,Walt Disney Productions,Disney,3,0,480.0000,673
1107,1107,Oregon Ducks,Oregon Ducks football,3,0,481.0000,673
1108,1108,Town meeting legislative body,town meeting legislative body,3,1,481.0000,674
1109,1109,Vib Gyor,"Vib Gyor was a band that was formed in Leeds, England.",3,0,482.0000,674
1110,1110,Start,IK Start,3,0,483.0000,674
1111,1111,Prime Minister,Viscount Cranborne,3,0,484.0000,674
1112,1112,No,no,3,1,484.0000,675
1113,1113,Las Vegas,Las Vegas,3,1,484.0000,676
1114,1114,"New Orleans, Louisiana",Louisiana.,3,0,485.0000,676
1115,1115,University of Vienna,University of Vienna,3,1,485.0000,677
1116,1116,Paleo-Indians,Paleo-Indians,3,1,485.0000,678
1117,1117,22 November 1761,22 November,3,0,486.0000,678
1118,1118,No,no,3,1,486.0000,679
1119,1119,James Franco,James Franco,3,1,486.0000,680
1120,1120,Alexander Borodin,Alexander Porfiryevich Borodin,3,0,487.0000,680
1121,1121,Film critic,author,3,0,488.0000,680
1122,1122,No,no,3,1,488.0000,681
1123,1123,Dana Fox,Dana Fox,3,1,488.0000,682
1124,1124,"Frida, en trotjänarinna","Frida, en trotjänarinna",3,1,488.0000,683
1125,1125,Jordan Peele and Alex Rubens,Jordan Peele,3,0,489.0000,683
1126,1126,WAMC,WAMC,3,1,489.0000,684
1127,1127,William Bonfield,Alistair Grant,3,0,490.0000,684
1128,1128,Genus,genus,3,1,490.0000,685
1129,1129,Lowe's,Lowe's,3,1,490.0000,686
1130,1130,Mean Girls,Mean Girls,3,1,490.0000,688
1131,1131,Monica Lewinsky,Monica Lewinsky,3,1,490.0000,689
1132,1132,College of Magic,New York,3,0,491.0000,689
1133,1133,Yes,yes,3,1,491.0000,690
1134,1134,James G. Kiernan,James G. Kiernan,3,1,491.0000,691
1135,1135,Dragon TV,Dragon TV,3,1,491.0000,692
1136,1136,Fried chicken,hamburgers,3,0,492.0000,692
1137,1137,Warner Animation Group,"Dan Lin, Roy Lee, Phil Lord and Christopher Miller",3,0,493.0000,692
1138,1138,Chelmsford City,Chelmsford,3,0,494.0000,692
1139,1139,Sigmund Freud,Sigmund Freud,3,1,494.0000,693
1140,1140,Media for the 65.8 million,media for the 65.8 million,3,1,494.0000,694
1141,1141,1909,1909,3,1,494.0000,695
1142,1142,1970s,1970s,3,1,494.0000,696
1143,1143,"January 11, 1755 or 1757","January 11, 1755 or 1757July",3,0,495.0000,696
1144,1144,Crackle,Crackle,3,1,495.0000,697
1145,1145,House of Windsor,Mountbatten family,3,0,496.0000,697
1146,1146,Shep Meyers,Shep Meyers,3,1,496.0000,698
1147,1147,1988,1988,3,1,496.0000,699
1148,1148,Continental Army,Continental Army,3,1,496.0000,700
1149,1149,James Tinling,James Tinling,3,1,496.0000,701
1150,1150,Defensive coordinator,defensive coordinator,3,1,496.0000,702
1151,1151,Yes,no,3,0,497.0000,702
1152,1152,Rock,rock,3,1,497.0000,703
1153,1153,Birmingham,"Birmingham, Alabama",3,0,498.0000,703
1154,1154,Number 5,number 5,3,1,498.0000,704
1155,1155,"Max Martin, Savan Kotecha and Ilya Salmanzadeh","Max Martin, Savan Kotecha and Ilya Salmanzadeh",3,1,498.0000,705
1156,1156,No,Drunter und Drüber is a multiplayer board game invented by Klaus Teuber,3,0,499.0000,705
1157,1157,Darkroom,Darkroom,3,1,499.0000,706
1158,1158,Nicol Williamson,John Gielgud,3,0,500.0000,706
1159,1159,American,American,3,1,500.0000,707
1160,1160,The Late Late Show,The Late Late Show,3,1,500.0000,709
1161,1161,Comeng,Comeng and Clyde Engineering,3,0,501.0000,709
1162,1162,2014,2014,3,1,501.0000,710
1163,1163,SBS,SBS,3,1,501.0000,711
1164,1164,Manchester United,Premier League club Manchester United and the England national team,3,0,502.0000,711
1165,1165,Bearno's,Bearno's Pizza,3,0,503.0000,711
1166,1166,Serri,Serri,3,1,503.0000,712
1167,1167,25,25 laps,3,0,504.0000,712
1168,1168,Cuban,Cuban,3,1,504.0000,713
1169,1169,National Broadcasting Company,National Broadcasting Company,3,1,504.0000,714
1170,1170,SKUM,SKUM,3,1,504.0000,717
1171,1171,Duke Cunningham,Duke Cunningham,3,1,504.0000,718
1172,1172,BraveStarr,BraveStarr,3,1,504.0000,719
1173,1173,400 MW,400 MW,3,1,504.0000,720
1174,1174,Best Alternative Music Album,Best Alternative Music Album,3,1,504.0000,721
1175,1175,American,Steve Jobs,3,0,505.0000,721
1176,1176,Motörhead,Motörhead,3,1,505.0000,722
1177,1177,Over forty,Over forty,3,1,505.0000,723
1178,1178,Charlie Murphy,Charlie Murphy,3,1,505.0000,724
1179,1179,Dirt track racing,Dirt track racing,3,1,505.0000,725
1180,1180,Reggie Jackson,"Reginald Martinez ""Reggie"" Jackson",3,0,506.0000,725
1181,1181,Reichsführer-SS,Reichsführer-SS,3,1,506.0000,726
1182,1182,Hermione Baddeley,Hermione Baddeley,3,1,506.0000,727
1183,1183,Kannada,Hindi,3,0,507.0000,727
1184,1184,Scott Carson,Scott Paul Carson,3,0,508.0000,727
1185,1185,Dublin,Dublin,3,1,508.0000,728
1186,1186,Bristol Olympus,British Bristol Olympus turbojet,3,0,509.0000,728
1187,1187,Bea Arthur,Bea Arthur,3,1,509.0000,729
1188,1188,Masatoshi Gündüz Ikeda,Abū Bakr ibn Muḥammad ibn al Ḥusayn al-Karajī,3,0,510.0000,729
1189,1189,Douglas Jackson,Douglas Jackson,3,1,510.0000,730
1190,1190,Rural Orissa,Orissa,3,0,511.0000,730
1191,1191,Tim Whelan,Tim Whelan,3,1,511.0000,731
1192,1192,Thorgan Hazard,Thorgan Ganael Francis Hazard,3,0,512.0000,731
1193,1193,1963,1963,3,1,512.0000,732
1194,1194,Forbes,"Forbes in the Central West region of New South Wales, Australia",3,0,513.0000,732
1195,1195,Larry Drake,Larry Richard Drake,3,0,514.0000,732
1196,1196,Rear Adm. J. Edward Snyder,Rear Adm. J. Edward Snyder,3,1,514.0000,733
1197,1197,Nobel Prize,Nobel Prize,3,1,514.0000,734
1198,1198,Fama and French's research is period dependent.,The Vanguard Group,3,0,515.0000,734
1199,1199,Matthew Vaughn,Matthew Vaughn,3,1,515.0000,735
1200,1200,Cold Spring Historic District,Valhalla Highlands Historic District,3,0,516.0000,735
1201,1201,The Country Bears,The Country Bears,3,1,516.0000,736
1202,1202,Alan Young,Alan Young,3,1,516.0000,737
1203,1203,"September 30, 2009","September 30, 2009",3,1,516.0000,738
1204,1204,1930,1907,3,0,517.0000,738
1205,1205,No,no,3,1,517.0000,739
1206,1206,1959,1959,3,1,517.0000,740
1207,1207,In Pursuit,In Pursuit,3,1,517.0000,741
1208,1208,"Landing Barge, Kitchen",Operation Neptune,3,0,518.0000,741
1209,1209,My Beautiful Dark Twisted Fantasy,My Beautiful Dark Twisted Fantasy,3,1,518.0000,742
1210,1210,Kansas City crime family,Kansas City crime family,3,1,518.0000,744
1211,1211,Montreal,Montreal,3,1,518.0000,745
1212,1212,Robert Erskine Childers,Robert Erskine Childers DSC,3,0,519.0000,745
1213,1213,Ravalli County,"Ravalli County, Montana",3,0,520.0000,745
1214,1214,Eastern College Athletic Conference-North,the North Atlantic Conference,3,0,521.0000,745
1215,1215,Bridesmaids,The Future,3,0,522.0000,745
1216,1216,Leonberger,The Leonberger is a giant dog breed.,3,0,523.0000,745
1217,1217,Tromeo and Juliet,Tromeo and Juliet,3,1,523.0000,746
1218,1218,John Capozzi,"the Hanna-Barbera show ""Birdman and the Galaxy Trio.""",3,0,524.0000,746
1219,1219,Indianapolis Motor Speedway,Indianapolis Motor Speedway,3,1,524.0000,747
1220,1220,Argentine,Argentinian,3,0,525.0000,747
1221,1221,Sam the Sham,"Domingo ""Sam"" Samudio",3,0,526.0000,747
1222,1222,Bergen County,Bergen,3,0,527.0000,747
1223,1223,"September 25, 2015","October 16, 2015",3,0,528.0000,747
1224,1224,Los Angeles Dance Theater,The Los Angeles Dance Theater,3,1,528.0000,748
1225,1225,McG,McG,3,1,528.0000,749
1226,1226,Giotto,Giotto,3,1,528.0000,750
1227,1227,Ibn Arabi,ibnʿArabī,3,0,529.0000,750
1228,1228,No,no,3,1,529.0000,751
1229,1229,Gaja in Sanskrit means Elephant,Sanskrit,3,0,530.0000,751
1230,1230,Beauty and the Beast,Beauty and the Beast,3,1,530.0000,752
1231,1231,Tennis,tennis,3,1,530.0000,753
1232,1232,Yes,yes,3,1,530.0000,754
1233,1233,Taylor Swift,Taylor Swift,3,1,530.0000,755
1234,1234,The Cosmopolitan,Cosmopolitan of Las Vegas,3,0,531.0000,755
1235,1235,Eva Ibbotson,Eva Ibbotson,3,1,531.0000,756
1236,1236,Nearly 8 km,8 km,3,0,532.0000,756
1237,1237,Yes,yes,3,1,532.0000,757
1238,1238,Brewer v. Williams,Montejo v. Louisiana,3,0,533.0000,757
1239,1239,Panther tank,The Panther,3,0,534.0000,757
1240,1240,Leona Lewis,Leona Lewis,3,1,534.0000,758
1241,1241,C. W. Grafton,C. W. Grafton,3,1,534.0000,759
1242,1242,Janet Jackson,Janet Damita Jo Jackson,3,0,535.0000,759
1243,1243,Alan Turing,Alan Mathison Turing,3,0,536.0000,759
1244,1244,11 November 1869,11 November 1869,3,1,536.0000,760
1245,1245,Journalist,journalist,3,1,536.0000,761
1246,1246,Film director,director,3,0,537.0000,761
1247,1247,MiMA,MiMA,3,1,537.0000,762
1248,1248,Circus Circus Las Vegas,Excalibur Hotel and Casino,3,0,538.0000,762
1249,1249,Imagine,John Lennon/Plastic Ono Band,3,0,539.0000,762
1250,1250,Jeremy Renner,Jeremy Renner,3,1,539.0000,764
1251,1251,Calgary,"Calgary, Alberta",3,0,540.0000,764
1252,1252,Nobel Prize in Literature,Nobel Prize in Literature,3,1,540.0000,765
1253,1253,B-17 Flying Fortress,B-17 Flying Fortress bomber,3,0,541.0000,765
1254,1254,Shut Up,Shut Up,3,1,541.0000,766
1255,1255,2002,2002,3,1,541.0000,767
1256,1256,"Season six, episode 5","season six, episode 5, ""Invasion""",3,0,542.0000,767
1257,1257,2017,137th,3,0,543.0000,767
1258,1258,Brett Scallions,Brett Allen Scallions,3,0,544.0000,767
1259,1259,Key West,Key West,3,1,544.0000,768
1260,1260,Lawson,Lawson,3,1,544.0000,769
1261,1261,Lord Chancellor,Lord Chancellor of England,3,0,545.0000,769
1262,1262,Kenny Young,Kenny Young,3,1,545.0000,770
1263,1263,Thirteenth season,"""The Simpsons""' thirteenth season",3,0,546.0000,770
1264,1264,500 meters,500 metres,3,0,547.0000,770
1265,1265,Tulane,Campbellsville University,3,0,548.0000,770
1266,1266,New York City,modern-day New York City,3,0,549.0000,770
1267,1267,Yes,yes,3,1,549.0000,771
1268,1268,His most brilliant student,his most brilliant student,3,1,549.0000,772
1269,1269,Milk,Pineapple Express,3,0,550.0000,772
1270,1270,Oklahoma,Oklahoma,3,1,550.0000,775
1271,1271,Summerlin,Summerlin,3,1,550.0000,776
1272,1272,10 July 1873,1 September 1864,3,0,551.0000,776
1273,1273,The Spiderwick Chronicles,The Spiderwick Chronicles,3,1,551.0000,777
1274,1274,Hindi films,Hindi,3,0,552.0000,777
1275,1275,Lucas Grabeel,Lucas Stephen Grabeel,3,0,553.0000,777
1276,1276,Pharmaceutical companies,Prescription Drug User Fee Act,3,0,554.0000,777
1277,1277,Peshwa,"""Peshwa"" (Prime Minister)",3,0,555.0000,777
1278,1278,75,75 mi,3,0,556.0000,777
1279,1279,The Catcher in the Rye,The Catcher in the Rye,3,1,556.0000,778
1280,1280,Icehouse pieces,Icehouse pieces,3,1,556.0000,779
1281,1281,We'll Burn That Bridge,"""We'll Burn That Bridge""",3,1,556.0000,780
1282,1282,Governor,a governor,3,1,556.0000,781
1283,1283,Maurice Costello,Dylan O'Brien,3,0,557.0000,781
1284,1284,"June 24, 1935","June 24, 1935",3,1,557.0000,782
1285,1285,Adam Dawes,Adam Dawes,3,1,557.0000,783
1286,1286,World War II,World War II,3,1,557.0000,784
1287,1287,Conservative Party,British Conservative Party,3,0,558.0000,784
1288,1288,C. S. Lewis,Clive Staples Lewis,3,0,559.0000,784
1289,1289,"September 25, 2017","September 25, 2017",3,1,559.0000,785
1290,1290,Voices of Iraq,Voices of Iraq,3,1,559.0000,787
1291,1291,Tatton Park,Tatton Park,3,1,559.0000,788
1292,1292,No,no,3,1,559.0000,789
1293,1293,Royal Navy,Royal Navy,3,1,559.0000,790
1294,1294,Tampa Bay Lightning,Tampa Bay Lightning,3,1,559.0000,791
1295,1295,No,no,3,1,559.0000,792
1296,1296,Fairfax County,Fairfax County,3,1,559.0000,793
1297,1297,Speaker of the House,former Speaker of the U.S. House of Representatives,3,0,560.0000,793
1298,1298,Crataegus pinnatifida,tomato,3,0,561.0000,793
1299,1299,Gateways,Gateways,3,1,561.0000,794
1300,1300,Buddha's delight,Buddha's delight,3,1,561.0000,797
1301,1301,Big Machine Records,Big Machine Records,3,1,561.0000,798
1302,1302,Fionnula Flanagan,Nicole Kidman,3,0,562.0000,798
1303,1303,Forbidden Quest,a scholar,3,0,563.0000,798
1304,1304,No,yes,3,0,564.0000,798
1305,1305,Double Crossed,Double Crossed,3,1,564.0000,799
1306,1306,Terry Gilliam,Terry Gilliam,3,1,564.0000,800
1307,1307,2011,2011,3,1,564.0000,801
1308,1308,Battle of Dresden,Battle of Dresden,3,1,564.0000,802
1309,1309,Northumbrian,Northumbrian,3,1,564.0000,803
1310,1310,Super-regional shopping mall,super-regional shopping mall,3,1,564.0000,805
1311,1311,Aamir Khan,Tariq Khan,3,0,565.0000,805
1312,1312,The Ninth Gate,The Ninth Gate,3,1,565.0000,806
1313,1313,2nd Armored Division,2nd Armored Division,3,1,565.0000,807
1314,1314,Texas Highways,Texas Highways,3,1,565.0000,808
1315,1315,Agent Vinod,Agent Vinod,3,1,565.0000,809
1316,1316,The Highwayman,Highwayman,3,1,565.0000,810
1317,1317,Columbus,Columbus,3,1,565.0000,811
1318,1318,Hudson Bay Mining and Smelting Company,Hudson Bay Mining and Smelting Company,3,1,565.0000,812
1319,1319,1895,1895,3,1,565.0000,813
1320,1320,"October 17, 2017","October 17, 2017",3,1,565.0000,814
1321,1321,USS Essex (CV-9),USS Essex,3,0,566.0000,814
1322,1322,A united Ireland,united Ireland,3,1,566.0000,815
1323,1323,2007,since 2007,3,0,567.0000,815
1324,1324,Reinis Sšejaņns,Jānis Strazdiņš,3,0,568.0000,815
1325,1325,Sir Frank P. Lowy,Frank Lowy,3,0,569.0000,815
1326,1326,Supernatural psychological horror,American supernatural psychological horror film,3,0,570.0000,815
1327,1327,A sailor coming home from a round trip,sailor,3,0,571.0000,815
1328,1328,Charles Hastings Judd,Colonel Charles Hastings Judd,3,0,572.0000,815
1329,1329,Every aspect of public and private life wherever feasible,every aspect of public and private life,3,0,573.0000,815
1330,1330,Magdalen College,Magdalen College,3,1,573.0000,816
1331,1331,Stedelijk Museum,Stedelijk Museum Amsterdam,3,0,574.0000,816
1332,1332,1939,1974,3,0,575.0000,816
1333,1333,Mount Everest,Mount Everest,3,1,575.0000,817
1334,1334,1994,1994,3,1,575.0000,818
1335,1335,Italian Alps,Lombardy,3,0,576.0000,818
1336,1336,Ryan Seacrest,Ryan Seacrest,3,1,576.0000,819
1337,1337,CBS,CBS,3,1,576.0000,820
1338,1338,1984 South Asian Games,1984 South Asian Games,3,1,576.0000,821
1339,1339,Animation,Animation,3,1,576.0000,822
1340,1340,Christopher,Ann,3,0,577.0000,822
1341,1341,Phil Collins,Phil Collins,3,1,577.0000,823
1342,1342,Jet's Pizza,Chuck E. Cheese's,3,0,578.0000,823
1343,1343,"Boston, Providence, Hartford, New York City, Philadelphia, Wilmington, Baltimore, and Washington, D.C.","Boston, Providence, Hartford, New York City, Philadelphia, Wilmington, Baltimore, and Washington, D.C.",3,1,578.0000,824
1344,1344,Ian McEwan,Langston Hughes,3,0,579.0000,824
1345,1345,The View,the fourth hour of the TODAY Show,3,0,580.0000,824
1346,1346,2006,2006 season,3,0,581.0000,824
1347,1347,Montreal,Montreal,3,1,581.0000,825
1348,1348,Tamzin Outhwaite,Tamzin Outhwaite,3,1,581.0000,826
1349,1349,Clinton Administration,Clinton,3,0,582.0000,826
1350,1350,Documentary,documentary,3,1,582.0000,827
1351,1351,Wilmette,Wilmette,3,1,582.0000,828
1352,1352,Yes,no,3,0,583.0000,828
1353,1353,Beijing Dance Academy,Beijing Dance Academy,3,1,583.0000,829
1354,1354,Revengers Tragedy,Revengers Tragedy,3,1,583.0000,830
1355,1355,Budget Rent a Car,Budget Rent a Car,3,1,583.0000,831
1356,1356,"114,297","143,372",3,0,584.0000,831
1357,1357,Peter Myers,Euripides,3,0,585.0000,831
1358,1358,Charles Nungesser,Charles Eugène,3,0,586.0000,831
1359,1359,Cambridge University,Cambridge University,3,1,586.0000,832
1360,1360,Wikimedia Foundation,Wikimedia Foundation,3,1,586.0000,833
1361,1361,President,President of the United States,3,0,587.0000,833
1362,1362,Ballarat Bitter,Ballarat Bitter is a 4.9% (abv) Australian beer,3,0,588.0000,833
1363,1363,Shane Meadows,directed by Shane Meadows,3,0,589.0000,833
1364,1364,American,Irish,3,0,590.0000,833
1365,1365,The Itchy & Scratchy Show,The Itchy & Scratchy Show,3,1,590.0000,834
1366,1366,Graduados,Graduados,3,1,590.0000,835
1367,1367,Bob Seger,Bob Seger,3,1,590.0000,836
1368,1368,2007 BCS National Championship Game,2004 Nokia Sugar Bowl,3,0,591.0000,836
1369,1369,McLean,"McLean, Virginia",3,0,592.0000,836
1370,1370,Daisy Chainsaw,Daisy Chainsaw,3,1,592.0000,838
1371,1371,Rolling Stone,Rolling Stone,3,1,592.0000,839
1372,1372,Sex Drive,Sex Drive,3,1,592.0000,840
1373,1373,Donald John Trump Jr.,Donald Trump Jr.,3,0,593.0000,840
1374,1374,No,no,3,1,593.0000,841
1375,1375,Ub Iwerks,Ub Iwerks,3,1,593.0000,842
1376,1376,Private,private,3,1,593.0000,843
1377,1377,Todd Phillips,Todd Phillips,3,1,593.0000,844
1378,1378,1887,1887,3,1,593.0000,845
1379,1379,"Hoffman Estates, Illinois","Hoffman Estates, Illinois",3,1,593.0000,846
1380,1380,United States,The United States of America,3,0,594.0000,846
1381,1381,Wiz Khalifa,Wiz Khalifa,3,1,594.0000,847
1382,1382,Edge,Randy Orton,3,0,595.0000,847
1383,1383,George Raft,George Raft,3,1,595.0000,848
1384,1384,Don S. Davis,Don S. Davis,3,1,595.0000,849
1385,1385,Emad Hashim,Emad Hashim,3,1,595.0000,850
1386,1386,Harper's Bazaar,Harper's Bazaar,3,1,595.0000,851
1387,1387,Monticello,Monticello,3,1,595.0000,852
1388,1388,Scott Adkins,Scott Adkins,3,1,595.0000,853
1389,1389,Audio mastering,mastered recordings,3,0,596.0000,853
1390,1390,New York City,New York City,3,1,596.0000,857
1391,1391,"76,416","76,416",3,1,596.0000,858
1392,1392,1599,1599,3,1,596.0000,859
1393,1393,No,no,3,1,596.0000,860
1394,1394,Yes,yes,3,1,596.0000,861
1395,1395,1943,1943,3,1,596.0000,862
1396,1396,1933,last seen in 1933,3,0,597.0000,862
1397,1397,Mixed martial arts,mixed martial arts,3,1,597.0000,863
1398,1398,YG Entertainment,YG Entertainment,3,1,597.0000,864
1399,1399,Patterns of Sexual Behavior,Patterns of Sexual Behavior,3,1,597.0000,865
1400,1400,Melbourne,"Melbourne, Australia",3,0,598.0000,867
1401,1401,Ringo Starr,Ringo Starr,3,1,598.0000,868
1402,1402,Saint,saint,3,1,598.0000,869
1403,1403,Singer,musician,3,0,599.0000,869
1404,1404,Azeroth,Azeroth,3,1,599.0000,870
1405,1405,Yes,yes,3,1,599.0000,871
1406,1406,Shakespeare performances,Shakespeare performances,3,1,599.0000,872
1407,1407,University of Texas at Austin,University of Texas at Austin,3,1,599.0000,873
1408,1408,Writer,writer,3,1,599.0000,874
1409,1409,All Nippon Airways,All Nippon,3,0,600.0000,874
1410,1410,Hirsch index rating,Hirsch index rating,3,1,600.0000,876
1411,1411,Early 20s,early 20s,3,1,600.0000,877
1412,1412,Over 281,281,3,0,601.0000,877
1413,1413,Political party,Albanian political party in Montenegro,3,0,602.0000,877
1414,1414,"Human blood, platelets, and plasma","blood, platelets, and plasma",3,0,603.0000,877
1415,1415,No,no,3,1,603.0000,878
1416,1416,Dundee Canal,Dundee Canal,3,1,603.0000,879
1417,1417,Jeff Sheehy,Ed Lee,3,0,604.0000,879
1418,1418,Spring City,Spring city,3,1,604.0000,880
1419,1419,Evangelical Christian periodical,evangelical Christian periodical,3,1,604.0000,881
1420,1420,Venice,Venice,3,1,604.0000,882
1421,1421,Father Dougal McGuire,Father Dougal McGuire,3,1,604.0000,883
1422,1422,2009,2009,3,1,604.0000,884
1423,1423,Hibernian,Scottish Premiership club Hibernian,3,0,605.0000,884
1424,1424,20,20 assists,3,0,606.0000,884
1425,1425,Charmed,Charmed,3,1,606.0000,885
1426,1426,The Apprenticeship of Duddy Kravitz,The Longest Yard,3,0,607.0000,885
1427,1427,Magnus Carlsen,Sven Magnus,3,0,608.0000,885
1428,1428,Shanghai,Shanghai,3,1,608.0000,886
1429,1429,Wendigo,Wendigo,3,1,608.0000,887
1430,1430,8th century,between the 8th and 16th centuries,3,0,609.0000,887
1431,1431,2016,2016,3,1,609.0000,888
1432,1432,U.S. Representative,United States Senator,3,0,610.0000,888
1433,1433,Yunho,Jung Yun-ho,3,0,611.0000,888
1434,1434,"January 18, 1813","January 18, 1813",3,1,611.0000,889
1435,1435,1950,1950,3,1,611.0000,890
1436,1436,6,250,3,0,612.0000,890
1437,1437,Tennis players,former tennis player,3,0,613.0000,890
1438,1438,821,821,3,1,613.0000,891
1439,1439,No,no,3,1,613.0000,892
1440,1440,June 1925,June 1925,3,1,613.0000,893
1441,1441,Bryan White,Bryan Shelton White,3,0,614.0000,893
1442,1442,1962,1962,3,1,614.0000,894
1443,1443,Wichita,Wichita,3,1,614.0000,895
1444,1444,Carnatic music,Carnatic music,3,1,614.0000,896
1445,1445,Golden Globe Award,superhero roles as the Marvel Comics,3,0,615.0000,896
1446,1446,Am Rong,Am Rong,3,1,615.0000,897
1447,1447,Spain,Macaronesia,3,0,616.0000,897
1448,1448,Mississippi University for Women v. Hogan,Mississippi University for Women,3,0,617.0000,897
1449,1449,High school diploma or GED,high school diploma or GED,3,1,617.0000,898
1450,1450,Michael Crawford,Michael Patrick Smith,3,0,618.0000,898
1451,1451,13–3,a record of 13–3,3,0,619.0000,898
1452,1452,Approximately 650,650 locations,3,0,620.0000,898
1453,1453,One of Lithuania's most talented actors,one of Lithuania's most talented actors,3,1,620.0000,899
1454,1454,Bourbon County,Bourbon County,3,1,620.0000,900
1455,1455,"Hardcore, Jungle, Digital Hardcore, Industrial Music",hardcore,3,0,621.0000,900
1456,1456,712 Fifth Avenue,712 5th Avenue,3,0,622.0000,900
1457,1457,Aleksandr Ivanovsky,Aleksandr Ivanovsky,3,1,622.0000,901
1458,1458,Nikhil Banerjee,Nikhil Banerjee,3,1,622.0000,902
1459,1459,Remix,Remix,3,1,622.0000,903
1460,1460,Orson Welles,Orson Welles,3,1,622.0000,905
1461,1461,Oldham County,Oldham County,3,1,622.0000,906
1462,1462,MGM Grand fire,Dupont Plaza Hotel,3,0,623.0000,906
1463,1463,Motion City Soundtrack,Motion City Soundtrack,3,1,623.0000,907
1464,1464,Otto von Bismarck,Otto Eduard Leopold,3,0,624.0000,907
1465,1465,Marmakhel Tribe,grand assembly,3,0,625.0000,907
1466,1466,Phil Rosen,Delmer Lawrence Daves,3,0,626.0000,907
1467,1467,Martha Wainwright,Gary Lightbody,3,0,627.0000,907
1468,1468,Odawa,Odawa,3,1,627.0000,908
1469,1469,Louisville RiverBats,Louisville RiverBats,3,1,627.0000,909
1470,1470,The Dragon School,The Dragon School in Oxford,3,0,628.0000,909
1471,1471,Lord Dunmore,Royal Governor Lord Dunmore,3,0,629.0000,909
1472,1472,Thomas Mann,Paul Thomas Mann,3,0,630.0000,909
1473,1473,Wavves,Social Code,3,0,631.0000,909
1474,1474,"Bury St Edmunds, Suffolk, England","Bury St Edmunds,",3,0,632.0000,909
1475,1475,No,no,3,1,632.0000,910
1476,1476,Louis XIV,Louis XIV,3,1,632.0000,911
1477,1477,William Shakespeare,William Shakespeare,3,1,632.0000,912
1478,1478,Yes,yes,3,1,632.0000,913
1479,1479,Letters to Cleo,Letters to Cleo,3,1,632.0000,914
1480,1480,Paracycling,paracyclist,3,0,633.0000,915
1481,1481,29,29,3,1,633.0000,916
1482,1482,Aqua,Aqua,3,1,633.0000,917
1483,1483,George Harrison,George Harrison,3,1,633.0000,918
1484,1484,English Electric Canberra,English Electric Canberra,3,1,633.0000,919
1485,1485,1999,2003,3,0,634.0000,919
1486,1486,Bigg Boss 10,the tenth season,3,0,635.0000,919
1487,1487,Mumbai,Mumbai,3,1,635.0000,920
1488,1488,Seldom Jackson,Seldom Jackson,3,1,635.0000,921
1489,1489,more than 20,20,3,0,636.0000,921
1490,1490,National Society of Daughters of the American Revolution,the National Society of Daughters of the American Revolution,3,1,636.0000,922
1491,1491,Central Avenue,State Street,3,0,637.0000,922
1492,1492,HBO World Championship Boxing,HBO World Championship Boxing,3,1,637.0000,923
1493,1493,Oklahoma City,Oklahoma City,3,1,637.0000,924
1494,1494,Adorable,Adorable,3,1,637.0000,925
1495,1495,BoxRec,"""The Ring"" magazine",3,0,638.0000,925
1496,1496,Stacey Kent,Stacey Kent,3,1,638.0000,926
1497,1497,Roberta Vinci,Roberta Vinci,3,1,638.0000,927
1498,1498,Robert Digges Wimberly Connor,Robert Digges Wimberly Connor,3,1,638.0000,928
1499,1499,"1,925","1,925 yards",3,0,639.0000,928
