step,problem_id,n_icl,greedy_reward,cumulative_regret,accepted_into_sdft,kl_loss_batch,batch_idx
0,1899_A,0,0.0000,6.0000,0,0.093405,0
1,abc383_e,0,0.0000,6.0000,0,0.093405,0
2,abc315_a,0,1.0000,6.0000,1,0.093405,0
3,3227,0,0.0000,6.0000,0,0.093405,0
4,arc190_c,0,0.0000,6.0000,0,0.093405,0
5,3210,0,1.0000,6.0000,1,0.093405,0
6,arc192_b,0,0.3333,6.0000,0,0.093405,0
7,3605,0,0.0000,6.0000,0,0.093405,0
8,abc398_g,0,0.6667,6.0000,1,0.093405,0
9,abc378_d,0,1.0000,6.0000,1,0.093405,0
10,abc344_a,3,1.0000,12.0000,1,0.069565,1
11,abc374_b,3,1.0000,12.0000,1,0.069565,1
12,3264,3,0.0000,12.0000,0,0.069565,1
13,abc397_d,3,0.0000,12.0000,0,0.069565,1
14,3414,3,0.5000,12.0000,1,0.069565,1
15,arc186_a,3,0.5000,12.0000,1,0.069565,1
16,arc189_b,3,0.0000,12.0000,0,0.069565,1
17,3151,3,0.0000,12.0000,0,0.069565,1
18,abc376_g,3,0.0000,12.0000,0,0.069565,1
19,abc363_a,3,1.0000,12.0000,1,0.069565,1
20,abc380_d,3,0.0000,14.6667,0,0.055869,2
21,abc384_a,3,1.0000,14.6667,1,0.055869,2
22,3384,3,1.0000,14.6667,1,0.055869,2
23,abc303_a,3,1.0000,14.6667,1,0.055869,2
24,abc396_a,3,1.0000,14.6667,1,0.055869,2
25,abc323_b,3,1.0000,14.6667,1,0.055869,2
26,3019,3,1.0000,14.6667,1,0.055869,2
27,abc326_a,3,0.6667,14.6667,1,0.055869,2
28,abc387_c,3,0.0000,14.6667,0,0.055869,2
29,arc188_c,3,0.6667,14.6667,1,0.055869,2
30,abc314_e,3,0.0000,21.0000,0,0.042570,3
31,2881,3,1.0000,21.0000,1,0.042570,3
32,abc391_g,3,0.0000,21.0000,0,0.042570,3
33,abc379_b,3,1.0000,21.0000,1,0.042570,3
34,abc376_b,3,0.0000,21.0000,0,0.042570,3
35,abc371_g,3,0.3333,21.0000,0,0.042570,3
36,abc375_c,3,0.0000,21.0000,0,0.042570,3
37,3044,3,0.0000,21.0000,0,0.042570,3
38,abc329_b,3,1.0000,21.0000,1,0.042570,3
39,abc398_d,3,0.3333,21.0000,0,0.042570,3
40,3510,3,0.3333,30.1667,0,0.030811,4
41,2779,3,0.0000,30.1667,0,0.030811,4
42,3375,3,0.5000,30.1667,1,0.030811,4
43,abc368_e,3,0.0000,30.1667,0,0.030811,4
44,arc193_d,3,0.0000,30.1667,0,0.030811,4
45,2827,3,0.0000,30.1667,0,0.030811,4
46,3785,3,0.0000,30.1667,0,0.030811,4
47,3532,3,0.0000,30.1667,0,0.030811,4
48,abc357_c,3,0.0000,30.1667,0,0.030811,4
49,abc394_e,3,0.0000,30.1667,0,0.030811,4
50,abc392_g,3,0.0000,36.0000,0,0.024283,5
51,3462,3,1.0000,36.0000,1,0.024283,5
52,abc361_b,3,0.6667,36.0000,1,0.024283,5
53,2856,3,0.0000,36.0000,0,0.024283,5
54,2777,3,1.0000,36.0000,1,0.024283,5
55,abc398_c,3,0.5000,36.0000,1,0.024283,5
56,abc377_g,3,0.0000,36.0000,0,0.024283,5
57,3625,3,1.0000,36.0000,1,0.024283,5
58,3382,3,0.0000,36.0000,0,0.024283,5
59,3402,3,0.0000,36.0000,0,0.024283,5
60,3764,3,0.0000,41.7500,0,0.020572,6
61,2784,3,0.0000,41.7500,0,0.020572,6
62,3221,3,0.0000,41.7500,0,0.020572,6
63,3533,3,0.0000,41.7500,0,0.020572,6
64,2816,3,1.0000,41.7500,1,0.020572,6
65,3324,3,0.0000,41.7500,0,0.020572,6
66,abc354_e,3,0.5000,41.7500,1,0.020572,6
67,abc374_e,3,0.7500,41.7500,1,0.020572,6
68,abc399_a,3,1.0000,41.7500,1,0.020572,6
69,3553,3,1.0000,41.7500,1,0.020572,6
70,3398,3,0.0000,46.7500,0,0.018798,7
71,abc376_c,3,0.0000,46.7500,0,0.018798,7
72,arc195_b,3,1.0000,46.7500,1,0.018798,7
73,3428,3,1.0000,46.7500,1,0.018798,7
74,abc308_c,3,1.0000,46.7500,1,0.018798,7
75,abc337_a,3,1.0000,46.7500,1,0.018798,7
76,abc323_e,3,0.0000,46.7500,0,0.018798,7
77,3493,3,0.0000,46.7500,0,0.018798,7
78,2825,3,1.0000,46.7500,1,0.018798,7
79,2811,3,0.0000,46.7500,0,0.018798,7
80,3636,3,1.0000,53.4167,1,0.014099,8
81,abc332_a,3,1.0000,53.4167,1,0.014099,8
82,abc355_d,3,1.0000,53.4167,1,0.014099,8
83,3485,3,0.0000,53.4167,0,0.014099,8
84,abc381_e,3,0.0000,53.4167,0,0.014099,8
85,abc381_c,3,0.0000,53.4167,0,0.014099,8
86,abc368_d,3,0.0000,53.4167,0,0.014099,8
87,3737,3,0.0000,53.4167,0,0.014099,8
88,abc350_d,3,0.3333,53.4167,0,0.014099,8
89,3225,3,0.0000,53.4167,0,0.014099,8
90,3733,3,0.2500,59.6667,0,0.013406,9
91,3438,3,0.0000,59.6667,0,0.013406,9
92,abc399_f,3,1.0000,59.6667,1,0.013406,9
93,abc302_e,3,0.0000,59.6667,0,0.013406,9
94,abc390_a,3,1.0000,59.6667,1,0.013406,9
95,abc362_c,3,0.0000,59.6667,0,0.013406,9
96,2921,3,0.5000,59.6667,1,0.013406,9
97,2917,3,1.0000,59.6667,1,0.013406,9
98,abc378_e,3,0.0000,59.6667,0,0.013406,9
99,2867,3,0.0000,59.6667,0,0.013406,9
100,3541,3,1.0000,63.0000,1,0.013157,10
101,abc356_b,3,1.0000,63.0000,1,0.013157,10
102,abc323_d,3,0.3333,63.0000,0,0.013157,10
103,abc392_b,3,1.0000,63.0000,1,0.013157,10
104,abc334_d,3,1.0000,63.0000,1,0.013157,10
105,abc329_d,3,0.0000,63.0000,0,0.013157,10
106,abc399_d,3,0.0000,63.0000,0,0.013157,10
107,abc349_d,3,0.3333,63.0000,0,0.013157,10
108,abc338_a,3,1.0000,63.0000,1,0.013157,10
109,3626,3,1.0000,63.0000,1,0.013157,10
110,abc305_b,3,1.0000,67.0000,1,0.014820,11
111,abc380_a,3,1.0000,67.0000,1,0.014820,11
112,3242,3,1.0000,67.0000,1,0.014820,11
113,arc191_d,3,0.3333,67.0000,0,0.014820,11
114,abc375_a,3,1.0000,67.0000,1,0.014820,11
115,abc333_e,3,0.0000,67.0000,0,0.014820,11
116,3548,3,0.0000,67.0000,0,0.014820,11
117,arc183_d,3,0.0000,67.0000,0,0.014820,11
118,abc336_a,3,1.0000,67.0000,1,0.014820,11
119,3387,3,0.6667,67.0000,1,0.014820,11
120,abc301_d,3,0.3333,73.4167,0,0.016276,12
121,3747,3,1.0000,73.4167,1,0.016276,12
122,3683,3,0.0000,73.4167,0,0.016276,12
123,3269,3,1.0000,73.4167,1,0.016276,12
124,3411,3,0.0000,73.4167,0,0.016276,12
125,3786,3,0.0000,73.4167,0,0.016276,12
126,abc313_b,3,0.6667,73.4167,1,0.016276,12
127,3508,3,0.3333,73.4167,0,0.016276,12
128,abc347_e,3,0.0000,73.4167,0,0.016276,12
129,3580,3,0.2500,73.4167,0,0.016276,12
130,arc186_b,3,0.0000,81.0833,0,0.016049,13
131,3777,3,0.0000,81.0833,0,0.016049,13
132,3397,3,0.6667,81.0833,1,0.016049,13
133,abc356_e,3,0.0000,81.0833,0,0.016049,13
134,arc195_e,3,0.0000,81.0833,0,0.016049,13
135,abc375_g,3,1.0000,81.0833,1,0.016049,13
136,abc372_f,3,0.3333,81.0833,0,0.016049,13
137,abc367_d,3,0.3333,81.0833,0,0.016049,13
138,abc388_g,3,0.0000,81.0833,0,0.016049,13
139,3231,3,0.0000,81.0833,0,0.016049,13
140,abc389_d,3,1.0000,84.8333,1,0.016695,14
141,3207,3,1.0000,84.8333,1,0.016695,14
142,abc367_f,3,1.0000,84.8333,1,0.016695,14
143,abc339_a,3,1.0000,84.8333,1,0.016695,14
144,abc312_c,3,1.0000,84.8333,1,0.016695,14
145,3024,3,0.0000,84.8333,0,0.016695,14
146,abc320_d,3,0.6667,84.8333,1,0.016695,14
147,abc364_e,3,0.2500,84.8333,0,0.016695,14
148,abc366_d,3,0.0000,84.8333,0,0.016695,14
149,abc329_e,3,0.3333,84.8333,0,0.016695,14
150,abc384_e,3,0.3333,91.0000,0,0.017895,15
151,abc373_g,3,0.0000,91.0000,0,0.017895,15
152,3228,3,0.3333,91.0000,0,0.017895,15
153,abc304_d,3,1.0000,91.0000,1,0.017895,15
154,3613,3,0.0000,91.0000,0,0.017895,15
155,3381,3,0.6667,91.0000,1,0.017895,15
156,3686,3,0.0000,91.0000,0,0.017895,15
157,3328,3,0.5000,91.0000,1,0.017895,15
158,abc322_b,3,1.0000,91.0000,1,0.017895,15
159,3468,3,0.0000,91.0000,0,0.017895,15
160,3658,3,0.3333,94.6667,0,0.019012,16
161,2855,3,1.0000,94.6667,1,0.019012,16
162,2817,3,0.5000,94.6667,1,0.019012,16
163,3496,3,0.0000,94.6667,0,0.019012,16
164,3784,3,0.5000,94.6667,1,0.019012,16
165,arc188_d,3,0.5000,94.6667,1,0.019012,16
166,3654,3,0.5000,94.6667,1,0.019012,16
167,3163,3,1.0000,94.6667,1,0.019012,16
168,abc347_b,3,1.0000,94.6667,1,0.019012,16
169,abc330_b,3,1.0000,94.6667,1,0.019012,16
170,3696,3,1.0000,99.6667,1,0.018096,17
171,3487,3,0.5000,99.6667,1,0.018096,17
172,3000,3,1.0000,99.6667,1,0.018096,17
173,abc385_d,3,0.0000,99.6667,0,0.018096,17
174,abc354_c,3,0.0000,99.6667,0,0.018096,17
175,3723,3,0.0000,99.6667,0,0.018096,17
176,3591,3,0.0000,99.6667,0,0.018096,17
177,3226,3,1.0000,99.6667,1,0.018096,17
178,abc343_b,3,1.0000,99.6667,1,0.018096,17
179,abc322_e,3,0.5000,99.6667,1,0.018096,17
180,3603,3,0.0000,108.1667,0,0.013727,18
181,abc362_d,3,0.0000,108.1667,0,0.013727,18
182,arc195_c,3,0.0000,108.1667,0,0.013727,18
183,2870,3,0.0000,108.1667,0,0.013727,18
184,abc386_d,3,0.0000,108.1667,0,0.013727,18
185,abc355_a,3,1.0000,108.1667,1,0.013727,18
186,1883_C,3,0.0000,108.1667,0,0.013727,18
187,3634,3,0.5000,108.1667,1,0.013727,18
188,abc301_f,3,0.0000,108.1667,0,0.013727,18
189,abc369_c,3,0.0000,108.1667,0,0.013727,18
190,3466,3,0.0000,113.8333,0,0.013691,19
191,3174,3,1.0000,113.8333,1,0.013691,19
192,3292,3,0.0000,113.8333,0,0.013691,19
193,abc310_d,3,0.0000,113.8333,0,0.013691,19
194,3423,3,0.5000,113.8333,1,0.013691,19
195,abc355_c,3,1.0000,113.8333,1,0.013691,19
196,3081,3,1.0000,113.8333,1,0.013691,19
197,3317,3,0.3333,113.8333,0,0.013691,19
198,3770,3,0.0000,113.8333,0,0.013691,19
199,3511,3,0.5000,113.8333,1,0.013691,19
200,abc395_c,3,1.0000,119.0000,1,0.053812,20
201,abc343_c,3,1.0000,119.0000,1,0.053812,20
202,abc351_f,3,0.0000,119.0000,0,0.053812,20
203,abc369_b,3,1.0000,119.0000,1,0.053812,20
204,3743,3,0.0000,119.0000,0,0.053812,20
205,abc324_c,3,0.0000,119.0000,0,0.053812,20
206,abc333_d,3,0.0000,119.0000,0,0.053812,20
207,3362,3,0.3333,119.0000,0,0.053812,20
208,3639,3,0.5000,119.0000,1,0.053812,20
209,2884,3,1.0000,119.0000,1,0.053812,20
210,abc352_c,3,0.3333,126.6667,0,0.042024,21
211,abc350_e,3,0.0000,126.6667,0,0.042024,21
212,arc191_c,3,0.0000,126.6667,0,0.042024,21
213,abc318_c,3,0.0000,126.6667,0,0.042024,21
214,3720,3,0.5000,126.6667,1,0.042024,21
215,abc320_c,3,0.0000,126.6667,0,0.042024,21
216,3394,3,0.0000,126.6667,0,0.042024,21
217,arc196_d,3,0.0000,126.6667,0,0.042024,21
218,3361,3,0.5000,126.6667,1,0.042024,21
219,3034,3,1.0000,126.6667,1,0.042024,21
220,abc344_d,3,0.0000,132.5000,0,0.047391,22
221,3621,3,0.0000,132.5000,0,0.047391,22
222,3372,3,1.0000,132.5000,1,0.047391,22
223,abc338_f,3,0.0000,132.5000,0,0.047391,22
224,arc189_c,3,0.5000,132.5000,1,0.047391,22
225,abc308_e,3,0.3333,132.5000,0,0.047391,22
226,3313,3,0.6667,132.5000,1,0.047391,22
227,abc400_g,3,0.0000,132.5000,0,0.047391,22
228,abc358_c,3,1.0000,132.5000,1,0.047391,22
229,2792,3,0.6667,132.5000,1,0.047391,22
230,3492,3,0.0000,138.5000,0,0.032147,23
231,abc374_c,3,0.0000,138.5000,0,0.032147,23
232,abc344_e,3,0.0000,138.5000,0,0.032147,23
233,abc380_e,3,0.0000,138.5000,0,0.032147,23
234,abc348_b,3,1.0000,138.5000,1,0.032147,23
235,3525,3,0.0000,138.5000,0,0.032147,23
236,abc365_a,3,1.0000,138.5000,1,0.032147,23
237,abc304_e,3,0.0000,138.5000,0,0.032147,23
238,3552,3,1.0000,138.5000,1,0.032147,23
239,3171,3,1.0000,138.5000,1,0.032147,23
240,arc185_b,3,0.0000,145.5000,0,0.025125,24
241,abc302_c,3,1.0000,145.5000,1,0.025125,24
242,abc368_c,3,0.0000,145.5000,0,0.025125,24
243,3555,3,0.0000,145.5000,0,0.025125,24
244,abc303_e,3,0.0000,145.5000,0,0.025125,24
245,3236,3,1.0000,145.5000,1,0.025125,24
246,3560,3,0.0000,145.5000,0,0.025125,24
247,abc372_e,3,0.0000,145.5000,0,0.025125,24
248,abc311_d,3,0.0000,145.5000,0,0.025125,24
249,abc373_a,3,1.0000,145.5000,1,0.025125,24
250,3685,3,1.0000,152.2500,1,0.020363,25
251,abc359_e,3,0.0000,152.2500,0,0.020363,25
252,abc321_d,3,0.0000,152.2500,0,0.020363,25
253,abc341_b,3,0.0000,152.2500,0,0.020363,25
254,3464,3,0.2500,152.2500,0,0.020363,25
255,abc398_b,3,1.0000,152.2500,1,0.020363,25
256,3320,3,1.0000,152.2500,1,0.020363,25
257,abc306_e,3,0.0000,152.2500,0,0.020363,25
258,abc351_a,3,0.0000,152.2500,0,0.020363,25
259,3753,3,0.0000,152.2500,0,0.020363,25
260,3446,3,1.0000,159.2500,1,0.013673,26
261,1899_B,3,0.0000,159.2500,0,0.013673,26
262,3279,3,1.0000,159.2500,1,0.013673,26
263,abc314_b,3,0.0000,159.2500,0,0.013673,26
264,abc370_f,3,0.0000,159.2500,0,0.013673,26
265,3788,3,0.6667,159.2500,1,0.013673,26
266,abc359_b,3,0.3333,159.2500,0,0.013673,26
267,3297,3,0.0000,159.2500,0,0.013673,26
268,3676,3,0.0000,159.2500,0,0.013673,26
269,3763,3,0.0000,159.2500,0,0.013673,26
270,abc366_a,3,0.3333,166.1667,0,0.015856,27
271,abc366_e,3,0.0000,166.1667,0,0.015856,27
272,abc392_c,3,0.0000,166.1667,0,0.015856,27
273,2833,3,0.0000,166.1667,0,0.015856,27
274,3351,3,1.0000,166.1667,1,0.015856,27
275,3649,3,0.0000,166.1667,0,0.015856,27
276,abc301_c,3,0.7500,166.1667,1,0.015856,27
277,abc344_b,3,0.3333,166.1667,0,0.015856,27
278,abc399_c,3,0.3333,166.1667,0,0.015856,27
279,abc380_f,3,0.3333,166.1667,0,0.015856,27
280,abc367_c,3,0.0000,171.5000,0,0.016237,28
281,3629,3,0.0000,171.5000,0,0.016237,28
282,abc322_a,3,1.0000,171.5000,1,0.016237,28
283,2979,3,0.0000,171.5000,0,0.016237,28
284,3331,3,1.0000,171.5000,1,0.016237,28
285,abc397_a,3,1.0000,171.5000,1,0.016237,28
286,arc193_a,3,0.0000,171.5000,0,0.016237,28
287,abc361_a,3,1.0000,171.5000,1,0.016237,28
288,abc328_e,3,0.6667,171.5000,1,0.016237,28
289,3518,3,0.0000,171.5000,0,0.016237,28
290,3306,3,0.5000,178.3333,1,0.010975,29
291,2882,3,1.0000,178.3333,1,0.010975,29
292,abc374_g,3,0.0000,178.3333,0,0.010975,29
293,3617,3,0.0000,178.3333,0,0.010975,29
294,abc358_d,3,0.3333,178.3333,0,0.010975,29
295,abc371_a,3,0.0000,178.3333,0,0.010975,29
296,abc343_a,3,0.0000,178.3333,0,0.010975,29
297,abc376_d,3,1.0000,178.3333,1,0.010975,29
298,2786,3,0.3333,178.3333,0,0.010975,29
299,2828,3,0.0000,178.3333,0,0.010975,29
300,3456,3,0.5000,184.1667,1,0.012123,30
301,3299,3,1.0000,184.1667,1,0.012123,30
302,2810,3,0.5000,184.1667,1,0.012123,30
303,3527,3,0.0000,184.1667,0,0.012123,30
304,3476,3,0.5000,184.1667,1,0.012123,30
305,3495,3,0.0000,184.1667,0,0.012123,30
306,abc339_c,3,0.3333,184.1667,0,0.012123,30
307,3194,3,1.0000,184.1667,1,0.012123,30
308,abc363_f,3,0.0000,184.1667,0,0.012123,30
309,abc394_f,3,0.3333,184.1667,0,0.012123,30
310,abc366_c,3,1.0000,190.5000,1,0.014466,31
311,abc351_d,3,0.0000,190.5000,0,0.014466,31
312,3416,3,0.5000,190.5000,1,0.014466,31
313,abc308_f,3,0.0000,190.5000,0,0.014466,31
314,3638,3,1.0000,190.5000,1,0.014466,31
315,abc400_a,3,0.3333,190.5000,0,0.014466,31
316,abc361_d,3,0.3333,190.5000,0,0.014466,31
317,3455,3,0.5000,190.5000,1,0.014466,31
318,3475,3,0.0000,190.5000,0,0.014466,31
319,abc391_e,3,0.0000,190.5000,0,0.014466,31
320,abc309_d,3,0.0000,197.4167,0,0.013052,32
321,3612,3,0.5000,197.4167,1,0.013052,32
322,abc383_b,3,0.0000,197.4167,0,0.013052,32
323,3515,3,0.6667,197.4167,1,0.013052,32
324,abc329_c,3,0.3333,197.4167,0,0.013052,32
325,3655,3,0.3333,197.4167,0,0.013052,32
326,3600,3,0.0000,197.4167,0,0.013052,32
327,abc358_a,3,1.0000,197.4167,1,0.013052,32
328,3793,3,0.2500,197.4167,0,0.013052,32
329,3422,3,0.0000,197.4167,0,0.013052,32
330,3817,3,1.0000,201.0833,1,0.011096,33
331,arc184_e,3,0.0000,201.0833,0,0.011096,33
332,abc310_b,3,0.0000,201.0833,0,0.011096,33
333,2977,3,1.0000,201.0833,1,0.011096,33
334,3412,3,1.0000,201.0833,1,0.011096,33
335,3267,3,0.3333,201.0833,0,0.011096,33
336,3562,3,0.0000,201.0833,0,0.011096,33
337,2756,3,1.0000,201.0833,1,0.011096,33
338,abc389_a,3,1.0000,201.0833,1,0.011096,33
339,abc307_b,3,1.0000,201.0833,1,0.011096,33
340,abc340_c,3,0.0000,207.0833,0,0.009296,34
341,abc332_b,3,1.0000,207.0833,1,0.009296,34
342,abc312_a,3,1.0000,207.0833,1,0.009296,34
343,abc350_b,3,0.0000,207.0833,0,0.009296,34
344,abc325_d,3,0.0000,207.0833,0,0.009296,34
345,abc320_a,3,1.0000,207.0833,1,0.009296,34
346,abc319_b,3,1.0000,207.0833,1,0.009296,34
347,arc193_b,3,0.0000,207.0833,0,0.009296,34
348,abc365_b,3,0.0000,207.0833,0,0.009296,34
349,arc182_c,3,0.0000,207.0833,0,0.009296,34
350,3308,3,0.0000,211.9167,0,0.011375,35
351,arc192_a,3,0.6667,211.9167,1,0.011375,35
352,arc186_e,3,0.0000,211.9167,0,0.011375,35
353,3403,3,0.0000,211.9167,0,0.011375,35
354,3702,3,1.0000,211.9167,1,0.011375,35
355,2728,3,1.0000,211.9167,1,0.011375,35
356,abc349_e,3,0.0000,211.9167,0,0.011375,35
357,abc324_a,3,1.0000,211.9167,1,0.011375,35
358,abc302_d,3,0.5000,211.9167,1,0.011375,35
359,3420,3,1.0000,211.9167,1,0.011375,35
360,3482,3,0.5000,217.0833,1,0.010588,36
361,2819,3,1.0000,217.0833,1,0.010588,36
362,abc353_b,3,1.0000,217.0833,1,0.010588,36
363,abc397_g,3,0.0000,217.0833,0,0.010588,36
364,abc319_d,3,0.3333,217.0833,0,0.010588,36
365,3607,3,0.3333,217.0833,0,0.010588,36
366,abc367_g,3,1.0000,217.0833,1,0.010588,36
367,3701,3,0.3333,217.0833,0,0.010588,36
368,3627,3,0.3333,217.0833,0,0.010588,36
369,3345,3,0.0000,217.0833,0,0.010588,36
370,abc336_b,3,1.0000,223.8333,1,0.011151,37
371,2920,3,0.0000,223.8333,0,0.011151,37
372,abc334_e,3,0.0000,223.8333,0,0.011151,37
373,abc360_e,3,0.0000,223.8333,0,0.011151,37
374,abc360_b,3,0.6667,223.8333,1,0.011151,37
375,abc388_b,3,1.0000,223.8333,1,0.011151,37
376,abc370_b,3,0.3333,223.8333,0,0.011151,37
377,2839,3,0.0000,223.8333,0,0.011151,37
378,abc399_b,3,0.2500,223.8333,0,0.011151,37
379,3751,3,0.0000,223.8333,0,0.011151,37
380,3363,3,0.0000,230.0667,0,0.014354,38
381,3211,3,0.3333,230.0667,0,0.014354,38
382,3360,3,0.0000,230.0667,0,0.014354,38
383,3395,3,1.0000,230.0667,1,0.014354,38
384,abc337_b,3,0.5000,230.0667,1,0.014354,38
385,abc361_f,3,0.0000,230.0667,0,0.014354,38
386,abc386_a,3,0.6000,230.0667,1,0.014354,38
387,3212,3,1.0000,230.0667,1,0.014354,38
388,3534,3,0.3333,230.0667,0,0.014354,38
389,abc327_e,3,0.0000,230.0667,0,0.014354,38
390,abc382_b,3,1.0000,235.7333,1,0.019027,39
391,abc315_c,3,0.0000,235.7333,0,0.019027,39
392,abc342_c,3,0.3333,235.7333,0,0.019027,39
393,abc392_a,3,1.0000,235.7333,1,0.019027,39
394,3832,3,0.0000,235.7333,0,0.019027,39
395,3190,3,0.0000,235.7333,0,0.019027,39
396,abc366_f,3,0.0000,235.7333,0,0.019027,39
397,3199,3,1.0000,235.7333,1,0.019027,39
398,arc185_c,3,0.3333,235.7333,0,0.019027,39
399,abc377_c,3,0.6667,235.7333,1,0.019027,39
400,abc340_b,3,1.0000,243.0667,1,0.012032,40
401,arc196_c,3,0.0000,243.0667,0,0.012032,40
402,abc369_e,3,0.0000,243.0667,0,0.012032,40
403,3583,3,0.3333,243.0667,0,0.012032,40
404,abc371_f,3,0.0000,243.0667,0,0.012032,40
405,abc314_a,3,0.3333,243.0667,0,0.012032,40
406,abc337_e,3,0.0000,243.0667,0,0.012032,40
407,abc326_c,3,1.0000,243.0667,1,0.012032,40
408,abc387_b,3,0.0000,243.0667,0,0.012032,40
409,abc341_c,3,0.0000,243.0667,0,0.012032,40
410,3244,3,0.3333,248.8167,0,0.013835,41
411,abc324_f,3,0.0000,248.8167,0,0.013835,41
412,abc321_c,3,0.0000,248.8167,0,0.013835,41
413,3566,3,0.0000,248.8167,0,0.013835,41
414,3543,3,1.0000,248.8167,1,0.013835,41
415,abc349_b,3,0.6667,248.8167,1,0.013835,41
416,abc375_e,3,0.2500,248.8167,0,0.013835,41
417,2887,3,1.0000,248.8167,1,0.013835,41
418,abc370_a,3,1.0000,248.8167,1,0.013835,41
419,3575,3,0.0000,248.8167,0,0.013835,41
420,3680,3,0.0000,252.9000,0,0.018070,42
421,abc378_b,3,0.0000,252.9000,0,0.018070,42
422,3644,3,1.0000,252.9000,1,0.018070,42
423,abc309_e,3,0.0000,252.9000,0,0.018070,42
424,abc315_b,3,1.0000,252.9000,1,0.018070,42
425,abc353_c,3,1.0000,252.9000,1,0.018070,42
426,abc346_c,3,1.0000,252.9000,1,0.018070,42
427,3018,3,1.0000,252.9000,1,0.018070,42
428,abc390_c,3,0.6667,252.9000,1,0.018070,42
429,abc395_e,3,0.2500,252.9000,0,0.018070,42
430,abc343_d,3,0.0000,260.5667,0,0.018656,43
431,3739,3,0.0000,260.5667,0,0.018656,43
432,abc360_c,3,0.0000,260.5667,0,0.018656,43
433,3657,3,0.3333,260.5667,0,0.018656,43
434,abc374_d,3,0.0000,260.5667,0,0.018656,43
435,3722,3,0.0000,260.5667,0,0.018656,43
436,3568,3,1.0000,260.5667,1,0.018656,43
437,3799,3,0.0000,260.5667,0,0.018656,43
438,3184,3,0.0000,260.5667,0,0.018656,43
439,abc365_e,3,1.0000,260.5667,1,0.018656,43
440,arc185_e,3,0.0000,265.5667,0,0.016277,44
441,abc395_b,3,1.0000,265.5667,1,0.016277,44
442,abc335_a,3,1.0000,265.5667,1,0.016277,44
443,3759,3,0.5000,265.5667,1,0.016277,44
444,abc393_f,3,0.0000,265.5667,0,0.016277,44
445,abc323_a,3,1.0000,265.5667,1,0.016277,44
446,abc396_g,3,0.0000,265.5667,0,0.016277,44
447,abc305_a,3,1.0000,265.5667,1,0.016277,44
448,abc364_c,3,0.0000,265.5667,0,0.016277,44
449,2832,3,0.5000,265.5667,1,0.016277,44
450,abc342_d,3,0.0000,273.0667,0,0.016113,45
451,abc351_c,3,0.0000,273.0667,0,0.016113,45
452,3535,3,0.5000,273.0667,1,0.016113,45
453,3681,3,0.0000,273.0667,0,0.016113,45
454,3188,3,0.0000,273.0667,0,0.016113,45
455,2800,3,1.0000,273.0667,1,0.016113,45
456,2754,3,1.0000,273.0667,1,0.016113,45
457,abc371_e,3,0.0000,273.0667,0,0.016113,45
458,3047,3,0.0000,273.0667,0,0.016113,45
459,3550,3,0.0000,273.0667,0,0.016113,45
460,3154,3,1.0000,275.7333,1,0.021102,46
461,abc395_a,3,1.0000,275.7333,1,0.021102,46
462,abc332_c,3,0.0000,275.7333,0,0.021102,46
463,3172,3,0.3333,275.7333,0,0.021102,46
464,abc341_a,3,1.0000,275.7333,1,0.021102,46
465,abc348_d,3,0.6667,275.7333,1,0.021102,46
466,2850,3,1.0000,275.7333,1,0.021102,46
467,3265,3,0.3333,275.7333,0,0.021102,46
468,abc327_b,3,1.0000,275.7333,1,0.021102,46
469,abc328_d,3,1.0000,275.7333,1,0.021102,46
470,3637,3,0.3333,279.1000,0,0.016272,47
471,abc314_f,3,0.0000,279.1000,0,0.016272,47
472,3223,3,0.0000,279.1000,0,0.016272,47
473,2845,3,1.0000,279.1000,1,0.016272,47
474,abc331_a,3,1.0000,279.1000,1,0.016272,47
475,2998,3,1.0000,279.1000,1,0.016272,47
476,abc339_b,3,1.0000,279.1000,1,0.016272,47
477,3687,3,0.5000,279.1000,1,0.016272,47
478,3353,3,1.0000,279.1000,1,0.016272,47
479,abc345_b,3,0.8000,279.1000,1,0.016272,47
480,3490,3,0.6667,285.6000,1,0.015899,48
481,abc314_d,3,0.0000,285.6000,0,0.015899,48
482,abc368_a,3,0.5000,285.6000,1,0.015899,48
483,abc332_d,3,0.0000,285.6000,0,0.015899,48
484,3316,3,1.0000,285.6000,1,0.015899,48
485,abc307_e,3,0.0000,285.6000,0,0.015899,48
486,arc195_a,3,0.6667,285.6000,1,0.015899,48
487,3246,3,0.0000,285.6000,0,0.015899,48
488,abc330_d,3,0.6667,285.6000,1,0.015899,48
489,abc325_f,3,0.0000,285.6000,0,0.015899,48
490,arc196_a,3,0.3333,289.9333,0,0.013985,49
491,abc344_c,3,1.0000,289.9333,1,0.013985,49
492,abc306_d,3,0.0000,289.9333,0,0.013985,49
493,3094,3,1.0000,289.9333,1,0.013985,49
494,abc394_g,3,0.0000,289.9333,0,0.013985,49
495,3234,3,0.0000,289.9333,0,0.013985,49
496,3647,3,0.3333,289.9333,0,0.013985,49
497,abc350_a,3,1.0000,289.9333,1,0.013985,49
498,abc320_b,3,1.0000,289.9333,1,0.013985,49
499,abc304_a,3,1.0000,289.9333,1,0.013985,49
500,3233,3,0.0000,297.9333,0,0.014901,50
501,abc370_c,3,0.0000,297.9333,0,0.014901,50
502,3454,3,0.5000,297.9333,1,0.014901,50
503,3017,3,0.3333,297.9333,0,0.014901,50
504,arc185_d,3,0.0000,297.9333,0,0.014901,50
505,abc340_e,3,0.6667,297.9333,1,0.014901,50
506,arc184_c,3,0.0000,297.9333,0,0.014901,50
507,abc359_d,3,0.0000,297.9333,0,0.014901,50
508,abc376_e,3,0.0000,297.9333,0,0.014901,50
509,3437,3,0.5000,297.9333,1,0.014901,50
510,abc382_c,3,1.0000,302.7667,1,0.017705,51
511,3616,3,0.5000,302.7667,1,0.017705,51
512,abc382_g,3,0.0000,302.7667,0,0.017705,51
513,abc324_d,3,0.6667,302.7667,1,0.017705,51
514,abc379_c,3,0.0000,302.7667,0,0.017705,51
515,abc330_c,3,1.0000,302.7667,1,0.017705,51
516,abc348_a,3,1.0000,302.7667,1,0.017705,51
517,abc327_a,3,1.0000,302.7667,1,0.017705,51
518,abc379_f,3,0.0000,302.7667,0,0.017705,51
519,3779,3,0.0000,302.7667,0,0.017705,51
520,arc182_e,3,0.6667,306.7667,1,0.017076,52
521,abc384_f,3,1.0000,306.7667,1,0.017076,52
522,arc190_a,3,0.2500,306.7667,0,0.017076,52
523,abc394_c,3,1.0000,306.7667,1,0.017076,52
524,abc338_d,3,0.3333,306.7667,0,0.017076,52
525,abc302_f,3,0.2500,306.7667,0,0.017076,52
526,1873_B,3,1.0000,306.7667,1,0.017076,52
527,abc360_a,3,1.0000,306.7667,1,0.017076,52
528,abc389_b,3,0.0000,306.7667,0,0.017076,52
529,abc314_c,3,0.5000,306.7667,1,0.017076,52
530,arc188_a,3,0.0000,313.6000,0,0.012124,53
531,abc389_g,3,0.0000,313.6000,0,0.012124,53
532,3522,3,0.3333,313.6000,0,0.012124,53
533,abc358_b,3,0.0000,313.6000,0,0.012124,53
534,abc353_d,3,1.0000,313.6000,1,0.012124,53
535,arc181_c,3,0.0000,313.6000,0,0.012124,53
536,abc334_c,3,0.3333,313.6000,0,0.012124,53
537,abc353_a,3,1.0000,313.6000,1,0.012124,53
538,arc189_a,3,0.0000,313.6000,0,0.012124,53
539,3463,3,0.5000,313.6000,1,0.012124,53
540,abc371_d,3,0.0000,319.6000,0,0.010333,54
541,3778,3,1.0000,319.6000,1,0.010333,54
542,arc181_a,3,0.0000,319.6000,0,0.010333,54
543,abc368_b,3,1.0000,319.6000,1,0.010333,54
544,2812,3,1.0000,319.6000,1,0.010333,54
545,abc331_c,3,0.0000,319.6000,0,0.010333,54
546,abc346_e,3,0.0000,319.6000,0,0.010333,54
547,abc391_b,3,1.0000,319.6000,1,0.010333,54
548,abc335_d,3,0.0000,319.6000,0,0.010333,54
549,3773,3,0.0000,319.6000,0,0.010333,54
550,3674,3,0.5000,325.1000,1,0.011261,55
551,abc388_d,3,0.0000,325.1000,0,0.011261,55
552,abc330_e,3,1.0000,325.1000,1,0.011261,55
553,arc187_b,3,0.0000,325.1000,0,0.011261,55
554,abc302_b,3,0.0000,325.1000,0,0.011261,55
555,2802,3,1.0000,325.1000,1,0.011261,55
556,3765,3,0.0000,325.1000,0,0.011261,55
557,3708,3,1.0000,325.1000,1,0.011261,55
558,abc326_b,3,1.0000,325.1000,1,0.011261,55
559,abc335_c,3,0.0000,325.1000,0,0.011261,55
560,3344,3,1.0000,328.6000,1,0.016193,56
561,abc303_c,3,1.0000,328.6000,1,0.016193,56
562,abc308_a,3,1.0000,328.6000,1,0.016193,56
563,3354,3,0.0000,328.6000,0,0.016193,56
564,2834,3,0.0000,328.6000,0,0.016193,56
565,abc342_b,3,1.0000,328.6000,1,0.016193,56
566,3114,3,0.0000,328.6000,0,0.016193,56
567,abc390_b,3,1.0000,328.6000,1,0.016193,56
568,3688,3,0.5000,328.6000,1,0.016193,56
569,abc380_c,3,1.0000,328.6000,1,0.016193,56
570,abc349_c,3,1.0000,335.2667,1,0.011113,57
571,abc331_d,3,0.0000,335.2667,0,0.011113,57
572,3312,3,0.0000,335.2667,0,0.011113,57
573,2808,3,1.0000,335.2667,1,0.011113,57
574,abc349_a,3,0.3333,335.2667,0,0.011113,57
575,3309,3,1.0000,335.2667,1,0.011113,57
576,arc194_c,3,0.0000,335.2667,0,0.011113,57
577,abc375_f,3,0.0000,335.2667,0,0.011113,57
578,3579,3,0.0000,335.2667,0,0.011113,57
579,abc385_e,3,0.0000,335.2667,0,0.011113,57
580,3471,3,1.0000,341.6000,1,0.012866,58
581,abc380_b,3,1.0000,341.6000,1,0.012866,58
582,3091,3,0.3333,341.6000,0,0.012866,58
583,3682,3,0.0000,341.6000,0,0.012866,58
584,3588,3,0.0000,341.6000,0,0.012866,58
585,abc337_c,3,0.0000,341.6000,0,0.012866,58
586,3606,3,1.0000,341.6000,1,0.012866,58
587,arc194_b,3,0.3333,341.6000,0,0.012866,58
588,abc326_e,3,0.0000,341.6000,0,0.012866,58
589,2844,3,0.0000,341.6000,0,0.012866,58
590,3195,3,1.0000,345.9333,1,0.009578,59
591,3801,3,1.0000,345.9333,1,0.009578,59
592,3229,3,0.0000,345.9333,0,0.009578,59
593,3748,3,0.3333,345.9333,0,0.009578,59
594,abc390_d,3,0.3333,345.9333,0,0.009578,59
595,2831,3,1.0000,345.9333,1,0.009578,59
596,abc364_a,3,0.6667,345.9333,1,0.009578,59
597,3230,3,1.0000,345.9333,1,0.009578,59
598,abc396_c,3,0.3333,345.9333,0,0.009578,59
599,3587,3,0.0000,345.9333,0,0.009578,59
600,3684,3,0.3333,352.9333,0,0.010548,60
601,abc393_b,3,0.3333,352.9333,0,0.010548,60
602,abc352_e,3,0.3333,352.9333,0,0.010548,60
603,3426,3,1.0000,352.9333,1,0.010548,60
604,abc355_e,3,0.0000,352.9333,0,0.010548,60
605,3651,3,0.0000,352.9333,0,0.010548,60
606,abc315_e,3,0.0000,352.9333,0,0.010548,60
607,3200,3,0.0000,352.9333,0,0.010548,60
608,abc331_e,3,0.0000,352.9333,0,0.010548,60
609,3659,3,1.0000,352.9333,1,0.010548,60
610,2848,3,1.0000,357.5167,1,0.012241,61
611,abc320_e,3,0.0000,357.5167,0,0.012241,61
612,3584,3,0.2500,357.5167,0,0.012241,61
613,3031,3,0.0000,357.5167,0,0.012241,61
614,2866,3,0.3333,357.5167,0,0.012241,61
615,abc388_f,3,0.6667,357.5167,1,0.012241,61
616,3622,3,1.0000,357.5167,1,0.012241,61
617,abc357_a,3,0.6667,357.5167,1,0.012241,61
618,abc368_f,3,0.5000,357.5167,1,0.012241,61
619,abc304_b,3,1.0000,357.5167,1,0.012241,61
620,abc334_a,3,1.0000,364.1833,1,0.008975,62
621,abc305_d,3,0.0000,364.1833,0,0.008975,62
622,abc367_e,3,0.6667,364.1833,1,0.008975,62
623,abc321_e,3,0.0000,364.1833,0,0.008975,62
624,abc319_e,3,0.0000,364.1833,0,0.008975,62
625,3240,3,0.0000,364.1833,0,0.008975,62
626,abc388_a,3,1.0000,364.1833,1,0.008975,62
627,3106,3,0.6667,364.1833,1,0.008975,62
628,3166,3,0.0000,364.1833,0,0.008975,62
629,3705,3,0.0000,364.1833,0,0.008975,62
630,3209,3,0.0000,371.8500,0,0.010128,63
631,3093,3,0.0000,371.8500,0,0.010128,63
632,abc325_b,3,0.0000,371.8500,0,0.010128,63
633,abc386_b,3,0.0000,371.8500,0,0.010128,63
634,1899_D,3,0.0000,371.8500,0,0.010128,63
635,abc388_e,3,0.3333,371.8500,0,0.010128,63
636,abc368_g,3,1.0000,371.8500,1,0.010128,63
637,abc325_e,3,0.0000,371.8500,0,0.010128,63
638,abc364_d,3,1.0000,371.8500,1,0.010128,63
639,arc186_d,3,0.0000,371.8500,0,0.010128,63
640,3559,3,0.0000,378.5167,0,0.011537,64
641,abc322_c,3,1.0000,378.5167,1,0.011537,64
642,abc339_d,3,0.3333,378.5167,0,0.011537,64
643,abc400_b,3,1.0000,378.5167,1,0.011537,64
644,arc186_c,3,0.0000,378.5167,0,0.011537,64
645,abc335_b,3,0.0000,378.5167,0,0.011537,64
646,abc383_a,3,0.0000,378.5167,0,0.011537,64
647,abc373_e,3,0.0000,378.5167,0,0.011537,64
648,abc357_d,3,0.0000,378.5167,0,0.011537,64
649,3709,3,1.0000,378.5167,1,0.011537,64
650,abc363_c,3,0.0000,382.3500,0,0.010619,65
651,2916,3,1.0000,382.3500,1,0.010619,65
652,3055,3,1.0000,382.3500,1,0.010619,65
653,3469,3,0.5000,382.3500,1,0.010619,65
654,abc369_a,3,0.6667,382.3500,1,0.010619,65
655,abc394_d,3,1.0000,382.3500,1,0.010619,65
656,2727,3,0.0000,382.3500,0,0.010619,65
657,2915,3,1.0000,382.3500,1,0.010619,65
658,abc379_a,3,1.0000,382.3500,1,0.010619,65
659,3376,3,0.0000,382.3500,0,0.010619,65
660,abc325_c,3,1.0000,387.8500,1,0.011238,66
661,abc373_b,3,0.5000,387.8500,1,0.011238,66
662,3203,3,0.0000,387.8500,0,0.011238,66
663,abc395_f,3,0.0000,387.8500,0,0.011238,66
664,abc374_f,3,0.3333,387.8500,0,0.011238,66
665,abc311_a,3,1.0000,387.8500,1,0.011238,66
666,arc191_a,3,0.6667,387.8500,1,0.011238,66
667,3750,3,0.0000,387.8500,0,0.011238,66
668,abc315_d,3,0.0000,387.8500,0,0.011238,66
669,abc397_c,3,1.0000,387.8500,1,0.011238,66
670,abc360_d,3,0.0000,393.1000,0,0.009856,67
671,3439,3,0.0000,393.1000,0,0.009856,67
672,abc392_f,3,1.0000,393.1000,1,0.009856,67
673,arc183_b,3,0.0000,393.1000,0,0.009856,67
674,abc350_c,3,0.0000,393.1000,0,0.009856,67
675,2955,3,1.0000,393.1000,1,0.009856,67
676,abc369_g,3,0.0000,393.1000,0,0.009856,67
677,2837,3,1.0000,393.1000,1,0.009856,67
678,3498,3,1.0000,393.1000,1,0.009856,67
679,3478,3,0.7500,393.1000,1,0.009856,67
680,abc394_b,3,1.0000,397.4333,1,0.012199,68
681,3484,3,0.0000,397.4333,0,0.012199,68
682,3176,3,1.0000,397.4333,1,0.012199,68
683,abc347_a,3,1.0000,397.4333,1,0.012199,68
684,abc310_c,3,0.0000,397.4333,0,0.012199,68
685,abc385_f,3,0.0000,397.4333,0,0.012199,68
686,3519,3,0.6667,397.4333,1,0.012199,68
687,3646,3,0.0000,397.4333,0,0.012199,68
688,abc301_a,3,1.0000,397.4333,1,0.012199,68
689,2954,3,1.0000,397.4333,1,0.012199,68
690,abc357_e,3,1.0000,400.1000,1,0.013466,69
691,3704,3,1.0000,400.1000,1,0.013466,69
692,3700,3,0.3333,400.1000,0,0.013466,69
693,3754,3,0.5000,400.1000,1,0.013466,69
694,abc356_c,3,1.0000,400.1000,1,0.013466,69
695,3408,3,1.0000,400.1000,1,0.013466,69
696,abc393_a,3,0.5000,400.1000,1,0.013466,69
697,abc376_f,3,0.0000,400.1000,0,0.013466,69
698,2873,3,1.0000,400.1000,1,0.013466,69
699,abc328_a,3,1.0000,400.1000,1,0.013466,69
700,abc379_d,3,0.0000,406.1000,0,0.013481,70
701,abc364_f,3,0.6667,406.1000,1,0.013481,70
702,3517,3,0.5000,406.1000,1,0.013481,70
703,3675,3,0.0000,406.1000,0,0.013481,70
704,abc307_a,3,1.0000,406.1000,1,0.013481,70
705,abc324_e,3,0.0000,406.1000,0,0.013481,70
706,abc378_f,3,0.3333,406.1000,0,0.013481,70
707,3239,3,1.0000,406.1000,1,0.013481,70
708,3406,3,0.0000,406.1000,0,0.013481,70
709,3677,3,0.5000,406.1000,1,0.013481,70
710,3809,3,1.0000,410.7667,1,0.015840,71
711,abc380_g,3,0.3333,410.7667,0,0.015840,71
712,abc322_d,3,0.5000,410.7667,1,0.015840,71
713,3349,3,1.0000,410.7667,1,0.015840,71
714,3502,3,1.0000,410.7667,1,0.015840,71
715,abc343_e,3,0.5000,410.7667,1,0.015840,71
716,1873_D,3,0.0000,410.7667,0,0.015840,71
717,arc192_e,3,0.0000,410.7667,0,0.015840,71
718,3261,3,0.0000,410.7667,0,0.015840,71
719,3716,3,1.0000,410.7667,1,0.015840,71
720,abc397_f,3,0.0000,418.4333,0,0.014973,72
721,abc306_b,3,0.0000,418.4333,0,0.014973,72
722,3396,3,1.0000,418.4333,1,0.014973,72
723,abc383_d,3,0.0000,418.4333,0,0.014973,72
724,abc382_d,3,0.0000,418.4333,0,0.014973,72
725,3263,3,0.3333,418.4333,0,0.014973,72
726,abc310_e,3,0.0000,418.4333,0,0.014973,72
727,3032,3,0.0000,418.4333,0,0.014973,72
728,2757,3,0.0000,418.4333,0,0.014973,72
729,abc364_b,3,1.0000,418.4333,1,0.014973,72
730,arc181_b,3,0.0000,424.1833,0,0.011041,73
731,3805,3,0.2500,424.1833,0,0.011041,73
732,abc379_g,3,0.3333,424.1833,0,0.011041,73
733,3811,3,0.0000,424.1833,0,0.011041,73
734,abc355_b,3,1.0000,424.1833,1,0.011041,73
735,2919,3,1.0000,424.1833,1,0.011041,73
736,abc313_a,3,0.6667,424.1833,1,0.011041,73
737,abc400_d,3,0.0000,424.1833,0,0.011041,73
738,abc384_d,3,0.5000,424.1833,1,0.011041,73
739,3329,3,0.5000,424.1833,1,0.011041,73
740,abc396_e,3,0.3333,429.5167,0,0.012664,74
741,3220,3,1.0000,429.5167,1,0.012664,74
742,3356,3,1.0000,429.5167,1,0.012664,74
743,arc195_d,3,0.0000,429.5167,0,0.012664,74
744,abc381_d,3,0.6667,429.5167,1,0.012664,74
745,3714,3,0.0000,429.5167,0,0.012664,74
746,abc312_f,3,0.3333,429.5167,0,0.012664,74
747,3141,3,0.6667,429.5167,1,0.012664,74
748,abc333_b,3,0.6667,429.5167,1,0.012664,74
749,abc378_g,3,0.0000,429.5167,0,0.012664,74
750,abc347_c,3,1.0000,435.6000,1,0.010746,75
751,2879,3,0.0000,435.6000,0,0.010746,75
752,3046,3,0.0000,435.6000,0,0.010746,75
753,abc373_f,3,0.0000,435.6000,0,0.010746,75
754,arc182_d,3,0.3333,435.6000,0,0.010746,75
755,3795,3,0.2500,435.6000,0,0.010746,75
756,2869,3,1.0000,435.6000,1,0.010746,75
757,abc400_e,3,1.0000,435.6000,1,0.010746,75
758,3364,3,0.3333,435.6000,0,0.010746,75
759,abc348_e,3,0.0000,435.6000,0,0.010746,75
760,3610,3,0.5000,441.6833,1,0.010542,76
761,abc336_c,3,0.0000,441.6833,0,0.010542,76
762,abc352_d,3,0.3333,441.6833,0,0.010542,76
763,arc183_c,3,0.0000,441.6833,0,0.010542,76
764,3791,3,1.0000,441.6833,1,0.010542,76
765,3033,3,0.0000,441.6833,0,0.010542,76
766,abc301_e,3,0.3333,441.6833,0,0.010542,76
767,abc348_c,3,1.0000,441.6833,1,0.010542,76
768,abc382_f,3,0.0000,441.6833,0,0.010542,76
769,abc311_e,3,0.7500,441.6833,1,0.010542,76
770,3355,3,0.3333,448.3500,0,0.010014,77
771,3507,3,1.0000,448.3500,1,0.010014,77
772,3494,3,0.0000,448.3500,0,0.010014,77
773,abc377_d,3,0.0000,448.3500,0,0.010014,77
774,3206,3,1.0000,448.3500,1,0.010014,77
775,arc189_d,3,0.0000,448.3500,0,0.010014,77
776,abc306_c,3,0.3333,448.3500,0,0.010014,77
777,3631,3,0.3333,448.3500,0,0.010014,77
778,3563,3,0.0000,448.3500,0,0.010014,77
779,3783,3,0.3333,448.3500,0,0.010014,77
780,abc310_f,3,0.0000,455.0167,0,0.014148,78
781,abc359_c,3,0.0000,455.0167,0,0.014148,78
782,abc385_b,3,1.0000,455.0167,1,0.014148,78
783,abc331_b,3,0.3333,455.0167,0,0.014148,78
784,3762,3,0.0000,455.0167,0,0.014148,78
785,2888,3,0.3333,455.0167,0,0.014148,78
786,abc397_b,3,0.6667,455.0167,1,0.014148,78
787,2877,3,1.0000,455.0167,1,0.014148,78
788,abc371_b,3,0.0000,455.0167,0,0.014148,78
789,abc375_d,3,0.0000,455.0167,0,0.014148,78
790,2893,3,1.0000,459.4333,1,0.015414,79
791,1899_C,3,0.0000,459.4333,0,0.015414,79
792,abc307_d,3,0.2500,459.4333,0,0.015414,79
793,abc386_f,3,0.6667,459.4333,1,0.015414,79
794,abc309_c,3,0.0000,459.4333,0,0.015414,79
795,3450,3,0.6667,459.4333,1,0.015414,79
796,3460,3,0.0000,459.4333,0,0.015414,79
797,2791,3,1.0000,459.4333,1,0.015414,79
798,abc333_a,3,1.0000,459.4333,1,0.015414,79
799,abc389_f,3,1.0000,459.4333,1,0.015414,79
800,abc308_d,3,0.3333,464.6000,0,0.015304,80
801,abc312_e,3,0.0000,464.6000,0,0.015304,80
802,3183,3,1.0000,464.6000,1,0.015304,80
803,3337,3,1.0000,464.6000,1,0.015304,80
804,abc359_a,3,1.0000,464.6000,1,0.015304,80
805,abc354_a,3,1.0000,464.6000,1,0.015304,80
806,arc194_e,3,0.5000,464.6000,1,0.015304,80
807,arc181_d,3,0.0000,464.6000,0,0.015304,80
808,3567,3,0.0000,464.6000,0,0.015304,80
809,abc392_d,3,0.0000,464.6000,0,0.015304,80
810,abc327_d,3,0.2500,471.3500,0,0.011458,81
811,abc376_a,3,1.0000,471.3500,1,0.011458,81
812,abc303_d,3,0.0000,471.3500,0,0.011458,81
813,3570,3,0.6667,471.3500,1,0.011458,81
814,3768,3,1.0000,471.3500,1,0.011458,81
815,3721,3,0.0000,471.3500,0,0.011458,81
816,3594,3,0.0000,471.3500,0,0.011458,81
817,abc396_d,3,0.0000,471.3500,0,0.011458,81
818,abc351_e,3,0.0000,471.3500,0,0.011458,81
819,abc367_a,3,0.3333,471.3500,0,0.011458,81
820,abc361_c,3,0.3333,474.6000,0,0.010881,82
821,abc394_a,3,1.0000,474.6000,1,0.010881,82
822,3262,3,1.0000,474.6000,1,0.010881,82
823,abc365_d,3,0.0000,474.6000,0,0.010881,82
824,3379,3,1.0000,474.6000,1,0.010881,82
825,arc183_a,3,0.2500,474.6000,0,0.010881,82
826,3196,3,0.5000,474.6000,1,0.010881,82
827,3193,3,0.6667,474.6000,1,0.010881,82
828,abc384_c,3,1.0000,474.6000,1,0.010881,82
829,abc362_a,3,1.0000,474.6000,1,0.010881,82
830,3789,3,0.0000,477.9333,0,0.012379,83
831,2891,3,1.0000,477.9333,1,0.012379,83
832,3388,3,0.3333,477.9333,0,0.012379,83
833,abc379_e,3,1.0000,477.9333,1,0.012379,83
834,2999,3,1.0000,477.9333,1,0.012379,83
835,3760,3,0.0000,477.9333,0,0.012379,83
836,abc396_b,3,1.0000,477.9333,1,0.012379,83
837,abc311_c,3,0.3333,477.9333,0,0.012379,83
838,2876,3,1.0000,477.9333,1,0.012379,83
839,abc311_b,3,1.0000,477.9333,1,0.012379,83
840,abc326_d,3,0.5000,485.4333,1,0.010690,84
841,3781,3,0.0000,485.4333,0,0.010690,84
842,abc338_c,3,0.0000,485.4333,0,0.010690,84
843,arc196_b,3,0.0000,485.4333,0,0.010690,84
844,2785,3,1.0000,485.4333,1,0.010690,84
845,3383,3,0.0000,485.4333,0,0.010690,84
846,abc329_f,3,1.0000,485.4333,1,0.010690,84
847,abc366_b,3,0.0000,485.4333,0,0.010690,84
848,1873_A,3,0.0000,485.4333,0,0.010690,84
849,abc362_e,3,0.0000,485.4333,0,0.010690,84
850,arc184_d,3,0.0000,493.7667,0,0.009052,85
851,abc363_e,3,0.0000,493.7667,0,0.009052,85
852,3249,3,1.0000,493.7667,1,0.009052,85
853,3744,3,0.0000,493.7667,0,0.009052,85
854,abc340_d,3,0.0000,493.7667,0,0.009052,85
855,abc390_f,3,0.0000,493.7667,0,0.009052,85
856,abc303_b,3,0.3333,493.7667,0,0.009052,85
857,arc190_d,3,0.0000,493.7667,0,0.009052,85
858,abc398_a,3,0.0000,493.7667,0,0.009052,85
859,abc372_c,3,0.3333,493.7667,0,0.009052,85
860,abc325_a,3,1.0000,498.6000,1,0.010375,86
861,abc370_g,3,0.0000,498.6000,0,0.010375,86
862,3104,3,0.5000,498.6000,1,0.010375,86
863,abc357_b,3,0.0000,498.6000,0,0.010375,86
864,3311,3,1.0000,498.6000,1,0.010375,86
865,abc384_g,3,0.0000,498.6000,0,0.010375,86
866,abc356_d,3,0.6667,498.6000,1,0.010375,86
867,abc393_e,3,1.0000,498.6000,1,0.010375,86
868,abc377_a,3,1.0000,498.6000,1,0.010375,86
869,abc377_e,3,0.0000,498.6000,0,0.010375,86
870,1883_B,3,0.0000,507.4333,0,0.013771,87
871,arc194_d,3,0.5000,507.4333,1,0.013771,87
872,3243,3,0.0000,507.4333,0,0.013771,87
873,abc353_e,3,0.0000,507.4333,0,0.013771,87
874,3697,3,0.3333,507.4333,0,0.013771,87
875,3153,3,0.0000,507.4333,0,0.013771,87
876,abc333_c,3,0.0000,507.4333,0,0.013771,87
877,abc372_g,3,0.0000,507.4333,0,0.013771,87
878,abc385_c,3,0.3333,507.4333,0,0.013771,87
879,arc192_d,3,0.0000,507.4333,0,0.013771,87
880,abc382_a,3,1.0000,511.7667,1,0.012136,88
881,3771,3,1.0000,511.7667,1,0.012136,88
882,3531,3,0.3333,511.7667,0,0.012136,88
883,3164,3,1.0000,511.7667,1,0.012136,88
884,abc377_f,3,0.3333,511.7667,0,0.012136,88
885,abc390_g,3,0.3333,511.7667,0,0.012136,88
886,2730,3,1.0000,511.7667,1,0.012136,88
887,abc391_d,3,0.0000,511.7667,0,0.012136,88
888,3436,3,0.3333,511.7667,0,0.012136,88
889,abc313_c,3,0.3333,511.7667,0,0.012136,88
890,abc361_e,3,0.0000,518.1833,0,0.009291,89
891,3367,3,1.0000,518.1833,1,0.009291,89
892,abc389_e,3,0.0000,518.1833,0,0.009291,89
893,abc342_a,3,1.0000,518.1833,1,0.009291,89
894,abc342_e,3,0.0000,518.1833,0,0.009291,89
895,3692,3,0.2500,518.1833,0,0.009291,89
896,3526,3,0.3333,518.1833,0,0.009291,89
897,abc351_b,3,1.0000,518.1833,1,0.009291,89
898,3794,3,0.0000,518.1833,0,0.009291,89
899,arc188_b,3,0.0000,518.1833,0,0.009291,89
900,3245,3,0.0000,525.0167,0,0.010042,90
901,abc370_d,3,0.0000,525.0167,0,0.010042,90
902,3235,3,0.0000,525.0167,0,0.010042,90
903,3150,3,1.0000,525.0167,1,0.010042,90
904,abc387_f,3,0.0000,525.0167,0,0.010042,90
905,2854,3,1.0000,525.0167,1,0.010042,90
906,abc383_c,3,0.3333,525.0167,0,0.010042,90
907,3025,3,0.3333,525.0167,0,0.010042,90
908,3451,3,0.5000,525.0167,1,0.010042,90
909,abc358_e,3,0.0000,525.0167,0,0.010042,90
910,3213,3,1.0000,529.0167,1,0.014416,91
911,abc399_e,3,0.5000,529.0167,1,0.014416,91
912,3725,3,0.0000,529.0167,0,0.014416,91
913,abc346_b,3,1.0000,529.0167,1,0.014416,91
914,3447,3,1.0000,529.0167,1,0.014416,91
915,abc352_a,3,1.0000,529.0167,1,0.014416,91
916,3413,3,0.5000,529.0167,1,0.014416,91
917,abc381_b,3,1.0000,529.0167,1,0.014416,91
918,abc315_f,3,0.0000,529.0167,0,0.014416,91
919,abc363_d,3,0.0000,529.0167,0,0.014416,91
920,3461,3,0.5000,533.6000,1,0.011724,92
921,abc381_a,3,1.0000,533.6000,1,0.011724,92
922,abc312_d,3,0.0000,533.6000,0,0.011724,92
923,3219,3,0.3333,533.6000,0,0.011724,92
924,abc318_b,3,0.3333,533.6000,0,0.011724,92
925,3224,3,0.0000,533.6000,0,0.011724,92
926,3371,3,1.0000,533.6000,1,0.011724,92
927,abc372_a,3,1.0000,533.6000,1,0.011724,92
928,abc391_f,3,1.0000,533.6000,1,0.011724,92
929,abc345_d,3,0.2500,533.6000,0,0.011724,92
930,abc356_a,3,1.0000,538.1000,1,0.015674,93
931,arc182_a,3,0.0000,538.1000,0,0.015674,93
932,abc306_a,3,1.0000,538.1000,1,0.015674,93
933,abc328_b,3,0.3333,538.1000,0,0.015674,93
934,abc377_b,3,0.3333,538.1000,0,0.015674,93
935,abc390_e,3,1.0000,538.1000,1,0.015674,93
936,3453,3,0.5000,538.1000,1,0.015674,93
937,abc396_f,3,0.0000,538.1000,0,0.015674,93
938,abc305_e,3,0.3333,538.1000,0,0.015674,93
939,2886,3,1.0000,538.1000,1,0.015674,93
940,abc318_e,3,0.3333,540.9333,0,0.017550,94
941,abc346_a,3,1.0000,540.9333,1,0.017550,94
942,abc328_c,3,1.0000,540.9333,1,0.017550,94
943,3593,3,1.0000,540.9333,1,0.017550,94
944,2824,3,1.0000,540.9333,1,0.017550,94
945,3604,3,0.0000,540.9333,0,0.017550,94
946,abc309_b,3,0.3333,540.9333,0,0.017550,94
947,2872,3,1.0000,540.9333,1,0.017550,94
948,abc386_c,3,0.8333,540.9333,1,0.017550,94
949,abc385_a,3,0.6667,540.9333,1,0.017550,94
950,3656,3,0.3333,547.2667,0,0.008658,95
951,abc330_a,3,1.0000,547.2667,1,0.008658,95
952,3571,3,0.0000,547.2667,0,0.008658,95
953,abc307_c,3,0.0000,547.2667,0,0.008658,95
954,3421,3,1.0000,547.2667,1,0.008658,95
955,3573,3,1.0000,547.2667,1,0.008658,95
956,abc372_d,3,0.0000,547.2667,0,0.008658,95
957,abc398_f,3,0.3333,547.2667,0,0.008658,95
958,abc319_c,3,0.0000,547.2667,0,0.008658,95
959,abc341_e,3,0.0000,547.2667,0,0.008658,95
960,3346,3,0.3333,550.9333,0,0.015423,96
961,3252,3,1.0000,550.9333,1,0.015423,96
962,abc312_b,3,0.3333,550.9333,0,0.015423,96
963,abc378_a,3,1.0000,550.9333,1,0.015423,96
964,abc362_b,3,1.0000,550.9333,1,0.015423,96
965,3291,3,0.6667,550.9333,1,0.015423,96
966,arc194_a,3,0.0000,550.9333,0,0.015423,96
967,abc367_b,3,1.0000,550.9333,1,0.015423,96
968,2902,3,1.0000,550.9333,1,0.015423,96
969,abc373_c,3,0.0000,550.9333,0,0.015423,96
970,3558,3,0.6667,556.6000,1,0.009802,97
971,abc400_c,3,0.0000,556.6000,0,0.009802,97
972,abc374_a,3,1.0000,556.6000,1,0.009802,97
973,abc318_d,3,0.0000,556.6000,0,0.009802,97
974,3551,3,0.0000,556.6000,0,0.009802,97
975,abc305_c,3,0.0000,556.6000,0,0.009802,97
976,abc336_d,3,0.3333,556.6000,0,0.009802,97
977,abc340_a,3,1.0000,556.6000,1,0.009802,97
978,3251,3,1.0000,556.6000,1,0.009802,97
979,abc338_e,3,0.3333,556.6000,0,0.009802,97
980,3653,3,0.3333,561.4333,0,0.008593,98
981,abc371_c,3,0.0000,561.4333,0,0.008593,98
982,3327,3,0.0000,561.4333,0,0.008593,98
983,abc321_a,3,1.0000,561.4333,1,0.008593,98
984,abc341_f,3,0.3333,561.4333,0,0.008593,98
985,3080,3,0.5000,561.4333,1,0.008593,98
986,abc388_c,3,1.0000,561.4333,1,0.008593,98
987,abc310_a,3,1.0000,561.4333,1,0.008593,98
988,3715,3,0.0000,561.4333,0,0.008593,98
989,2953,3,1.0000,561.4333,1,0.008593,98
990,abc323_c,3,0.0000,566.7667,0,0.010112,99
991,abc386_e,3,1.0000,566.7667,1,0.010112,99
992,abc309_a,3,0.6667,566.7667,1,0.010112,99
993,3026,3,1.0000,566.7667,1,0.010112,99
994,2849,3,0.0000,566.7667,0,0.010112,99
995,2892,3,0.0000,566.7667,0,0.010112,99
996,abc375_b,3,0.0000,566.7667,0,0.010112,99
997,abc302_a,3,1.0000,566.7667,1,0.010112,99
998,3479,3,0.0000,566.7667,0,0.010112,99
999,abc338_b,3,1.0000,566.7667,1,0.010112,99
1000,abc387_a,3,1.0000,570.7667,1,0.012660,100
1001,abc391_a,3,1.0000,570.7667,1,0.012660,100
1002,abc369_d,3,0.0000,570.7667,0,0.012660,100
1003,abc370_e,3,0.3333,570.7667,0,0.012660,100
1004,3648,3,0.5000,570.7667,1,0.012660,100
1005,abc324_b,3,1.0000,570.7667,1,0.012660,100
1006,3430,3,1.0000,570.7667,1,0.012660,100
1007,2952,3,0.0000,570.7667,0,0.012660,100
1008,abc341_d,3,0.6667,570.7667,1,0.012660,100
1009,abc397_e,3,0.5000,570.7667,1,0.012660,100
1010,3731,3,1.0000,573.5167,1,0.012223,101
1011,3192,3,1.0000,573.5167,1,0.012223,101
1012,abc363_b,3,0.3333,573.5167,0,0.012223,101
1013,3374,3,1.0000,573.5167,1,0.012223,101
1014,abc378_c,3,1.0000,573.5167,1,0.012223,101
1015,2847,3,1.0000,573.5167,1,0.012223,101
1016,3608,3,0.0000,573.5167,0,0.012223,101
1017,abc318_a,3,0.6667,573.5167,1,0.012223,101
1018,abc366_g,3,0.2500,573.5167,0,0.012223,101
1019,abc334_b,3,1.0000,573.5167,1,0.012223,101
1020,3699,3,0.0000,578.3500,0,0.007506,102
1021,abc337_d,3,0.5000,578.3500,1,0.007506,102
1022,3045,3,1.0000,578.3500,1,0.007506,102
1023,abc384_b,3,1.0000,578.3500,1,0.007506,102
1024,3347,3,1.0000,578.3500,1,0.007506,102
1025,3776,3,0.0000,578.3500,0,0.007506,102
1026,3528,3,0.0000,578.3500,0,0.007506,102
1027,abc352_b,3,0.3333,578.3500,0,0.007506,102
1028,abc327_c,3,1.0000,578.3500,1,0.007506,102
1029,3736,3,0.3333,578.3500,0,0.007506,102
1030,3540,3,1.0000,583.1833,1,0.008749,103
1031,3690,3,0.3333,583.1833,0,0.008749,103
1032,abc329_a,3,1.0000,583.1833,1,0.008749,103
1033,2755,3,1.0000,583.1833,1,0.008749,103
1034,3442,3,0.0000,583.1833,0,0.008749,103
1035,abc393_d,3,0.3333,583.1833,0,0.008749,103
1036,abc354_d,3,0.0000,583.1833,0,0.008749,103
1037,3632,3,0.5000,583.1833,1,0.008749,103
1038,abc346_d,3,0.0000,583.1833,0,0.008749,103
1039,2868,3,1.0000,583.1833,1,0.008749,103
1040,3717,3,0.0000,589.6833,0,0.008625,104
1041,3373,3,0.5000,589.6833,1,0.008625,104
1042,abc354_b,3,1.0000,589.6833,1,0.008625,104
1043,abc301_b,3,0.5000,589.6833,1,0.008625,104
1044,2878,3,0.5000,589.6833,1,0.008625,104
1045,2883,3,0.0000,589.6833,0,0.008625,104
1046,3620,3,0.0000,589.6833,0,0.008625,104
1047,3298,3,0.0000,589.6833,0,0.008625,104
1048,abc304_c,3,1.0000,589.6833,1,0.008625,104
1049,abc321_b,3,0.0000,589.6833,0,0.008625,104
1050,3334,3,1.0000,591.1833,1,0.008087,105
1051,3429,3,1.0000,591.1833,1,0.008087,105
1052,abc365_c,3,1.0000,591.1833,1,0.008087,105
1053,2857,3,0.0000,591.1833,0,0.008087,105
1054,abc308_b,3,0.5000,591.1833,1,0.008087,105
