step,problem_id,reward,cumulative_regret,accuracy,n_examples,memory_size,cached
0,1899_A,0.0000,1.0000,0.0000,0,0,0
1,abc383_e,0.0000,2.0000,0.0000,0,0,0
2,abc315_a,1.0000,2.0000,0.3333,0,1,1
3,3227,0.0000,3.0000,0.2500,0,1,0
4,arc190_c,0.0000,4.0000,0.2000,0,1,0
5,3210,1.0000,4.0000,0.3333,0,2,1
6,arc192_b,0.3333,4.6667,0.4286,0,2,0
7,3605,0.0000,5.6667,0.3750,0,2,0
8,abc398_g,0.6667,6.0000,0.4444,0,3,1
9,abc378_d,0.3333,6.6667,0.5000,0,3,0
10,abc344_a,1.0000,6.6667,0.5455,0,4,1
11,abc374_b,1.0000,6.6667,0.5833,0,5,1
12,3264,0.0000,7.6667,0.5385,0,5,0
13,abc397_d,0.0000,8.6667,0.5000,0,5,0
14,3414,0.5000,9.1667,0.5333,0,6,1
15,arc186_a,0.5000,9.6667,0.5625,0,7,1
16,arc189_b,0.0000,10.6667,0.5294,0,7,0
17,3151,0.0000,11.6667,0.5000,0,7,0
18,abc376_g,0.0000,12.6667,0.4737,0,7,0
19,abc363_a,1.0000,12.6667,0.5000,0,8,1
20,abc380_d,0.0000,13.6667,0.4762,0,8,0
21,abc384_a,1.0000,13.6667,0.5000,0,9,1
22,3384,0.0000,14.6667,0.4783,0,9,0
23,abc303_a,1.0000,14.6667,0.5000,0,10,1
24,abc396_a,1.0000,14.6667,0.5200,0,11,1
25,abc323_b,1.0000,14.6667,0.5385,0,12,1
26,3019,1.0000,14.6667,0.5556,0,13,1
27,abc326_a,0.6667,15.0000,0.5714,0,14,1
28,abc387_c,0.0000,16.0000,0.5517,0,14,0
29,arc188_c,0.3333,16.6667,0.5667,0,14,0
30,abc314_e,0.0000,17.6667,0.5484,0,14,0
31,2881,0.0000,18.6667,0.5312,0,14,0
32,abc391_g,0.0000,19.6667,0.5152,0,14,0
33,abc379_b,1.0000,19.6667,0.5294,0,15,1
34,abc376_b,0.6667,20.0000,0.5429,0,16,1
35,abc371_g,0.0000,21.0000,0.5278,0,16,0
36,abc375_c,0.0000,22.0000,0.5135,0,16,0
37,3044,0.0000,23.0000,0.5000,0,16,0
38,abc329_b,1.0000,23.0000,0.5128,0,17,1
39,abc398_d,0.3333,23.6667,0.5250,0,17,0
40,3510,1.0000,23.6667,0.5366,0,18,1
41,2779,0.0000,24.6667,0.5238,0,18,0
42,3375,0.0000,25.6667,0.5116,0,18,0
43,abc368_e,0.0000,26.6667,0.5000,0,18,0
44,arc193_d,0.0000,27.6667,0.4889,0,18,0
45,2827,0.0000,28.6667,0.4783,0,18,0
46,3785,0.3333,29.3333,0.4894,0,18,0
47,3532,0.0000,30.3333,0.4792,0,18,0
48,abc357_c,0.0000,31.3333,0.4694,0,18,0
49,abc394_e,0.0000,32.3333,0.4600,0,18,0
50,abc392_g,0.0000,33.3333,0.4510,0,18,0
51,3462,0.5000,33.8333,0.4615,0,19,1
52,abc361_b,1.0000,33.8333,0.4717,0,20,1
53,2856,0.0000,34.8333,0.4630,0,20,0
54,2777,0.0000,35.8333,0.4545,0,20,0
55,abc398_c,0.5000,36.3333,0.4643,0,21,1
56,abc377_g,0.0000,37.3333,0.4561,0,21,0
57,3625,0.5000,37.8333,0.4655,0,22,1
58,3382,0.0000,38.8333,0.4576,0,22,0
59,3402,0.0000,39.8333,0.4500,0,22,0
60,3764,1.0000,39.8333,0.4590,0,23,1
61,2784,0.0000,40.8333,0.4516,0,23,0
62,3221,0.0000,41.8333,0.4444,0,23,0
63,3533,0.0000,42.8333,0.4375,0,23,0
64,2816,1.0000,42.8333,0.4462,0,24,1
65,3324,0.0000,43.8333,0.4394,0,24,0
66,abc354_e,0.0000,44.8333,0.4328,0,24,0
67,abc374_e,0.0000,45.8333,0.4265,0,24,0
68,abc399_a,1.0000,45.8333,0.4348,0,25,1
69,3553,1.0000,45.8333,0.4429,0,26,1
70,3398,0.0000,46.8333,0.4366,0,26,0
71,abc376_c,0.3333,47.5000,0.4444,0,26,0
72,arc195_b,0.6667,47.8333,0.4521,0,27,1
73,3428,0.0000,48.8333,0.4459,0,27,0
74,abc308_c,1.0000,48.8333,0.4533,0,28,1
75,abc337_a,1.0000,48.8333,0.4605,0,29,1
76,abc323_e,0.0000,49.8333,0.4545,0,29,0
77,3493,0.5000,50.3333,0.4615,0,30,1
78,2825,1.0000,50.3333,0.4684,0,31,1
79,2811,1.0000,50.3333,0.4750,0,32,1
80,3636,1.0000,50.3333,0.4815,0,33,1
81,abc332_a,1.0000,50.3333,0.4878,0,34,1
82,abc355_d,0.3333,51.0000,0.4940,0,34,0
83,3485,0.0000,52.0000,0.4881,0,34,0
84,abc381_e,0.0000,53.0000,0.4824,0,34,0
85,abc381_c,0.0000,54.0000,0.4767,0,34,0
86,abc368_d,0.3333,54.6667,0.4828,0,34,0
87,3737,0.0000,55.6667,0.4773,0,34,0
88,abc350_d,0.3333,56.3333,0.4831,0,34,0
89,3225,0.0000,57.3333,0.4778,0,34,0
90,3733,0.0000,58.3333,0.4725,0,34,0
91,3438,0.0000,59.3333,0.4674,0,34,0
92,abc399_f,1.0000,59.3333,0.4731,0,35,1
93,abc302_e,1.0000,59.3333,0.4787,0,36,1
94,abc390_a,0.7500,59.5833,0.4842,0,37,1
95,abc362_c,0.3333,60.2500,0.4896,0,37,0
96,2921,0.0000,61.2500,0.4845,0,37,0
97,2917,0.0000,62.2500,0.4796,0,37,0
98,abc378_e,0.0000,63.2500,0.4747,0,37,0
99,2867,0.0000,64.2500,0.4700,0,37,0
100,3541,0.0000,65.2500,0.4653,0,37,0
101,abc356_b,1.0000,65.2500,0.4706,0,38,1
102,abc323_d,0.0000,66.2500,0.4660,0,38,0
103,abc392_b,1.0000,66.2500,0.4712,0,39,1
104,abc334_d,0.0000,67.2500,0.4667,0,39,0
105,abc329_d,1.0000,67.2500,0.4717,0,40,1
106,abc399_d,0.0000,68.2500,0.4673,0,40,0
107,abc349_d,0.3333,68.9167,0.4722,0,40,0
108,abc338_a,1.0000,68.9167,0.4771,0,41,1
109,3626,1.0000,68.9167,0.4818,0,42,1
110,abc305_b,1.0000,68.9167,0.4865,0,43,1
111,abc380_a,1.0000,68.9167,0.4911,0,44,1
112,3242,0.0000,69.9167,0.4867,0,44,0
113,arc191_d,0.0000,70.9167,0.4825,0,44,0
114,abc375_a,1.0000,70.9167,0.4870,0,45,1
115,abc333_e,0.3333,71.5833,0.4914,0,45,0
116,3548,0.3333,72.2500,0.4957,0,45,0
117,arc183_d,0.0000,73.2500,0.4915,0,45,0
118,abc336_a,1.0000,73.2500,0.4958,0,46,1
119,3387,0.0000,74.2500,0.4917,0,46,0
120,abc301_d,0.6667,74.5833,0.4959,0,47,1
121,3747,0.0000,75.5833,0.4918,0,47,0
122,3683,0.0000,76.5833,0.4878,0,47,0
123,3269,0.0000,77.5833,0.4839,0,47,0
124,3411,0.0000,78.5833,0.4800,0,47,0
125,3786,0.0000,79.5833,0.4762,0,47,0
126,abc313_b,0.0000,80.5833,0.4724,0,47,0
127,3508,0.3333,81.2500,0.4766,0,47,0
128,abc347_e,0.0000,82.2500,0.4729,0,47,0
129,3580,1.0000,82.2500,0.4769,0,48,1
130,arc186_b,0.0000,83.2500,0.4733,0,48,0
131,3777,0.0000,84.2500,0.4697,0,48,0
132,3397,0.0000,85.2500,0.4662,0,48,0
133,abc356_e,1.0000,85.2500,0.4701,0,49,1
134,arc195_e,0.0000,86.2500,0.4667,0,49,0
135,abc375_g,0.3333,86.9167,0.4706,0,49,0
136,abc372_f,0.0000,87.9167,0.4672,0,49,0
137,abc367_d,0.3333,88.5833,0.4710,0,49,0
138,abc388_g,0.0000,89.5833,0.4676,0,49,0
139,3231,0.0000,90.5833,0.4643,0,49,0
140,abc389_d,0.0000,91.5833,0.4610,0,49,0
141,3207,1.0000,91.5833,0.4648,0,50,1
142,abc367_f,1.0000,91.5833,0.4685,0,51,1
143,abc339_a,1.0000,91.5833,0.4722,0,52,1
144,abc312_c,0.3333,92.2500,0.4759,0,52,0
145,3024,0.0000,93.2500,0.4726,0,52,0
146,abc320_d,0.0000,94.2500,0.4694,0,52,0
147,abc364_e,0.2500,95.0000,0.4730,0,52,0
148,abc366_d,0.0000,96.0000,0.4698,0,52,0
149,abc329_e,0.6667,96.3333,0.4733,0,53,1
150,abc384_e,0.3333,97.0000,0.4768,0,53,0
151,abc373_g,0.0000,98.0000,0.4737,0,53,0
152,3228,0.0000,99.0000,0.4706,0,53,0
153,abc304_d,1.0000,99.0000,0.4740,0,54,1
154,3613,0.0000,100.0000,0.4710,0,54,0
155,3381,0.0000,101.0000,0.4679,0,54,0
156,3686,0.0000,102.0000,0.4650,0,54,0
157,3328,0.5000,102.5000,0.4684,0,55,1
158,abc322_b,1.0000,102.5000,0.4717,0,56,1
159,3468,0.0000,103.5000,0.4688,0,56,0
160,3658,0.0000,104.5000,0.4658,0,56,0
161,2855,0.0000,105.5000,0.4630,0,56,0
162,2817,0.5000,106.0000,0.4663,0,57,1
163,3496,0.0000,107.0000,0.4634,0,57,0
164,3784,0.0000,108.0000,0.4606,0,57,0
165,arc188_d,0.0000,109.0000,0.4578,0,57,0
166,3654,0.0000,110.0000,0.4551,0,57,0
167,3163,0.0000,111.0000,0.4524,0,57,0
168,abc347_b,0.0000,112.0000,0.4497,0,57,0
169,abc330_b,1.0000,112.0000,0.4529,0,58,1
170,3696,0.3333,112.6667,0.4561,0,58,0
171,3487,0.0000,113.6667,0.4535,0,58,0
172,3000,0.0000,114.6667,0.4509,0,58,0
173,abc385_d,0.0000,115.6667,0.4483,0,58,0
174,abc354_c,0.0000,116.6667,0.4457,0,58,0
175,3723,0.0000,117.6667,0.4432,0,58,0
176,3591,0.0000,118.6667,0.4407,0,58,0
177,3226,0.0000,119.6667,0.4382,0,58,0
178,abc343_b,1.0000,119.6667,0.4413,0,59,1
179,abc322_e,0.5000,120.1667,0.4444,0,60,1
180,3603,0.0000,121.1667,0.4420,0,60,0
181,abc362_d,0.3333,121.8333,0.4451,0,60,0
182,arc195_c,0.0000,122.8333,0.4426,0,60,0
183,2870,0.0000,123.8333,0.4402,0,60,0
184,abc386_d,0.5000,124.3333,0.4432,0,61,1
185,abc355_a,1.0000,124.3333,0.4462,0,62,1
186,1883_C,0.0000,125.3333,0.4439,0,62,0
187,3634,1.0000,125.3333,0.4468,0,63,1
188,abc301_f,0.0000,126.3333,0.4444,0,63,0
189,abc369_c,0.3333,127.0000,0.4474,0,63,0
190,3466,0.0000,128.0000,0.4450,0,63,0
191,3174,1.0000,128.0000,0.4479,0,64,1
192,3292,0.0000,129.0000,0.4456,0,64,0
193,abc310_d,0.0000,130.0000,0.4433,0,64,0
194,3423,0.0000,131.0000,0.4410,0,64,0
195,abc355_c,1.0000,131.0000,0.4439,0,65,1
196,3081,0.0000,132.0000,0.4416,0,65,0
197,3317,0.0000,133.0000,0.4394,0,65,0
198,3770,0.0000,134.0000,0.4372,0,65,0
199,3511,0.5000,134.5000,0.4400,0,66,1
200,abc395_c,0.3333,135.1667,0.4428,0,66,0
201,abc343_c,1.0000,135.1667,0.4455,0,67,1
202,abc351_f,0.0000,136.1667,0.4433,0,67,0
203,abc369_b,1.0000,136.1667,0.4461,0,68,1
204,3743,0.0000,137.1667,0.4439,0,68,0
205,abc324_c,0.0000,138.1667,0.4417,0,68,0
206,abc333_d,0.0000,139.1667,0.4396,0,68,0
207,3362,0.3333,139.8333,0.4423,0,68,0
208,3639,0.5000,140.3333,0.4450,0,69,1
209,2884,0.0000,141.3333,0.4429,0,69,0
210,abc352_c,0.3333,142.0000,0.4455,0,69,0
211,abc350_e,0.0000,143.0000,0.4434,0,69,0
212,arc191_c,0.0000,144.0000,0.4413,0,69,0
213,abc318_c,0.0000,145.0000,0.4393,0,69,0
214,3720,0.2500,145.7500,0.4419,0,69,0
215,abc320_c,0.3333,146.4167,0.4444,0,69,0
216,3394,0.0000,147.4167,0.4424,0,69,0
217,arc196_d,0.0000,148.4167,0.4404,0,69,0
218,3361,0.5000,148.9167,0.4429,0,70,1
219,3034,0.0000,149.9167,0.4409,0,70,0
220,abc344_d,0.0000,150.9167,0.4389,0,70,0
221,3621,0.0000,151.9167,0.4369,0,70,0
222,3372,0.0000,152.9167,0.4350,0,70,0
223,abc338_f,0.0000,153.9167,0.4330,0,70,0
224,arc189_c,0.5000,154.4167,0.4356,0,71,1
225,abc308_e,0.0000,155.4167,0.4336,0,71,0
226,3313,0.0000,156.4167,0.4317,0,71,0
227,abc400_g,0.0000,157.4167,0.4298,0,71,0
228,abc358_c,1.0000,157.4167,0.4323,0,72,1
229,2792,0.0000,158.4167,0.4304,0,72,0
230,3492,0.0000,159.4167,0.4286,0,72,0
231,abc374_c,0.0000,160.4167,0.4267,0,72,0
232,abc344_e,1.0000,160.4167,0.4292,0,73,1
233,abc380_e,1.0000,160.4167,0.4316,0,74,1
234,abc348_b,1.0000,160.4167,0.4340,0,75,1
235,3525,0.0000,161.4167,0.4322,0,75,0
236,abc365_a,1.0000,161.4167,0.4346,0,76,1
237,abc304_e,0.0000,162.4167,0.4328,0,76,0
238,3552,0.0000,163.4167,0.4310,0,76,0
239,3171,0.0000,164.4167,0.4292,0,76,0
240,arc185_b,0.0000,165.4167,0.4274,0,76,0
241,abc302_c,1.0000,165.4167,0.4298,0,77,1
242,abc368_c,0.3333,166.0833,0.4321,0,77,0
243,3555,0.0000,167.0833,0.4303,0,77,0
244,abc303_e,0.0000,168.0833,0.4286,0,77,0
245,3236,0.0000,169.0833,0.4268,0,77,0
246,3560,0.3333,169.7500,0.4291,0,77,0
247,abc372_e,0.0000,170.7500,0.4274,0,77,0
248,abc311_d,0.0000,171.7500,0.4257,0,77,0
249,abc373_a,1.0000,171.7500,0.4280,0,78,1
250,3685,0.0000,172.7500,0.4263,0,78,0
251,abc359_e,0.0000,173.7500,0.4246,0,78,0
252,abc321_d,0.0000,174.7500,0.4229,0,78,0
253,abc341_b,0.0000,175.7500,0.4213,0,78,0
254,3464,0.0000,176.7500,0.4196,0,78,0
255,abc398_b,0.5000,177.2500,0.4219,0,79,1
256,3320,0.0000,178.2500,0.4202,0,79,0
257,abc306_e,0.0000,179.2500,0.4186,0,79,0
258,abc351_a,1.0000,179.2500,0.4208,0,80,1
259,3753,0.0000,180.2500,0.4192,0,80,0
260,3446,0.0000,181.2500,0.4176,0,80,0
261,1899_B,0.0000,182.2500,0.4160,0,80,0
262,3279,1.0000,182.2500,0.4183,0,81,1
263,abc314_b,0.0000,183.2500,0.4167,0,81,0
264,abc370_f,0.0000,184.2500,0.4151,0,81,0
265,3788,0.0000,185.2500,0.4135,0,81,0
266,abc359_b,0.3333,185.9167,0.4157,0,81,0
267,3297,1.0000,185.9167,0.4179,0,82,1
268,3676,0.0000,186.9167,0.4164,0,82,0
269,3763,0.0000,187.9167,0.4148,0,82,0
270,abc366_a,1.0000,187.9167,0.4170,0,83,1
271,abc366_e,0.0000,188.9167,0.4154,0,83,0
272,abc392_c,0.0000,189.9167,0.4139,0,83,0
273,2833,0.0000,190.9167,0.4124,0,83,0
274,3351,0.0000,191.9167,0.4109,0,83,0
275,3649,0.0000,192.9167,0.4094,0,83,0
276,abc301_c,0.5000,193.4167,0.4116,0,84,1
277,abc344_b,0.0000,194.4167,0.4101,0,84,0
278,abc399_c,1.0000,194.4167,0.4122,0,85,1
279,abc380_f,1.0000,194.4167,0.4143,0,86,1
280,abc367_c,0.0000,195.4167,0.4128,0,86,0
281,3629,0.5000,195.9167,0.4149,0,87,1
282,abc322_a,1.0000,195.9167,0.4170,0,88,1
283,2979,0.0000,196.9167,0.4155,0,88,0
284,3331,0.0000,197.9167,0.4140,0,88,0
285,abc397_a,1.0000,197.9167,0.4161,0,89,1
286,arc193_a,0.0000,198.9167,0.4146,0,89,0
287,abc361_a,1.0000,198.9167,0.4167,0,90,1
288,abc328_e,0.6667,199.2500,0.4187,0,91,1
289,3518,0.0000,200.2500,0.4172,0,91,0
290,3306,1.0000,200.2500,0.4192,0,92,1
291,2882,1.0000,200.2500,0.4212,0,93,1
292,abc374_g,0.0000,201.2500,0.4198,0,93,0
293,3617,0.0000,202.2500,0.4184,0,93,0
294,abc358_d,0.3333,202.9167,0.4203,0,93,0
295,abc371_a,0.5000,203.4167,0.4223,0,94,1
296,abc343_a,0.0000,204.4167,0.4209,0,94,0
297,abc376_d,0.3333,205.0833,0.4228,0,94,0
298,2786,1.0000,205.0833,0.4247,0,95,1
299,2828,0.0000,206.0833,0.4233,0,95,0
300,3456,0.0000,207.0833,0.4219,0,95,0
301,3299,0.0000,208.0833,0.4205,0,95,0
302,2810,0.0000,209.0833,0.4191,0,95,0
303,3527,0.0000,210.0833,0.4178,0,95,0
304,3476,0.0000,211.0833,0.4164,0,95,0
305,3495,0.5000,211.5833,0.4183,0,96,1
306,abc339_c,0.3333,212.2500,0.4202,0,96,0
307,3194,0.0000,213.2500,0.4188,0,96,0
308,abc363_f,0.3333,213.9167,0.4207,0,96,0
309,abc394_f,0.3333,214.5833,0.4226,0,96,0
310,abc366_c,0.5000,215.0833,0.4244,0,97,1
311,abc351_d,0.0000,216.0833,0.4231,0,97,0
312,3416,0.0000,217.0833,0.4217,0,97,0
313,abc308_f,0.5000,217.5833,0.4236,0,98,1
314,3638,0.0000,218.5833,0.4222,0,98,0
315,abc400_a,0.3333,219.2500,0.4241,0,98,0
316,abc361_d,0.0000,220.2500,0.4227,0,98,0
317,3455,0.5000,220.7500,0.4245,0,99,1
318,3475,0.0000,221.7500,0.4232,0,99,0
319,abc391_e,0.0000,222.7500,0.4219,0,99,0
320,abc309_d,0.0000,223.7500,0.4206,0,99,0
321,3612,0.0000,224.7500,0.4193,0,99,0
322,abc383_b,0.0000,225.7500,0.4180,0,99,0
323,3515,0.0000,226.7500,0.4167,0,99,0
324,abc329_c,0.3333,227.4167,0.4185,0,99,0
325,3655,0.3333,228.0833,0.4202,0,99,0
326,3600,0.0000,229.0833,0.4190,0,99,0
327,abc358_a,1.0000,229.0833,0.4207,0,100,1
328,3793,0.5000,229.5833,0.4225,0,101,1
329,3422,0.0000,230.5833,0.4212,0,101,0
330,3817,1.0000,230.5833,0.4230,0,102,1
331,arc184_e,1.0000,230.5833,0.4247,0,103,1
332,abc310_b,0.0000,231.5833,0.4234,0,103,0
333,2977,0.0000,232.5833,0.4222,0,103,0
334,3412,1.0000,232.5833,0.4239,0,104,1
335,3267,0.3333,233.2500,0.4256,0,104,0
336,3562,0.0000,234.2500,0.4243,0,104,0
337,2756,0.0000,235.2500,0.4231,0,104,0
338,abc389_a,1.0000,235.2500,0.4248,0,105,1
339,abc307_b,1.0000,235.2500,0.4265,0,106,1
340,abc340_c,0.0000,236.2500,0.4252,0,106,0
341,abc332_b,1.0000,236.2500,0.4269,0,107,1
342,abc312_a,1.0000,236.2500,0.4286,0,108,1
343,abc350_b,0.0000,237.2500,0.4273,0,108,0
344,abc325_d,0.0000,238.2500,0.4261,0,108,0
345,abc320_a,1.0000,238.2500,0.4277,0,109,1
346,abc319_b,1.0000,238.2500,0.4294,0,110,1
347,arc193_b,0.0000,239.2500,0.4282,0,110,0
348,abc365_b,0.5000,239.7500,0.4298,0,111,1
349,arc182_c,0.0000,240.7500,0.4286,0,111,0
350,3308,1.0000,240.7500,0.4302,0,112,1
351,arc192_a,1.0000,240.7500,0.4318,0,113,1
352,arc186_e,0.0000,241.7500,0.4306,0,113,0
353,3403,0.0000,242.7500,0.4294,0,113,0
354,3702,0.0000,243.7500,0.4282,0,113,0
355,2728,0.0000,244.7500,0.4270,0,113,0
356,abc349_e,1.0000,244.7500,0.4286,0,114,1
357,abc324_a,1.0000,244.7500,0.4302,0,115,1
358,abc302_d,0.5000,245.2500,0.4318,0,116,1
359,3420,1.0000,245.2500,0.4333,0,117,1
360,3482,0.0000,246.2500,0.4321,0,117,0
361,2819,1.0000,246.2500,0.4337,0,118,1
362,abc353_b,0.0000,247.2500,0.4325,0,118,0
363,abc397_g,0.3333,247.9167,0.4341,0,118,0
364,abc319_d,0.3333,248.5833,0.4356,0,118,0
365,3607,0.6667,248.9167,0.4372,0,119,1
366,abc367_g,1.0000,248.9167,0.4387,0,120,1
367,3701,0.3333,249.5833,0.4402,0,120,0
368,3627,0.0000,250.5833,0.4390,0,120,0
369,3345,0.0000,251.5833,0.4378,0,120,0
370,abc336_b,1.0000,251.5833,0.4394,0,121,1
371,2920,1.0000,251.5833,0.4409,0,122,1
372,abc334_e,0.0000,252.5833,0.4397,0,122,0
373,abc360_e,0.0000,253.5833,0.4385,0,122,0
374,abc360_b,0.0000,254.5833,0.4373,0,122,0
375,abc388_b,1.0000,254.5833,0.4388,0,123,1
376,abc370_b,0.6667,254.9167,0.4403,0,124,1
377,2839,0.0000,255.9167,0.4392,0,124,0
378,abc399_b,0.2500,256.6667,0.4406,0,124,0
379,3751,0.0000,257.6667,0.4395,0,124,0
380,3363,0.0000,258.6667,0.4383,0,124,0
381,3211,0.0000,259.6667,0.4372,0,124,0
382,3360,0.0000,260.6667,0.4360,0,124,0
383,3395,0.5000,261.1667,0.4375,0,125,1
384,abc337_b,1.0000,261.1667,0.4390,0,126,1
385,abc361_f,0.0000,262.1667,0.4378,0,126,0
386,abc386_a,1.0000,262.1667,0.4393,0,127,1
387,3212,0.0000,263.1667,0.4381,0,127,0
388,3534,0.0000,264.1667,0.4370,0,127,0
389,abc327_e,0.0000,265.1667,0.4359,0,127,0
390,abc382_b,1.0000,265.1667,0.4373,0,128,1
391,abc315_c,0.0000,266.1667,0.4362,0,128,0
392,abc342_c,1.0000,266.1667,0.4377,0,129,1
393,abc392_a,1.0000,266.1667,0.4391,0,130,1
394,3832,0.0000,267.1667,0.4380,0,130,0
395,3190,0.0000,268.1667,0.4369,0,130,0
396,abc366_f,0.0000,269.1667,0.4358,0,130,0
397,3199,1.0000,269.1667,0.4372,0,131,1
398,arc185_c,1.0000,269.1667,0.4386,0,132,1
399,abc377_c,0.6667,269.5000,0.4400,0,133,1
400,abc340_b,1.0000,269.5000,0.4414,0,134,1
401,arc196_c,0.0000,270.5000,0.4403,0,134,0
402,abc369_e,0.0000,271.5000,0.4392,0,134,0
403,3583,0.0000,272.5000,0.4381,0,134,0
404,abc371_f,0.0000,273.5000,0.4370,0,134,0
405,abc314_a,0.3333,274.1667,0.4384,0,134,0
406,abc337_e,0.0000,275.1667,0.4373,0,134,0
407,abc326_c,1.0000,275.1667,0.4387,0,135,1
408,abc387_b,0.3333,275.8333,0.4401,0,135,0
409,abc341_c,0.0000,276.8333,0.4390,0,135,0
410,3244,0.0000,277.8333,0.4380,0,135,0
411,abc324_f,0.0000,278.8333,0.4369,0,135,0
412,abc321_c,0.0000,279.8333,0.4358,0,135,0
413,3566,0.0000,280.8333,0.4348,0,135,0
414,3543,1.0000,280.8333,0.4361,0,136,1
415,abc349_b,0.3333,281.5000,0.4375,0,136,0
416,abc375_e,0.5000,282.0000,0.4388,0,137,1
417,2887,1.0000,282.0000,0.4402,0,138,1
418,abc370_a,1.0000,282.0000,0.4415,0,139,1
419,3575,0.0000,283.0000,0.4405,0,139,0
420,3680,1.0000,283.0000,0.4418,0,140,1
421,abc378_b,0.0000,284.0000,0.4408,0,140,0
422,3644,0.0000,285.0000,0.4397,0,140,0
423,abc309_e,0.0000,286.0000,0.4387,0,140,0
424,abc315_b,1.0000,286.0000,0.4400,0,141,1
425,abc353_c,0.0000,287.0000,0.4390,0,141,0
426,abc346_c,1.0000,287.0000,0.4403,0,142,1
427,3018,0.6667,287.3333,0.4416,0,143,1
428,abc390_c,0.6667,287.6667,0.4429,0,144,1
429,abc395_e,0.0000,288.6667,0.4419,0,144,0
430,abc343_d,0.3333,289.3333,0.4432,0,144,0
431,3739,0.0000,290.3333,0.4421,0,144,0
432,abc360_c,0.0000,291.3333,0.4411,0,144,0
433,3657,0.0000,292.3333,0.4401,0,144,0
434,abc374_d,0.0000,293.3333,0.4391,0,144,0
435,3722,0.0000,294.3333,0.4381,0,144,0
436,3568,1.0000,294.3333,0.4394,0,145,1
437,3799,0.0000,295.3333,0.4384,0,145,0
438,3184,0.0000,296.3333,0.4374,0,145,0
439,abc365_e,1.0000,296.3333,0.4386,0,146,1
440,arc185_e,0.0000,297.3333,0.4376,0,146,0
441,abc395_b,1.0000,297.3333,0.4389,0,147,1
442,abc335_a,1.0000,297.3333,0.4402,0,148,1
443,3759,0.5000,297.8333,0.4414,0,149,1
444,abc393_f,0.0000,298.8333,0.4404,0,149,0
445,abc323_a,0.6667,299.1667,0.4417,0,150,1
446,abc396_g,0.0000,300.1667,0.4407,0,150,0
447,abc305_a,1.0000,300.1667,0.4420,0,151,1
448,abc364_c,0.0000,301.1667,0.4410,0,151,0
449,2832,0.0000,302.1667,0.4400,0,151,0
450,abc342_d,0.0000,303.1667,0.4390,0,151,0
451,abc351_c,0.0000,304.1667,0.4381,0,151,0
452,3535,0.0000,305.1667,0.4371,0,151,0
453,3681,0.3333,305.8333,0.4383,0,151,0
454,3188,0.0000,306.8333,0.4374,0,151,0
455,2800,1.0000,306.8333,0.4386,0,152,1
456,2754,0.0000,307.8333,0.4376,0,152,0
457,abc371_e,0.0000,308.8333,0.4367,0,152,0
458,3047,0.0000,309.8333,0.4357,0,152,0
459,3550,0.0000,310.8333,0.4348,0,152,0
460,3154,0.0000,311.8333,0.4338,0,152,0
461,abc395_a,1.0000,311.8333,0.4351,0,153,1
462,abc332_c,0.0000,312.8333,0.4341,0,153,0
463,3172,1.0000,312.8333,0.4353,0,154,1
464,abc341_a,1.0000,312.8333,0.4366,0,155,1
465,abc348_d,0.0000,313.8333,0.4356,0,155,0
466,2850,1.0000,313.8333,0.4368,0,156,1
467,3265,0.0000,314.8333,0.4359,0,156,0
468,abc327_b,0.3333,315.5000,0.4371,0,156,0
469,abc328_d,1.0000,315.5000,0.4383,0,157,1
470,3637,0.3333,316.1667,0.4395,0,157,0
471,abc314_f,0.0000,317.1667,0.4386,0,157,0
472,3223,0.0000,318.1667,0.4376,0,157,0
473,2845,0.0000,319.1667,0.4367,0,157,0
474,abc331_a,1.0000,319.1667,0.4379,0,158,1
475,2998,1.0000,319.1667,0.4391,0,159,1
476,abc339_b,0.3333,319.8333,0.4403,0,159,0
477,3687,0.0000,320.8333,0.4393,0,159,0
478,3353,1.0000,320.8333,0.4405,0,160,1
479,abc345_b,0.8000,321.0333,0.4417,0,161,1
480,3490,0.0000,322.0333,0.4407,0,161,0
481,abc314_d,1.0000,322.0333,0.4419,0,162,1
482,abc368_a,1.0000,322.0333,0.4431,0,163,1
483,abc332_d,0.5000,322.5333,0.4442,0,164,1
484,3316,0.0000,323.5333,0.4433,0,164,0
485,abc307_e,0.3333,324.2000,0.4444,0,164,0
486,arc195_a,1.0000,324.2000,0.4456,0,165,1
487,3246,0.0000,325.2000,0.4447,0,165,0
488,abc330_d,1.0000,325.2000,0.4458,0,166,1
489,abc325_f,0.0000,326.2000,0.4449,0,166,0
490,arc196_a,1.0000,326.2000,0.4460,0,167,1
491,abc344_c,1.0000,326.2000,0.4472,0,168,1
492,abc306_d,0.0000,327.2000,0.4462,0,168,0
493,3094,0.0000,328.2000,0.4453,0,168,0
494,abc394_g,0.0000,329.2000,0.4444,0,168,0
495,3234,0.0000,330.2000,0.4435,0,168,0
496,3647,0.3333,330.8667,0.4447,0,168,0
497,abc350_a,0.6667,331.2000,0.4458,0,169,1
498,abc320_b,1.0000,331.2000,0.4469,0,170,1
499,abc304_a,1.0000,331.2000,0.4480,0,171,1
500,3233,0.3333,331.8667,0.4491,0,171,0
501,abc370_c,0.3333,332.5333,0.4502,0,171,0
502,3454,0.0000,333.5333,0.4493,0,171,0
503,3017,0.3333,334.2000,0.4504,0,171,0
504,arc185_d,0.0000,335.2000,0.4495,0,171,0
505,abc340_e,0.3333,335.8667,0.4506,0,171,0
506,arc184_c,0.0000,336.8667,0.4497,0,171,0
507,abc359_d,0.2500,337.6167,0.4508,0,171,0
508,abc376_e,0.0000,338.6167,0.4499,0,171,0
509,3437,0.0000,339.6167,0.4490,0,171,0
510,abc382_c,0.0000,340.6167,0.4481,0,171,0
511,3616,0.0000,341.6167,0.4473,0,171,0
512,abc382_g,0.0000,342.6167,0.4464,0,171,0
513,abc324_d,0.3333,343.2833,0.4475,0,171,0
514,abc379_c,0.0000,344.2833,0.4466,0,171,0
515,abc330_c,1.0000,344.2833,0.4477,0,172,1
516,abc348_a,1.0000,344.2833,0.4487,0,173,1
517,abc327_a,1.0000,344.2833,0.4498,0,174,1
518,abc379_f,0.0000,345.2833,0.4489,0,174,0
519,3779,0.0000,346.2833,0.4481,0,174,0
520,arc182_e,0.3333,346.9500,0.4491,0,174,0
521,abc384_f,1.0000,346.9500,0.4502,0,175,1
522,arc190_a,0.2500,347.7000,0.4512,0,175,0
523,abc394_c,1.0000,347.7000,0.4523,0,176,1
524,abc338_d,0.6667,348.0333,0.4533,0,177,1
525,abc302_f,0.5000,348.5333,0.4544,0,178,1
526,1873_B,0.0000,349.5333,0.4535,0,178,0
527,abc360_a,1.0000,349.5333,0.4545,0,179,1
528,abc389_b,1.0000,349.5333,0.4556,0,180,1
529,abc314_c,1.0000,349.5333,0.4566,0,181,1
530,arc188_a,0.0000,350.5333,0.4557,0,181,0
531,abc389_g,0.0000,351.5333,0.4549,0,181,0
532,3522,0.0000,352.5333,0.4540,0,181,0
533,abc358_b,0.0000,353.5333,0.4532,0,181,0
534,abc353_d,1.0000,353.5333,0.4542,0,182,1
535,arc181_c,0.0000,354.5333,0.4534,0,182,0
536,abc334_c,0.3333,355.2000,0.4544,0,182,0
537,abc353_a,0.6667,355.5333,0.4554,0,183,1
538,arc189_a,0.0000,356.5333,0.4545,0,183,0
539,3463,0.0000,357.5333,0.4537,0,183,0
540,abc371_d,0.5000,358.0333,0.4547,0,184,1
541,3778,0.0000,359.0333,0.4539,0,184,0
542,arc181_a,0.0000,360.0333,0.4530,0,184,0
543,abc368_b,1.0000,360.0333,0.4540,0,185,1
544,2812,1.0000,360.0333,0.4550,0,186,1
545,abc331_c,0.0000,361.0333,0.4542,0,186,0
546,abc346_e,0.0000,362.0333,0.4534,0,186,0
547,abc391_b,1.0000,362.0333,0.4544,0,187,1
548,abc335_d,0.0000,363.0333,0.4536,0,187,0
549,3773,0.0000,364.0333,0.4527,0,187,0
550,3674,0.0000,365.0333,0.4519,0,187,0
551,abc388_d,0.0000,366.0333,0.4511,0,187,0
552,abc330_e,0.0000,367.0333,0.4503,0,187,0
553,arc187_b,0.0000,368.0333,0.4495,0,187,0
554,abc302_b,0.0000,369.0333,0.4486,0,187,0
555,2802,1.0000,369.0333,0.4496,0,188,1
556,3765,0.0000,370.0333,0.4488,0,188,0
557,3708,0.0000,371.0333,0.4480,0,188,0
558,abc326_b,1.0000,371.0333,0.4490,0,189,1
559,abc335_c,1.0000,371.0333,0.4500,0,190,1
560,3344,0.0000,372.0333,0.4492,0,190,0
561,abc303_c,1.0000,372.0333,0.4502,0,191,1
562,abc308_a,1.0000,372.0333,0.4512,0,192,1
563,3354,1.0000,372.0333,0.4521,0,193,1
564,2834,0.0000,373.0333,0.4513,0,193,0
565,abc342_b,0.0000,374.0333,0.4505,0,193,0
566,3114,1.0000,374.0333,0.4515,0,194,1
567,abc390_b,1.0000,374.0333,0.4525,0,195,1
568,3688,0.0000,375.0333,0.4517,0,195,0
569,abc380_c,0.0000,376.0333,0.4509,0,195,0
570,abc349_c,0.6667,376.3667,0.4518,0,196,1
571,abc331_d,0.0000,377.3667,0.4510,0,196,0
572,3312,1.0000,377.3667,0.4520,0,197,1
573,2808,0.0000,378.3667,0.4512,0,197,0
574,abc349_a,0.3333,379.0333,0.4522,0,197,0
575,3309,0.0000,380.0333,0.4514,0,197,0
576,arc194_c,0.3333,380.7000,0.4523,0,197,0
577,abc375_f,0.0000,381.7000,0.4516,0,197,0
578,3579,0.0000,382.7000,0.4508,0,197,0
579,abc385_e,0.0000,383.7000,0.4500,0,197,0
580,3471,0.0000,384.7000,0.4492,0,197,0
581,abc380_b,1.0000,384.7000,0.4502,0,198,1
582,3091,0.0000,385.7000,0.4494,0,198,0
583,3682,0.0000,386.7000,0.4486,0,198,0
584,3588,0.0000,387.7000,0.4479,0,198,0
585,abc337_c,0.0000,388.7000,0.4471,0,198,0
586,3606,0.0000,389.7000,0.4463,0,198,0
587,arc194_b,0.3333,390.3667,0.4473,0,198,0
588,abc326_e,0.0000,391.3667,0.4465,0,198,0
589,2844,0.0000,392.3667,0.4458,0,198,0
590,3195,1.0000,392.3667,0.4467,0,199,1
591,3801,1.0000,392.3667,0.4476,0,200,1
592,3229,0.0000,393.3667,0.4469,0,200,0
593,3748,0.0000,394.3667,0.4461,0,200,0
594,abc390_d,0.0000,395.3667,0.4454,0,200,0
595,2831,0.0000,396.3667,0.4446,0,200,0
596,abc364_a,0.6667,396.7000,0.4456,0,201,1
597,3230,1.0000,396.7000,0.4465,0,202,1
598,abc396_c,0.3333,397.3667,0.4474,0,202,0
599,3587,1.0000,397.3667,0.4483,0,203,1
600,3684,0.3333,398.0333,0.4493,0,203,0
601,abc393_b,0.0000,399.0333,0.4485,0,203,0
602,abc352_e,1.0000,399.0333,0.4494,0,204,1
603,3426,1.0000,399.0333,0.4503,0,205,1
604,abc355_e,0.0000,400.0333,0.4496,0,205,0
605,3651,0.0000,401.0333,0.4488,0,205,0
606,abc315_e,0.3333,401.7000,0.4498,0,205,0
607,3200,0.0000,402.7000,0.4490,0,205,0
608,abc331_e,0.3333,403.3667,0.4499,0,205,0
609,3659,0.0000,404.3667,0.4492,0,205,0
610,2848,1.0000,404.3667,0.4501,0,206,1
611,abc320_e,0.0000,405.3667,0.4493,0,206,0
612,3584,0.5000,405.8667,0.4502,0,207,1
613,3031,0.0000,406.8667,0.4495,0,207,0
614,2866,0.0000,407.8667,0.4488,0,207,0
615,abc388_f,0.3333,408.5333,0.4497,0,207,0
616,3622,0.5000,409.0333,0.4506,0,208,1
617,abc357_a,0.6667,409.3667,0.4515,0,209,1
618,abc368_f,0.5000,409.8667,0.4523,0,210,1
619,abc304_b,1.0000,409.8667,0.4532,0,211,1
620,abc334_a,1.0000,409.8667,0.4541,0,212,1
621,abc305_d,0.0000,410.8667,0.4534,0,212,0
622,abc367_e,0.3333,411.5333,0.4543,0,212,0
623,abc321_e,0.0000,412.5333,0.4535,0,212,0
624,abc319_e,0.0000,413.5333,0.4528,0,212,0
625,3240,0.0000,414.5333,0.4521,0,212,0
626,abc388_a,1.0000,414.5333,0.4530,0,213,1
627,3106,1.0000,414.5333,0.4538,0,214,1
628,3166,0.0000,415.5333,0.4531,0,214,0
629,3705,0.0000,416.5333,0.4524,0,214,0
630,3209,0.0000,417.5333,0.4517,0,214,0
631,3093,0.0000,418.5333,0.4509,0,214,0
632,abc325_b,0.6667,418.8667,0.4518,0,215,1
633,abc386_b,0.3333,419.5333,0.4527,0,215,0
634,1899_D,0.0000,420.5333,0.4520,0,215,0
635,abc388_e,0.0000,421.5333,0.4513,0,215,0
636,abc368_g,0.0000,422.5333,0.4505,0,215,0
637,abc325_e,1.0000,422.5333,0.4514,0,216,1
638,abc364_d,1.0000,422.5333,0.4523,0,217,1
639,arc186_d,0.0000,423.5333,0.4516,0,217,0
640,3559,0.0000,424.5333,0.4509,0,217,0
641,abc322_c,1.0000,424.5333,0.4517,0,218,1
642,abc339_d,0.3333,425.2000,0.4526,0,218,0
643,abc400_b,1.0000,425.2000,0.4534,0,219,1
644,arc186_c,0.0000,426.2000,0.4527,0,219,0
645,abc335_b,1.0000,426.2000,0.4536,0,220,1
646,abc383_a,0.0000,427.2000,0.4529,0,220,0
647,abc373_e,0.0000,428.2000,0.4522,0,220,0
648,abc357_d,0.0000,429.2000,0.4515,0,220,0
649,3709,1.0000,429.2000,0.4523,0,221,1
650,abc363_c,0.0000,430.2000,0.4516,0,221,0
651,2916,0.0000,431.2000,0.4509,0,221,0
652,3055,1.0000,431.2000,0.4518,0,222,1
653,3469,0.5000,431.7000,0.4526,0,223,1
654,abc369_a,0.3333,432.3667,0.4534,0,223,0
655,abc394_d,1.0000,432.3667,0.4543,0,224,1
656,2727,0.0000,433.3667,0.4536,0,224,0
657,2915,0.0000,434.3667,0.4529,0,224,0
658,abc379_a,1.0000,434.3667,0.4537,0,225,1
659,3376,1.0000,434.3667,0.4545,0,226,1
660,abc325_c,1.0000,434.3667,0.4554,0,227,1
661,abc373_b,0.0000,435.3667,0.4547,0,227,0
662,3203,0.0000,436.3667,0.4540,0,227,0
663,abc395_f,0.2500,437.1167,0.4548,0,227,0
664,abc374_f,0.0000,438.1167,0.4541,0,227,0
665,abc311_a,1.0000,438.1167,0.4550,0,228,1
666,arc191_a,0.0000,439.1167,0.4543,0,228,0
667,3750,0.0000,440.1167,0.4536,0,228,0
668,abc315_d,0.0000,441.1167,0.4529,0,228,0
669,abc397_c,1.0000,441.1167,0.4537,0,229,1
670,abc360_d,0.0000,442.1167,0.4531,0,229,0
671,3439,0.0000,443.1167,0.4524,0,229,0
672,abc392_f,1.0000,443.1167,0.4532,0,230,1
673,arc183_b,0.0000,444.1167,0.4525,0,230,0
674,abc350_c,0.0000,445.1167,0.4519,0,230,0
675,2955,0.5000,445.6167,0.4527,0,231,1
676,abc369_g,0.0000,446.6167,0.4520,0,231,0
677,2837,1.0000,446.6167,0.4528,0,232,1
678,3498,0.0000,447.6167,0.4521,0,232,0
679,3478,0.0000,448.6167,0.4515,0,232,0
680,abc394_b,1.0000,448.6167,0.4523,0,233,1
681,3484,0.5000,449.1167,0.4531,0,234,1
682,3176,0.0000,450.1167,0.4524,0,234,0
683,abc347_a,1.0000,450.1167,0.4532,0,235,1
684,abc310_c,0.0000,451.1167,0.4526,0,235,0
685,abc385_f,0.2500,451.8667,0.4534,0,235,0
686,3519,0.0000,452.8667,0.4527,0,235,0
687,3646,0.0000,453.8667,0.4520,0,235,0
688,abc301_a,0.6667,454.2000,0.4528,0,236,1
689,2954,0.0000,455.2000,0.4522,0,236,0
690,abc357_e,1.0000,455.2000,0.4530,0,237,1
691,3704,0.0000,456.2000,0.4523,0,237,0
692,3700,0.0000,457.2000,0.4517,0,237,0
693,3754,0.0000,458.2000,0.4510,0,237,0
694,abc356_c,0.0000,459.2000,0.4504,0,237,0
695,3408,0.3333,459.8667,0.4511,0,237,0
696,abc393_a,1.0000,459.8667,0.4519,0,238,1
697,abc376_f,0.6667,460.2000,0.4527,0,239,1
698,2873,0.5000,460.7000,0.4535,0,240,1
699,abc328_a,1.0000,460.7000,0.4543,0,241,1
700,abc379_d,0.0000,461.7000,0.4536,0,241,0
701,abc364_f,0.0000,462.7000,0.4530,0,241,0
702,3517,0.0000,463.7000,0.4523,0,241,0
703,3675,0.0000,464.7000,0.4517,0,241,0
704,abc307_a,1.0000,464.7000,0.4525,0,242,1
705,abc324_e,1.0000,464.7000,0.4533,0,243,1
706,abc378_f,0.0000,465.7000,0.4526,0,243,0
707,3239,0.0000,466.7000,0.4520,0,243,0
708,3406,0.0000,467.7000,0.4513,0,243,0
709,3677,0.0000,468.7000,0.4507,0,243,0
710,3809,1.0000,468.7000,0.4515,0,244,1
711,abc380_g,0.3333,469.3667,0.4522,0,244,0
712,abc322_d,0.5000,469.8667,0.4530,0,245,1
713,3349,1.0000,469.8667,0.4538,0,246,1
714,3502,0.0000,470.8667,0.4531,0,246,0
715,abc343_e,0.5000,471.3667,0.4539,0,247,1
716,1873_D,1.0000,471.3667,0.4547,0,248,1
717,arc192_e,0.0000,472.3667,0.4540,0,248,0
718,3261,0.0000,473.3667,0.4534,0,248,0
719,3716,0.0000,474.3667,0.4528,0,248,0
720,abc397_f,0.5000,474.8667,0.4535,0,249,1
721,abc306_b,0.0000,475.8667,0.4529,0,249,0
722,3396,1.0000,475.8667,0.4537,0,250,1
723,abc383_d,0.0000,476.8667,0.4530,0,250,0
724,abc382_d,0.0000,477.8667,0.4524,0,250,0
725,3263,0.0000,478.8667,0.4518,0,250,0
726,abc310_e,0.0000,479.8667,0.4512,0,250,0
727,3032,0.0000,480.8667,0.4505,0,250,0
728,2757,0.0000,481.8667,0.4499,0,250,0
729,abc364_b,1.0000,481.8667,0.4507,0,251,1
730,arc181_b,0.5000,482.3667,0.4514,0,252,1
731,3805,0.0000,483.3667,0.4508,0,252,0
732,abc379_g,0.0000,484.3667,0.4502,0,252,0
733,3811,0.5000,484.8667,0.4510,0,253,1
734,abc355_b,0.6667,485.2000,0.4517,0,254,1
735,2919,0.0000,486.2000,0.4511,0,254,0
736,abc313_a,0.3333,486.8667,0.4518,0,254,0
737,abc400_d,0.0000,487.8667,0.4512,0,254,0
738,abc384_d,0.5000,488.3667,0.4520,0,255,1
739,3329,0.0000,489.3667,0.4514,0,255,0
740,abc396_e,0.3333,490.0333,0.4521,0,255,0
741,3220,0.0000,491.0333,0.4515,0,255,0
742,3356,1.0000,491.0333,0.4522,0,256,1
743,arc195_d,0.0000,492.0333,0.4516,0,256,0
744,abc381_d,0.3333,492.7000,0.4523,0,256,0
745,3714,0.0000,493.7000,0.4517,0,256,0
746,abc312_f,0.0000,494.7000,0.4511,0,256,0
747,3141,0.0000,495.7000,0.4505,0,256,0
748,abc333_b,0.0000,496.7000,0.4499,0,256,0
749,abc378_g,0.0000,497.7000,0.4493,0,256,0
750,abc347_c,1.0000,497.7000,0.4501,0,257,1
751,2879,1.0000,497.7000,0.4508,0,258,1
752,3046,0.3333,498.3667,0.4515,0,258,0
753,abc373_f,0.0000,499.3667,0.4509,0,258,0
754,arc182_d,0.6667,499.7000,0.4517,0,259,1
755,3795,0.2500,500.4500,0.4524,0,259,0
756,2869,0.0000,501.4500,0.4518,0,259,0
757,abc400_e,1.0000,501.4500,0.4525,0,260,1
758,3364,0.0000,502.4500,0.4519,0,260,0
759,abc348_e,0.0000,503.4500,0.4513,0,260,0
760,3610,0.0000,504.4500,0.4507,0,260,0
761,abc336_c,0.0000,505.4500,0.4501,0,260,0
762,abc352_d,0.0000,506.4500,0.4495,0,260,0
763,arc183_c,0.0000,507.4500,0.4490,0,260,0
764,3791,0.0000,508.4500,0.4484,0,260,0
765,3033,0.5000,508.9500,0.4491,0,261,1
766,abc301_e,0.3333,509.6167,0.4498,0,261,0
767,abc348_c,1.0000,509.6167,0.4505,0,262,1
768,abc382_f,0.0000,510.6167,0.4499,0,262,0
769,abc311_e,0.2500,511.3667,0.4506,0,262,0
770,3355,0.0000,512.3667,0.4501,0,262,0
771,3507,1.0000,512.3667,0.4508,0,263,1
772,3494,0.0000,513.3667,0.4502,0,263,0
773,abc377_d,0.0000,514.3667,0.4496,0,263,0
774,3206,0.0000,515.3667,0.4490,0,263,0
775,arc189_d,0.0000,516.3667,0.4485,0,263,0
776,abc306_c,1.0000,516.3667,0.4492,0,264,1
777,3631,0.6667,516.7000,0.4499,0,265,1
778,3563,0.0000,517.7000,0.4493,0,265,0
779,3783,0.0000,518.7000,0.4487,0,265,0
780,abc310_f,0.0000,519.7000,0.4481,0,265,0
781,abc359_c,0.3333,520.3667,0.4488,0,265,0
782,abc385_b,0.0000,521.3667,0.4483,0,265,0
783,abc331_b,0.3333,522.0333,0.4490,0,265,0
784,3762,0.0000,523.0333,0.4484,0,265,0
785,2888,0.0000,524.0333,0.4478,0,265,0
786,abc397_b,1.0000,524.0333,0.4485,0,266,1
787,2877,0.5000,524.5333,0.4492,0,267,1
788,abc371_b,1.0000,524.5333,0.4499,0,268,1
789,abc375_d,0.3333,525.2000,0.4506,0,268,0
790,2893,0.0000,526.2000,0.4501,0,268,0
791,1899_C,0.0000,527.2000,0.4495,0,268,0
792,abc307_d,0.2500,527.9500,0.4502,0,268,0
793,abc386_f,0.6667,528.2833,0.4509,0,269,1
794,abc309_c,0.3333,528.9500,0.4516,0,269,0
795,3450,0.3333,529.6167,0.4523,0,269,0
796,3460,0.0000,530.6167,0.4517,0,269,0
797,2791,0.0000,531.6167,0.4511,0,269,0
798,abc333_a,1.0000,531.6167,0.4518,0,270,1
799,abc389_f,0.0000,532.6167,0.4512,0,270,0
800,abc308_d,0.3333,533.2833,0.4519,0,270,0
801,abc312_e,0.0000,534.2833,0.4514,0,270,0
802,3183,0.0000,535.2833,0.4508,0,270,0
803,3337,1.0000,535.2833,0.4515,0,271,1
804,abc359_a,1.0000,535.2833,0.4522,0,272,1
805,abc354_a,0.6667,535.6167,0.4529,0,273,1
806,arc194_e,0.5000,536.1167,0.4535,0,274,1
807,arc181_d,0.0000,537.1167,0.4530,0,274,0
808,3567,0.5000,537.6167,0.4536,0,275,1
809,abc392_d,0.0000,538.6167,0.4531,0,275,0
810,abc327_d,0.5000,539.1167,0.4538,0,276,1
811,abc376_a,1.0000,539.1167,0.4544,0,277,1
812,abc303_d,0.0000,540.1167,0.4539,0,277,0
813,3570,1.0000,540.1167,0.4545,0,278,1
814,3768,1.0000,540.1167,0.4552,0,279,1
815,3721,0.0000,541.1167,0.4547,0,279,0
816,3594,0.0000,542.1167,0.4541,0,279,0
817,abc396_d,0.3333,542.7833,0.4548,0,279,0
818,abc351_e,0.0000,543.7833,0.4542,0,279,0
819,abc367_a,0.3333,544.4500,0.4549,0,279,0
820,abc361_c,0.3333,545.1167,0.4555,0,279,0
821,abc394_a,1.0000,545.1167,0.4562,0,280,1
822,3262,0.0000,546.1167,0.4557,0,280,0
823,abc365_d,0.3333,546.7833,0.4563,0,280,0
824,3379,1.0000,546.7833,0.4570,0,281,1
825,arc183_a,0.0000,547.7833,0.4564,0,281,0
826,3196,0.5000,548.2833,0.4571,0,282,1
827,3193,0.0000,549.2833,0.4565,0,282,0
828,abc384_c,0.0000,550.2833,0.4560,0,282,0
829,abc362_a,1.0000,550.2833,0.4566,0,283,1
830,3789,0.0000,551.2833,0.4561,0,283,0
831,2891,0.0000,552.2833,0.4555,0,283,0
832,3388,0.0000,553.2833,0.4550,0,283,0
833,abc379_e,1.0000,553.2833,0.4556,0,284,1
834,2999,1.0000,553.2833,0.4563,0,285,1
835,3760,0.0000,554.2833,0.4557,0,285,0
836,abc396_b,0.0000,555.2833,0.4552,0,285,0
837,abc311_c,0.0000,556.2833,0.4547,0,285,0
838,2876,0.0000,557.2833,0.4541,0,285,0
839,abc311_b,0.6000,557.6833,0.4548,0,286,1
840,abc326_d,0.0000,558.6833,0.4542,0,286,0
841,3781,0.0000,559.6833,0.4537,0,286,0
842,abc338_c,0.2500,560.4333,0.4543,0,286,0
843,arc196_b,0.0000,561.4333,0.4538,0,286,0
844,2785,0.0000,562.4333,0.4533,0,286,0
845,3383,0.0000,563.4333,0.4527,0,286,0
846,abc329_f,0.0000,564.4333,0.4522,0,286,0
847,abc366_b,0.0000,565.4333,0.4517,0,286,0
848,1873_A,1.0000,565.4333,0.4523,0,287,1
849,abc362_e,0.3333,566.1000,0.4529,0,287,0
850,arc184_d,0.0000,567.1000,0.4524,0,287,0
851,abc363_e,0.0000,568.1000,0.4519,0,287,0
852,3249,0.0000,569.1000,0.4513,0,287,0
853,3744,0.0000,570.1000,0.4508,0,287,0
854,abc340_d,1.0000,570.1000,0.4515,0,288,1
855,abc390_f,0.0000,571.1000,0.4509,0,288,0
856,abc303_b,0.3333,571.7667,0.4516,0,288,0
857,arc190_d,0.3333,572.4333,0.4522,0,288,0
858,abc398_a,1.0000,572.4333,0.4529,0,289,1
859,abc372_c,0.0000,573.4333,0.4523,0,289,0
860,abc325_a,1.0000,573.4333,0.4530,0,290,1
861,abc370_g,0.0000,574.4333,0.4524,0,290,0
862,3104,0.0000,575.4333,0.4519,0,290,0
863,abc357_b,0.0000,576.4333,0.4514,0,290,0
864,3311,0.0000,577.4333,0.4509,0,290,0
865,abc384_g,0.0000,578.4333,0.4503,0,290,0
866,abc356_d,0.6667,578.7667,0.4510,0,291,1
867,abc393_e,0.0000,579.7667,0.4505,0,291,0
868,abc377_a,1.0000,579.7667,0.4511,0,292,1
869,abc377_e,0.3333,580.4333,0.4517,0,292,0
870,1883_B,1.0000,580.4333,0.4524,0,293,1
871,arc194_d,0.5000,580.9333,0.4530,0,294,1
872,3243,0.3333,581.6000,0.4536,0,294,0
873,abc353_e,0.0000,582.6000,0.4531,0,294,0
874,3697,0.0000,583.6000,0.4526,0,294,0
875,3153,0.0000,584.6000,0.4521,0,294,0
876,abc333_c,1.0000,584.6000,0.4527,0,295,1
877,abc372_g,0.0000,585.6000,0.4522,0,295,0
878,abc385_c,0.3333,586.2667,0.4528,0,295,0
879,arc192_d,0.0000,587.2667,0.4523,0,295,0
880,abc382_a,1.0000,587.2667,0.4529,0,296,1
881,3771,0.6667,587.6000,0.4535,0,297,1
882,3531,0.0000,588.6000,0.4530,0,297,0
883,3164,0.0000,589.6000,0.4525,0,297,0
884,abc377_f,0.0000,590.6000,0.4520,0,297,0
885,abc390_g,0.0000,591.6000,0.4515,0,297,0
886,2730,0.0000,592.6000,0.4510,0,297,0
887,abc391_d,0.0000,593.6000,0.4505,0,297,0
888,3436,0.0000,594.6000,0.4499,0,297,0
889,abc313_c,0.3333,595.2667,0.4506,0,297,0
890,abc361_e,0.5000,595.7667,0.4512,0,298,1
891,3367,0.0000,596.7667,0.4507,0,298,0
892,abc389_e,0.0000,597.7667,0.4502,0,298,0
893,abc342_a,0.6667,598.1000,0.4508,0,299,1
894,abc342_e,0.0000,599.1000,0.4503,0,299,0
895,3692,0.2500,599.8500,0.4509,0,299,0
896,3526,0.0000,600.8500,0.4504,0,299,0
897,abc351_b,1.0000,600.8500,0.4510,0,300,1
898,3794,0.0000,601.8500,0.4505,0,300,0
899,arc188_b,0.0000,602.8500,0.4500,0,300,0
900,3245,1.0000,602.8500,0.4506,0,301,1
901,abc370_d,0.0000,603.8500,0.4501,0,301,0
902,3235,0.0000,604.8500,0.4496,0,301,0
903,3150,1.0000,604.8500,0.4502,0,302,1
904,abc387_f,0.0000,605.8500,0.4497,0,302,0
905,2854,0.0000,606.8500,0.4492,0,302,0
906,abc383_c,0.3333,607.5167,0.4498,0,302,0
907,3025,0.0000,608.5167,0.4493,0,302,0
908,3451,0.5000,609.0167,0.4499,0,303,1
909,abc358_e,0.0000,610.0167,0.4495,0,303,0
910,3213,0.0000,611.0167,0.4490,0,303,0
911,abc399_e,0.5000,611.5167,0.4496,0,304,1
912,3725,0.0000,612.5167,0.4491,0,304,0
913,abc346_b,0.3333,613.1833,0.4497,0,304,0
914,3447,1.0000,613.1833,0.4503,0,305,1
915,abc352_a,1.0000,613.1833,0.4509,0,306,1
916,3413,0.0000,614.1833,0.4504,0,306,0
917,abc381_b,1.0000,614.1833,0.4510,0,307,1
918,abc315_f,0.0000,615.1833,0.4505,0,307,0
919,abc363_d,0.0000,616.1833,0.4500,0,307,0
920,3461,0.0000,617.1833,0.4495,0,307,0
921,abc381_a,1.0000,617.1833,0.4501,0,308,1
922,abc312_d,0.3333,617.8500,0.4507,0,308,0
923,3219,0.0000,618.8500,0.4502,0,308,0
924,abc318_b,0.0000,619.8500,0.4497,0,308,0
925,3224,0.0000,620.8500,0.4492,0,308,0
926,3371,1.0000,620.8500,0.4498,0,309,1
927,abc372_a,1.0000,620.8500,0.4504,0,310,1
928,abc391_f,1.0000,620.8500,0.4510,0,311,1
929,abc345_d,0.7500,621.1000,0.4516,0,312,1
930,abc356_a,1.0000,621.1000,0.4522,0,313,1
931,arc182_a,0.0000,622.1000,0.4517,0,313,0
932,abc306_a,1.0000,622.1000,0.4523,0,314,1
933,abc328_b,0.0000,623.1000,0.4518,0,314,0
934,abc377_b,0.3333,623.7667,0.4524,0,314,0
935,abc390_e,1.0000,623.7667,0.4530,0,315,1
936,3453,1.0000,623.7667,0.4536,0,316,1
937,abc396_f,0.0000,624.7667,0.4531,0,316,0
938,abc305_e,0.0000,625.7667,0.4526,0,316,0
939,2886,1.0000,625.7667,0.4532,0,317,1
940,abc318_e,0.3333,626.4333,0.4538,0,317,0
941,abc346_a,1.0000,626.4333,0.4544,0,318,1
942,abc328_c,0.0000,627.4333,0.4539,0,318,0
943,3593,1.0000,627.4333,0.4544,0,319,1
944,2824,1.0000,627.4333,0.4550,0,320,1
945,3604,0.0000,628.4333,0.4545,0,320,0
946,abc309_b,0.3333,629.1000,0.4551,0,320,0
947,2872,0.0000,630.1000,0.4546,0,320,0
948,abc386_c,0.6667,630.4333,0.4552,0,321,1
949,abc385_a,1.0000,630.4333,0.4558,0,322,1
950,3656,0.0000,631.4333,0.4553,0,322,0
951,abc330_a,1.0000,631.4333,0.4559,0,323,1
952,3571,0.0000,632.4333,0.4554,0,323,0
953,abc307_c,0.0000,633.4333,0.4549,0,323,0
954,3421,0.0000,634.4333,0.4545,0,323,0
955,3573,0.3333,635.1000,0.4550,0,323,0
956,abc372_d,0.0000,636.1000,0.4545,0,323,0
957,abc398_f,0.3333,636.7667,0.4551,0,323,0
958,abc319_c,0.0000,637.7667,0.4546,0,323,0
959,abc341_e,0.0000,638.7667,0.4542,0,323,0
960,3346,0.0000,639.7667,0.4537,0,323,0
961,3252,0.0000,640.7667,0.4532,0,323,0
962,abc312_b,0.3333,641.4333,0.4538,0,323,0
963,abc378_a,1.0000,641.4333,0.4544,0,324,1
964,abc362_b,1.0000,641.4333,0.4549,0,325,1
965,3291,0.0000,642.4333,0.4545,0,325,0
966,arc194_a,0.3333,643.1000,0.4550,0,325,0
967,abc367_b,1.0000,643.1000,0.4556,0,326,1
968,2902,0.0000,644.1000,0.4551,0,326,0
969,abc373_c,0.0000,645.1000,0.4546,0,326,0
970,3558,0.6667,645.4333,0.4552,0,327,1
971,abc400_c,0.0000,646.4333,0.4547,0,327,0
972,abc374_a,1.0000,646.4333,0.4553,0,328,1
973,abc318_d,0.0000,647.4333,0.4548,0,328,0
974,3551,0.0000,648.4333,0.4544,0,328,0
975,abc305_c,0.3333,649.1000,0.4549,0,328,0
976,abc336_d,0.3333,649.7667,0.4555,0,328,0
977,abc340_a,1.0000,649.7667,0.4560,0,329,1
978,3251,0.0000,650.7667,0.4556,0,329,0
979,abc338_e,0.6667,651.1000,0.4561,0,330,1
980,3653,0.3333,651.7667,0.4567,0,330,0
981,abc371_c,0.0000,652.7667,0.4562,0,330,0
982,3327,0.0000,653.7667,0.4557,0,330,0
983,abc321_a,1.0000,653.7667,0.4563,0,331,1
984,abc341_f,0.3333,654.4333,0.4569,0,331,0
985,3080,0.0000,655.4333,0.4564,0,331,0
986,abc388_c,1.0000,655.4333,0.4569,0,332,1
987,abc310_a,1.0000,655.4333,0.4575,0,333,1
988,3715,0.0000,656.4333,0.4570,0,333,0
989,2953,0.0000,657.4333,0.4566,0,333,0
990,abc323_c,0.0000,658.4333,0.4561,0,333,0
991,abc386_e,0.5000,658.9333,0.4567,0,334,1
992,abc309_a,0.6667,659.2667,0.4572,0,335,1
993,3026,0.6667,659.6000,0.4577,0,336,1
994,2849,1.0000,659.6000,0.4583,0,337,1
995,2892,0.0000,660.6000,0.4578,0,337,0
996,abc375_b,0.0000,661.6000,0.4574,0,337,0
997,abc302_a,1.0000,661.6000,0.4579,0,338,1
998,3479,0.0000,662.6000,0.4575,0,338,0
999,abc338_b,1.0000,662.6000,0.4580,0,339,1
1000,abc387_a,1.0000,662.6000,0.4585,0,340,1
1001,abc391_a,1.0000,662.6000,0.4591,0,341,1
1002,abc369_d,0.0000,663.6000,0.4586,0,341,0
1003,abc370_e,0.3333,664.2667,0.4592,0,341,0
1004,3648,0.0000,665.2667,0.4587,0,341,0
1005,abc324_b,1.0000,665.2667,0.4592,0,342,1
1006,3430,0.0000,666.2667,0.4588,0,342,0
1007,2952,0.5000,666.7667,0.4593,0,343,1
1008,abc341_d,0.3333,667.4333,0.4599,0,343,0
1009,abc397_e,0.5000,667.9333,0.4604,0,344,1
1010,3731,0.0000,668.9333,0.4599,0,344,0
1011,3192,0.0000,669.9333,0.4595,0,344,0
1012,abc363_b,0.3333,670.6000,0.4600,0,344,0
1013,3374,0.0000,671.6000,0.4596,0,344,0
1014,abc378_c,0.0000,672.6000,0.4591,0,344,0
1015,2847,0.0000,673.6000,0.4587,0,344,0
1016,3608,0.0000,674.6000,0.4582,0,344,0
1017,abc318_a,1.0000,674.6000,0.4587,0,345,1
1018,abc366_g,0.0000,675.6000,0.4583,0,345,0
1019,abc334_b,1.0000,675.6000,0.4588,0,346,1
1020,3699,0.0000,676.6000,0.4584,0,346,0
1021,abc337_d,0.2500,677.3500,0.4589,0,346,0
1022,3045,0.0000,678.3500,0.4585,0,346,0
1023,abc384_b,1.0000,678.3500,0.4590,0,347,1
1024,3347,0.0000,679.3500,0.4585,0,347,0
1025,3776,0.0000,680.3500,0.4581,0,347,0
1026,3528,0.0000,681.3500,0.4576,0,347,0
1027,abc352_b,0.3333,682.0167,0.4582,0,347,0
1028,abc327_c,1.0000,682.0167,0.4587,0,348,1
1029,3736,1.0000,682.0167,0.4592,0,349,1
1030,3540,1.0000,682.0167,0.4597,0,350,1
1031,3690,0.6667,682.3500,0.4603,0,351,1
1032,abc329_a,1.0000,682.3500,0.4608,0,352,1
1033,2755,1.0000,682.3500,0.4613,0,353,1
1034,3442,0.0000,683.3500,0.4609,0,353,0
1035,abc393_d,0.3333,684.0167,0.4614,0,353,0
1036,abc354_d,0.0000,685.0167,0.4609,0,353,0
1037,3632,0.0000,686.0167,0.4605,0,353,0
1038,abc346_d,0.0000,687.0167,0.4601,0,353,0
1039,2868,0.0000,688.0167,0.4596,0,353,0
1040,3717,0.0000,689.0167,0.4592,0,353,0
1041,3373,0.5000,689.5167,0.4597,0,354,1
1042,abc354_b,0.0000,690.5167,0.4593,0,354,0
1043,abc301_b,1.0000,690.5167,0.4598,0,355,1
1044,2878,0.5000,691.0167,0.4603,0,356,1
1045,2883,0.0000,692.0167,0.4598,0,356,0
1046,3620,0.0000,693.0167,0.4594,0,356,0
1047,3298,0.0000,694.0167,0.4590,0,356,0
1048,abc304_c,1.0000,694.0167,0.4595,0,357,1
1049,abc321_b,0.2500,694.7667,0.4600,0,357,0
1050,3334,0.0000,695.7667,0.4596,0,357,0
1051,3429,0.0000,696.7667,0.4591,0,357,0
1052,abc365_c,1.0000,696.7667,0.4596,0,358,1
1053,2857,0.0000,697.7667,0.4592,0,358,0
1054,abc308_b,0.0000,698.7667,0.4588,0,358,0
