batch_idx,n_problems,n_with_icl,n_new_into_mem,n_reeval,n_reeval_replaced,avg_greedy_reward,cumulative_regret,kl_loss,gen_time_s,oracle_time_s,reeval_gen_time_s,reeval_oracle_time_s,train_time_s,mem_bank_size,peak_vram_gb
0,10,0,10,0,0,0.4000,6.0000,0.115568,34.9,0.4,0.0,0.0,30.3,10,37.3
1,10,10,10,10,10,0.4000,12.0000,0.090923,12.3,0.1,16.4,10.0,58.8,20,48.4
2,10,10,10,20,16,0.6333,15.6667,0.078502,11.2,10.1,78.8,0.1,85.1,30,57.2
3,10,10,10,30,22,0.3333,22.3333,0.064500,15.3,0.5,94.3,10.2,124.0,40,65.0
4,10,10,10,40,33,0.2667,29.6667,0.060503,15.2,0.1,74.0,10.2,133.0,50,73.0
5,10,10,10,50,38,0.3833,35.8333,0.045428,13.7,0.1,168.6,10.2,287.7,60,83.9
6,10,10,10,60,51,0.6250,39.5833,0.052832,11.0,0.1,152.0,10.2,333.9,70,93.5
7,10,10,10,70,58,0.5833,43.7500,0.032604,12.5,0.1,147.8,10.3,546.6,80,100.3
8,10,10,10,80,66,0.4167,49.5833,0.032394,14.7,0.1,209.9,10.3,393.9,90,100.3
9,10,10,10,90,76,0.5583,54.0000,0.040872,15.7,0.1,172.9,17.9,542.3,100,100.3
10,10,10,10,90,76,0.6333,57.6667,0.039425,16.5,0.1,146.5,10.6,206.4,110,100.3
11,10,10,10,90,76,0.5000,62.6667,0.043261,19.3,0.1,152.8,10.3,302.8,120,100.3
12,10,10,10,90,77,0.5750,66.9167,0.039281,16.2,0.1,155.1,41.0,273.1,130,100.3
13,10,10,10,90,72,0.4667,72.2500,0.048221,32.8,10.1,148.8,30.9,229.0,140,100.3
14,10,10,10,90,74,0.4250,78.0000,0.039299,15.4,0.1,159.8,30.8,422.0,150,100.3
15,10,10,10,90,74,0.4000,84.0000,0.039524,28.7,0.2,199.1,20.5,388.5,160,100.3
16,10,10,10,90,79,0.5833,88.1667,0.049272,14.5,0.1,187.4,20.4,507.5,170,100.3
17,10,10,10,90,76,0.4500,93.6667,0.050334,54.0,0.7,227.3,30.6,260.2,180,100.3
18,10,10,10,90,76,0.3083,100.5833,0.055038,33.0,0.1,241.9,20.4,461.3,190,100.3
19,10,10,10,90,78,0.3750,106.8333,0.047074,31.5,0.1,240.2,20.2,456.2,200,100.3
20,10,10,10,90,69,0.2500,114.3333,0.046314,13.4,0.1,194.6,20.2,525.8,210,100.3
21,10,10,10,90,82,0.3167,121.1667,0.067645,22.5,0.1,233.8,20.2,268.1,220,100.3
22,10,10,10,90,77,0.3000,128.1667,0.052681,54.0,0.5,245.8,10.1,327.2,230,100.3
23,10,10,10,90,73,0.4333,133.8333,0.047859,27.0,0.1,287.9,10.2,268.0,240,100.3
24,10,10,10,90,80,0.3000,140.8333,0.033630,15.3,0.1,265.1,30.5,590.6,250,100.3
25,10,10,10,90,77,0.7250,143.5833,0.041783,11.5,10.1,236.4,2.6,293.6,260,100.3
26,10,10,10,90,73,0.4833,148.7500,0.035543,54.0,0.1,267.9,21.0,272.8,270,100.3
27,10,10,10,90,79,0.3333,155.4167,0.034284,12.6,30.0,217.9,16.1,283.3,280,100.3
28,10,10,10,90,80,0.5000,160.4167,0.026390,54.1,0.1,177.4,31.3,271.8,290,100.3
29,10,10,10,90,81,0.4667,165.7500,0.030435,14.4,0.1,214.0,16.5,293.7,300,100.3
30,10,10,10,90,81,0.3833,171.9167,0.029590,17.8,0.1,224.8,16.3,597.3,310,100.3
31,10,10,10,90,81,0.3333,178.5833,0.027916,19.1,10.0,218.8,20.8,345.8,320,100.3
32,10,10,10,90,84,0.3083,185.5000,0.035974,19.3,20.1,184.8,20.6,273.8,330,100.3
33,10,10,10,90,83,0.7000,188.5000,0.025832,22.1,0.1,193.2,20.8,278.0,340,100.3
34,10,10,10,90,83,0.6333,192.1667,0.024132,13.2,10.1,184.6,20.6,217.0,350,100.3
35,10,10,10,90,82,0.4167,198.0000,0.020597,23.3,0.4,192.2,20.6,284.2,360,100.3
36,10,10,10,90,80,0.5333,202.6667,0.019558,22.7,0.8,183.3,20.2,226.5,370,100.3
37,10,10,10,90,81,0.3250,209.4167,0.019404,19.9,0.1,195.0,20.3,249.6,380,100.3
38,10,10,10,90,80,0.4967,214.4500,0.022881,10.1,10.1,164.7,1.4,300.0,390,100.3
39,10,10,10,90,80,0.4333,220.1167,0.018720,17.7,10.1,157.7,10.9,314.7,400,100.3
40,10,10,10,90,86,0.3000,227.1167,0.026944,54.0,10.0,170.2,10.9,298.7,410,100.3
41,10,10,10,90,87,0.4833,232.2833,0.028103,14.2,0.1,210.7,10.9,277.3,420,100.3
42,10,10,10,90,82,0.5583,236.7000,0.024853,17.8,7.2,217.5,10.6,275.6,430,100.3
43,10,10,10,90,81,0.1917,244.7833,0.024162,21.2,0.1,205.3,10.5,272.9,440,100.3
44,10,10,10,90,81,0.7000,247.7833,0.026666,21.2,0.1,218.8,10.7,318.8,450,100.3
45,10,10,10,90,81,0.4333,253.4500,0.024919,14.5,0.1,200.5,11.3,224.0,460,100.3
46,10,10,10,90,82,0.4667,258.7833,0.017320,23.6,10.1,223.0,10.3,243.0,470,100.3
47,10,10,10,90,82,0.4800,263.9833,0.018886,20.8,0.1,198.0,10.8,371.3,480,100.3
48,10,10,10,90,82,0.3333,270.6500,0.023297,54.1,10.1,214.5,10.7,375.7,490,100.3
49,10,10,10,90,81,0.4333,276.3167,0.019376,20.5,0.1,288.4,10.8,369.0,500,100.3
50,10,10,10,90,80,0.2417,283.9000,0.021283,19.4,20.0,289.2,10.7,249.3,510,100.3
51,10,10,10,90,82,0.4667,289.2333,0.029500,17.6,10.1,251.4,40.7,286.1,520,100.3
52,10,10,10,90,76,0.5583,293.6500,0.026826,22.1,20.0,258.1,30.5,229.1,530,100.3
53,10,10,10,90,76,0.4667,298.9833,0.022565,29.5,2.7,262.0,30.5,267.9,540,100.3
54,10,10,10,90,71,0.4667,304.3167,0.021212,18.0,0.1,237.9,40.8,247.4,550,100.3
55,10,10,10,90,84,0.5000,309.3167,0.017584,54.1,0.1,239.4,30.4,357.8,560,100.3
56,10,10,10,90,79,0.6000,313.3167,0.022837,15.6,0.1,256.1,21.1,357.8,570,100.3
57,10,10,10,90,80,0.5667,317.6500,0.032141,26.6,0.1,260.8,40.9,364.2,580,100.3
58,10,10,10,90,83,0.6000,321.6500,0.019006,14.6,20.0,255.1,30.1,358.3,590,100.3
59,10,10,10,90,80,0.4667,326.9833,0.021864,17.3,0.1,234.2,20.3,279.0,600,100.3
60,10,10,10,90,81,0.3667,333.3167,0.020017,54.1,0.1,247.5,10.3,278.8,610,100.3
61,10,10,10,90,81,0.4500,338.8167,0.030959,15.7,0.1,215.8,14.5,339.3,620,100.3
62,10,10,10,90,83,0.3500,345.3167,0.030055,32.3,10.1,224.2,30.5,272.0,630,100.3
63,10,10,10,90,81,0.3667,351.6500,0.025567,40.6,10.0,243.9,10.6,268.9,640,100.3
64,10,10,10,90,79,0.3333,358.3167,0.021941,17.3,0.1,252.5,10.6,311.7,650,100.3
65,10,10,10,90,83,0.7000,361.3167,0.019696,10.6,0.1,219.1,20.6,274.7,660,100.3
66,10,10,10,90,80,0.3000,368.3167,0.019101,16.6,10.0,201.6,10.4,271.5,670,100.3
67,10,10,10,90,84,0.4500,373.8167,0.017021,19.0,0.1,193.0,30.5,332.0,680,100.3
68,10,10,10,90,81,0.6583,377.2333,0.017066,9.8,0.1,185.4,20.6,562.6,690,100.3
69,10,10,10,90,85,0.3500,383.7333,0.012677,13.1,30.0,190.0,30.5,249.1,700,100.3
70,10,10,10,90,80,0.2167,391.5667,0.013208,20.4,0.1,181.5,10.5,238.4,710,100.3
71,10,10,10,90,78,0.2667,398.9000,0.020480,54.0,0.1,210.6,30.5,258.4,720,100.3
72,10,10,10,90,82,0.3667,405.2333,0.017357,54.1,0.6,209.5,10.6,241.0,730,100.3
73,10,10,10,90,82,0.4917,410.3167,0.019602,20.0,0.1,237.8,32.2,243.2,740,100.3
74,10,10,10,90,84,0.4000,416.3167,0.016122,19.0,0.1,269.3,32.0,437.5,750,100.3
75,10,10,10,90,85,0.3000,423.3167,0.023192,16.4,0.5,273.4,30.3,279.7,760,100.3
75,10,10,10,90,85,0.3000,423.3167,0.028536,18.8,0.5,274.2,30.3,252.0,760,100.3
76,10,10,10,90,82,0.1583,431.7333,0.029618,54.3,10.1,272.5,20.4,564.8,770,100.3
77,10,10,10,90,82,0.3833,437.9000,0.029212,13.9,0.1,310.8,31.8,262.5,780,100.3
78,10,10,10,90,78,0.4833,443.0667,0.032314,17.3,0.1,308.8,31.6,234.5,790,100.3
79,10,10,10,90,80,0.4000,449.0667,0.039987,14.6,0.1,312.7,30.2,283.3,800,100.3
80,10,10,10,90,81,0.5333,453.7333,0.029407,25.8,0.1,312.8,1.6,240.6,810,100.3
81,10,10,10,90,81,0.3917,459.8167,0.032260,18.1,0.1,245.5,10.1,240.8,820,100.3
82,10,10,10,90,80,0.6833,462.9833,0.033643,11.6,0.1,232.3,10.2,233.1,830,100.3
83,10,10,10,90,78,0.7000,465.9833,0.028039,10.8,0.1,196.9,22.4,222.8,840,100.3
84,10,10,10,90,79,0.4250,471.7333,0.028430,28.7,0.1,194.8,1.4,236.5,850,100.3
85,10,10,10,90,82,0.3333,478.4000,0.024369,20.1,20.0,200.3,10.3,226.9,860,100.3
86,10,10,10,90,81,0.4667,483.7333,0.022707,29.0,10.7,163.9,10.3,270.8,870,100.3
87,10,10,10,90,82,0.3000,490.7333,0.034124,54.7,10.1,177.1,20.8,269.8,880,100.3
88,10,10,10,90,81,0.2667,498.0667,0.024748,22.5,0.1,205.9,10.9,255.3,890,100.3
89,10,10,10,90,82,0.3583,504.4833,0.022155,54.4,0.1,166.7,20.4,270.1,900,100.3
90,10,10,10,90,82,0.4500,509.9833,0.027047,19.1,0.1,250.0,11.5,260.7,910,100.3
91,10,10,10,90,83,0.5250,514.7333,0.024386,20.4,10.1,267.5,21.0,236.5,920,100.3
92,10,10,10,90,85,0.5000,519.7333,0.028619,32.0,0.1,285.9,20.2,243.4,930,100.3
93,10,10,10,90,86,0.4167,525.5667,0.032090,54.3,0.1,294.1,30.8,357.8,940,100.3
94,10,10,10,90,83,0.5333,530.2333,0.026881,15.6,0.1,331.5,10.9,236.5,950,100.3
95,10,10,10,90,83,0.3500,536.7333,0.022963,54.4,0.1,286.8,20.2,239.6,960,100.3
96,10,10,10,90,87,0.4667,542.0667,0.033980,15.3,0.1,313.4,31.0,234.9,970,100.3
97,10,10,10,90,83,0.4667,547.4000,0.027221,14.8,0.2,290.7,30.3,452.1,980,100.3
98,10,10,10,90,82,0.4167,553.2333,0.031299,54.4,0.1,276.2,10.7,418.8,990,100.3
99,10,10,10,90,81,0.5500,557.7333,0.027864,14.4,0.1,276.5,10.8,219.0,1000,100.3
100,10,10,10,90,83,0.5000,562.7333,0.021754,16.3,0.1,258.4,10.7,596.5,1010,100.3
101,10,10,10,90,83,0.5583,567.1500,0.018970,19.9,10.1,270.1,30.3,555.8,1020,100.3
102,10,10,10,90,86,0.4667,572.4833,0.020741,11.5,0.1,268.9,10.5,226.2,1030,100.3
103,10,10,10,90,86,0.5500,576.9833,0.015795,17.4,10.1,218.6,10.6,219.3,1040,100.3
104,10,10,10,90,84,0.4750,582.2333,0.015164,11.6,0.1,220.3,10.7,225.0,1050,100.3
105,5,5,5,90,83,0.9333,582.5667,0.015821,7.7,0.1,176.2,10.6,283.8,1055,100.3
