step,problem_id,n_icl,greedy_reward,cumulative_regret,accepted_into_mem,kl_loss_batch,batch_idx
0,1899_A,0,0.0000,6.0000,1,0.115568,0
1,abc383_e,0,0.0000,6.0000,1,0.115568,0
2,abc315_a,0,1.0000,6.0000,1,0.115568,0
3,3227,0,0.0000,6.0000,1,0.115568,0
4,arc190_c,0,0.0000,6.0000,1,0.115568,0
5,3210,0,1.0000,6.0000,1,0.115568,0
6,arc192_b,0,0.3333,6.0000,1,0.115568,0
7,3605,0,0.0000,6.0000,1,0.115568,0
8,abc398_g,0,0.6667,6.0000,1,0.115568,0
9,abc378_d,0,1.0000,6.0000,1,0.115568,0
10,abc344_a,3,1.0000,12.0000,1,0.090923,1
11,abc374_b,3,1.0000,12.0000,1,0.090923,1
12,3264,3,0.0000,12.0000,1,0.090923,1
13,abc397_d,3,0.0000,12.0000,1,0.090923,1
14,3414,3,0.5000,12.0000,1,0.090923,1
15,arc186_a,3,0.5000,12.0000,1,0.090923,1
16,arc189_b,3,0.0000,12.0000,1,0.090923,1
17,3151,3,0.0000,12.0000,1,0.090923,1
18,abc376_g,3,0.0000,12.0000,1,0.090923,1
19,abc363_a,3,1.0000,12.0000,1,0.090923,1
20,abc380_d,3,0.0000,15.6667,1,0.078502,2
21,abc384_a,3,1.0000,15.6667,1,0.078502,2
22,3384,3,1.0000,15.6667,1,0.078502,2
23,abc303_a,3,0.3333,15.6667,1,0.078502,2
24,abc396_a,3,1.0000,15.6667,1,0.078502,2
25,abc323_b,3,1.0000,15.6667,1,0.078502,2
26,3019,3,1.0000,15.6667,1,0.078502,2
27,abc326_a,3,0.6667,15.6667,1,0.078502,2
28,abc387_c,3,0.0000,15.6667,1,0.078502,2
29,arc188_c,3,0.3333,15.6667,1,0.078502,2
30,abc314_e,3,0.0000,22.3333,1,0.064500,3
31,2881,3,1.0000,22.3333,1,0.064500,3
32,abc391_g,3,0.0000,22.3333,1,0.064500,3
33,abc379_b,3,1.0000,22.3333,1,0.064500,3
34,abc376_b,3,0.0000,22.3333,1,0.064500,3
35,abc371_g,3,0.0000,22.3333,1,0.064500,3
36,abc375_c,3,0.0000,22.3333,1,0.064500,3
37,3044,3,0.0000,22.3333,1,0.064500,3
38,abc329_b,3,1.0000,22.3333,1,0.064500,3
39,abc398_d,3,0.3333,22.3333,1,0.064500,3
40,3510,3,0.6667,29.6667,1,0.060503,4
41,2779,3,1.0000,29.6667,1,0.060503,4
42,3375,3,0.0000,29.6667,1,0.060503,4
43,abc368_e,3,0.0000,29.6667,1,0.060503,4
44,arc193_d,3,0.0000,29.6667,1,0.060503,4
45,2827,3,1.0000,29.6667,1,0.060503,4
46,3785,3,0.0000,29.6667,1,0.060503,4
47,3532,3,0.0000,29.6667,1,0.060503,4
48,abc357_c,3,0.0000,29.6667,1,0.060503,4
49,abc394_e,3,0.0000,29.6667,1,0.060503,4
50,abc392_g,3,0.0000,35.8333,1,0.045428,5
51,3462,3,0.5000,35.8333,1,0.045428,5
52,abc361_b,3,0.6667,35.8333,1,0.045428,5
53,2856,3,0.0000,35.8333,1,0.045428,5
54,2777,3,0.5000,35.8333,1,0.045428,5
55,abc398_c,3,0.5000,35.8333,1,0.045428,5
56,abc377_g,3,0.0000,35.8333,1,0.045428,5
57,3625,3,1.0000,35.8333,1,0.045428,5
58,3382,3,0.6667,35.8333,1,0.045428,5
59,3402,3,0.0000,35.8333,1,0.045428,5
60,3764,3,1.0000,39.5833,1,0.052832,6
61,2784,3,0.0000,39.5833,1,0.052832,6
62,3221,3,1.0000,39.5833,1,0.052832,6
63,3533,3,1.0000,39.5833,1,0.052832,6
64,2816,3,1.0000,39.5833,1,0.052832,6
65,3324,3,0.0000,39.5833,1,0.052832,6
66,abc354_e,3,0.0000,39.5833,1,0.052832,6
67,abc374_e,3,0.2500,39.5833,1,0.052832,6
68,abc399_a,3,1.0000,39.5833,1,0.052832,6
69,3553,3,1.0000,39.5833,1,0.052832,6
70,3398,3,0.0000,43.7500,1,0.032604,7
71,abc376_c,3,0.3333,43.7500,1,0.032604,7
72,arc195_b,3,1.0000,43.7500,1,0.032604,7
73,3428,3,1.0000,43.7500,1,0.032604,7
74,abc308_c,3,1.0000,43.7500,1,0.032604,7
75,abc337_a,3,1.0000,43.7500,1,0.032604,7
76,abc323_e,3,0.0000,43.7500,1,0.032604,7
77,3493,3,0.5000,43.7500,1,0.032604,7
78,2825,3,1.0000,43.7500,1,0.032604,7
79,2811,3,0.0000,43.7500,1,0.032604,7
80,3636,3,1.0000,49.5833,1,0.032394,8
81,abc332_a,3,1.0000,49.5833,1,0.032394,8
82,abc355_d,3,0.6667,49.5833,1,0.032394,8
83,3485,3,0.0000,49.5833,1,0.032394,8
84,abc381_e,3,0.0000,49.5833,1,0.032394,8
85,abc381_c,3,0.0000,49.5833,1,0.032394,8
86,abc368_d,3,0.0000,49.5833,1,0.032394,8
87,3737,3,0.5000,49.5833,1,0.032394,8
88,abc350_d,3,0.0000,49.5833,1,0.032394,8
89,3225,3,1.0000,49.5833,1,0.032394,8
90,3733,3,0.2500,54.0000,1,0.040872,9
91,3438,3,0.5000,54.0000,1,0.040872,9
92,abc399_f,3,1.0000,54.0000,1,0.040872,9
93,abc302_e,3,0.5000,54.0000,1,0.040872,9
94,abc390_a,3,1.0000,54.0000,1,0.040872,9
95,abc362_c,3,0.3333,54.0000,1,0.040872,9
96,2921,3,0.0000,54.0000,1,0.040872,9
97,2917,3,1.0000,54.0000,1,0.040872,9
98,abc378_e,3,0.0000,54.0000,1,0.040872,9
99,2867,3,1.0000,54.0000,1,0.040872,9
100,3541,3,1.0000,57.6667,1,0.039425,10
101,abc356_b,3,1.0000,57.6667,1,0.039425,10
102,abc323_d,3,0.3333,57.6667,1,0.039425,10
103,abc392_b,3,1.0000,57.6667,1,0.039425,10
104,abc334_d,3,0.0000,57.6667,1,0.039425,10
105,abc329_d,3,1.0000,57.6667,1,0.039425,10
106,abc399_d,3,0.0000,57.6667,1,0.039425,10
107,abc349_d,3,0.0000,57.6667,1,0.039425,10
108,abc338_a,3,1.0000,57.6667,1,0.039425,10
109,3626,3,1.0000,57.6667,1,0.039425,10
110,abc305_b,3,0.0000,62.6667,1,0.043261,11
111,abc380_a,3,1.0000,62.6667,1,0.043261,11
112,3242,3,1.0000,62.6667,1,0.043261,11
113,arc191_d,3,0.3333,62.6667,1,0.043261,11
114,abc375_a,3,1.0000,62.6667,1,0.043261,11
115,abc333_e,3,0.3333,62.6667,1,0.043261,11
116,3548,3,0.3333,62.6667,1,0.043261,11
117,arc183_d,3,0.0000,62.6667,1,0.043261,11
118,abc336_a,3,1.0000,62.6667,1,0.043261,11
119,3387,3,0.0000,62.6667,1,0.043261,11
120,abc301_d,3,1.0000,66.9167,1,0.039281,12
121,3747,3,1.0000,66.9167,1,0.039281,12
122,3683,3,0.0000,66.9167,1,0.039281,12
123,3269,3,1.0000,66.9167,1,0.039281,12
124,3411,3,0.5000,66.9167,1,0.039281,12
125,3786,3,0.0000,66.9167,1,0.039281,12
126,abc313_b,3,0.6667,66.9167,1,0.039281,12
127,3508,3,0.3333,66.9167,1,0.039281,12
128,abc347_e,3,1.0000,66.9167,1,0.039281,12
129,3580,3,0.2500,66.9167,1,0.039281,12
130,arc186_b,3,0.0000,72.2500,1,0.048221,13
131,3777,3,0.0000,72.2500,1,0.048221,13
132,3397,3,1.0000,72.2500,1,0.048221,13
133,abc356_e,3,1.0000,72.2500,1,0.048221,13
134,arc195_e,3,0.0000,72.2500,1,0.048221,13
135,abc375_g,3,1.0000,72.2500,1,0.048221,13
136,abc372_f,3,0.3333,72.2500,1,0.048221,13
137,abc367_d,3,0.3333,72.2500,1,0.048221,13
138,abc388_g,3,0.0000,72.2500,1,0.048221,13
139,3231,3,1.0000,72.2500,1,0.048221,13
140,abc389_d,3,0.0000,78.0000,1,0.039299,14
141,3207,3,1.0000,78.0000,1,0.039299,14
142,abc367_f,3,1.0000,78.0000,1,0.039299,14
143,abc339_a,3,0.0000,78.0000,1,0.039299,14
144,abc312_c,3,0.0000,78.0000,1,0.039299,14
145,3024,3,0.0000,78.0000,1,0.039299,14
146,abc320_d,3,0.6667,78.0000,1,0.039299,14
147,abc364_e,3,0.2500,78.0000,1,0.039299,14
148,abc366_d,3,1.0000,78.0000,1,0.039299,14
149,abc329_e,3,0.3333,78.0000,1,0.039299,14
150,abc384_e,3,0.3333,84.0000,1,0.039524,15
151,abc373_g,3,0.0000,84.0000,1,0.039524,15
152,3228,3,1.0000,84.0000,1,0.039524,15
153,abc304_d,3,0.0000,84.0000,1,0.039524,15
154,3613,3,0.0000,84.0000,1,0.039524,15
155,3381,3,0.6667,84.0000,1,0.039524,15
156,3686,3,0.5000,84.0000,1,0.039524,15
157,3328,3,0.5000,84.0000,1,0.039524,15
158,abc322_b,3,1.0000,84.0000,1,0.039524,15
159,3468,3,0.0000,84.0000,1,0.039524,15
160,3658,3,0.3333,88.1667,1,0.049272,16
161,2855,3,1.0000,88.1667,1,0.049272,16
162,2817,3,0.5000,88.1667,1,0.049272,16
163,3496,3,0.0000,88.1667,1,0.049272,16
164,3784,3,0.5000,88.1667,1,0.049272,16
165,arc188_d,3,0.5000,88.1667,1,0.049272,16
166,3654,3,0.0000,88.1667,1,0.049272,16
167,3163,3,1.0000,88.1667,1,0.049272,16
168,abc347_b,3,1.0000,88.1667,1,0.049272,16
169,abc330_b,3,1.0000,88.1667,1,0.049272,16
170,3696,3,1.0000,93.6667,1,0.050334,17
171,3487,3,0.5000,93.6667,1,0.050334,17
172,3000,3,1.0000,93.6667,1,0.050334,17
173,abc385_d,3,0.0000,93.6667,1,0.050334,17
174,abc354_c,3,0.0000,93.6667,1,0.050334,17
175,3723,3,0.0000,93.6667,1,0.050334,17
176,3591,3,0.0000,93.6667,1,0.050334,17
177,3226,3,1.0000,93.6667,1,0.050334,17
178,abc343_b,3,1.0000,93.6667,1,0.050334,17
179,abc322_e,3,0.0000,93.6667,1,0.050334,17
180,3603,3,0.0000,100.5833,1,0.055038,18
181,abc362_d,3,0.0000,100.5833,1,0.055038,18
182,arc195_c,3,0.0000,100.5833,1,0.055038,18
183,2870,3,1.0000,100.5833,1,0.055038,18
184,abc386_d,3,0.7500,100.5833,1,0.055038,18
185,abc355_a,3,0.3333,100.5833,1,0.055038,18
186,1883_C,3,0.0000,100.5833,1,0.055038,18
187,3634,3,1.0000,100.5833,1,0.055038,18
188,abc301_f,3,0.0000,100.5833,1,0.055038,18
189,abc369_c,3,0.0000,100.5833,1,0.055038,18
190,3466,3,0.0000,106.8333,1,0.047074,19
191,3174,3,0.3333,106.8333,1,0.047074,19
192,3292,3,0.0000,106.8333,1,0.047074,19
193,abc310_d,3,0.2500,106.8333,1,0.047074,19
194,3423,3,1.0000,106.8333,1,0.047074,19
195,abc355_c,3,1.0000,106.8333,1,0.047074,19
196,3081,3,0.6667,106.8333,1,0.047074,19
197,3317,3,0.0000,106.8333,1,0.047074,19
198,3770,3,0.0000,106.8333,1,0.047074,19
199,3511,3,0.5000,106.8333,1,0.047074,19
200,abc395_c,3,0.3333,114.3333,1,0.046314,20
201,abc343_c,3,1.0000,114.3333,1,0.046314,20
202,abc351_f,3,0.0000,114.3333,1,0.046314,20
203,abc369_b,3,0.0000,114.3333,1,0.046314,20
204,3743,3,0.3333,114.3333,1,0.046314,20
205,abc324_c,3,0.0000,114.3333,1,0.046314,20
206,abc333_d,3,0.3333,114.3333,1,0.046314,20
207,3362,3,0.0000,114.3333,1,0.046314,20
208,3639,3,0.5000,114.3333,1,0.046314,20
209,2884,3,0.0000,114.3333,1,0.046314,20
210,abc352_c,3,0.0000,121.1667,1,0.067645,21
211,abc350_e,3,0.0000,121.1667,1,0.067645,21
212,arc191_c,3,0.0000,121.1667,1,0.067645,21
213,abc318_c,3,0.3333,121.1667,1,0.067645,21
214,3720,3,0.5000,121.1667,1,0.067645,21
215,abc320_c,3,0.3333,121.1667,1,0.067645,21
216,3394,3,0.5000,121.1667,1,0.067645,21
217,arc196_d,3,0.0000,121.1667,1,0.067645,21
218,3361,3,0.5000,121.1667,1,0.067645,21
219,3034,3,1.0000,121.1667,1,0.067645,21
220,abc344_d,3,0.0000,128.1667,1,0.052681,22
221,3621,3,0.3333,128.1667,1,0.052681,22
222,3372,3,0.6667,128.1667,1,0.052681,22
223,abc338_f,3,0.0000,128.1667,1,0.052681,22
224,arc189_c,3,0.0000,128.1667,1,0.052681,22
225,abc308_e,3,0.3333,128.1667,1,0.052681,22
226,3313,3,0.3333,128.1667,1,0.052681,22
227,abc400_g,3,0.0000,128.1667,1,0.052681,22
228,abc358_c,3,0.3333,128.1667,1,0.052681,22
229,2792,3,1.0000,128.1667,1,0.052681,22
230,3492,3,0.0000,133.8333,1,0.047859,23
231,abc374_c,3,0.3333,133.8333,1,0.047859,23
232,abc344_e,3,0.0000,133.8333,1,0.047859,23
233,abc380_e,3,1.0000,133.8333,1,0.047859,23
234,abc348_b,3,1.0000,133.8333,1,0.047859,23
235,3525,3,0.0000,133.8333,1,0.047859,23
236,abc365_a,3,1.0000,133.8333,1,0.047859,23
237,abc304_e,3,0.0000,133.8333,1,0.047859,23
238,3552,3,1.0000,133.8333,1,0.047859,23
239,3171,3,0.0000,133.8333,1,0.047859,23
240,arc185_b,3,0.0000,140.8333,1,0.033630,24
241,abc302_c,3,0.0000,140.8333,1,0.033630,24
242,abc368_c,3,0.0000,140.8333,1,0.033630,24
243,3555,3,1.0000,140.8333,1,0.033630,24
244,abc303_e,3,0.0000,140.8333,1,0.033630,24
245,3236,3,1.0000,140.8333,1,0.033630,24
246,3560,3,0.0000,140.8333,1,0.033630,24
247,abc372_e,3,0.0000,140.8333,1,0.033630,24
248,abc311_d,3,0.0000,140.8333,1,0.033630,24
249,abc373_a,3,1.0000,140.8333,1,0.033630,24
250,3685,3,1.0000,143.5833,1,0.041783,25
251,abc359_e,3,0.0000,143.5833,1,0.041783,25
252,abc321_d,3,1.0000,143.5833,1,0.041783,25
253,abc341_b,3,0.0000,143.5833,1,0.041783,25
254,3464,3,0.2500,143.5833,1,0.041783,25
255,abc398_b,3,1.0000,143.5833,1,0.041783,25
256,3320,3,1.0000,143.5833,1,0.041783,25
257,abc306_e,3,1.0000,143.5833,1,0.041783,25
258,abc351_a,3,1.0000,143.5833,1,0.041783,25
259,3753,3,1.0000,143.5833,1,0.041783,25
260,3446,3,1.0000,148.7500,1,0.035543,26
261,1899_B,3,0.0000,148.7500,1,0.035543,26
262,3279,3,0.5000,148.7500,1,0.035543,26
263,abc314_b,3,1.0000,148.7500,1,0.035543,26
264,abc370_f,3,0.0000,148.7500,1,0.035543,26
265,3788,3,1.0000,148.7500,1,0.035543,26
266,abc359_b,3,0.3333,148.7500,1,0.035543,26
267,3297,3,1.0000,148.7500,1,0.035543,26
268,3676,3,0.0000,148.7500,1,0.035543,26
269,3763,3,0.0000,148.7500,1,0.035543,26
270,abc366_a,3,1.0000,155.4167,1,0.034284,27
271,abc366_e,3,0.3333,155.4167,1,0.034284,27
272,abc392_c,3,0.0000,155.4167,1,0.034284,27
273,2833,3,0.0000,155.4167,1,0.034284,27
274,3351,3,1.0000,155.4167,1,0.034284,27
275,3649,3,0.5000,155.4167,1,0.034284,27
276,abc301_c,3,0.5000,155.4167,1,0.034284,27
277,abc344_b,3,0.0000,155.4167,1,0.034284,27
278,abc399_c,3,0.0000,155.4167,1,0.034284,27
279,abc380_f,3,0.0000,155.4167,1,0.034284,27
280,abc367_c,3,1.0000,160.4167,1,0.026390,28
281,3629,3,0.0000,160.4167,1,0.026390,28
282,abc322_a,3,1.0000,160.4167,1,0.026390,28
283,2979,3,0.0000,160.4167,1,0.026390,28
284,3331,3,1.0000,160.4167,1,0.026390,28
285,abc397_a,3,1.0000,160.4167,1,0.026390,28
286,arc193_a,3,0.0000,160.4167,1,0.026390,28
287,abc361_a,3,1.0000,160.4167,1,0.026390,28
288,abc328_e,3,0.0000,160.4167,1,0.026390,28
289,3518,3,0.0000,160.4167,1,0.026390,28
290,3306,3,1.0000,165.7500,1,0.030435,29
291,2882,3,1.0000,165.7500,1,0.030435,29
292,abc374_g,3,0.0000,165.7500,1,0.030435,29
293,3617,3,0.0000,165.7500,1,0.030435,29
294,abc358_d,3,0.6667,165.7500,1,0.030435,29
295,abc371_a,3,1.0000,165.7500,1,0.030435,29
296,abc343_a,3,0.0000,165.7500,1,0.030435,29
297,abc376_d,3,0.0000,165.7500,1,0.030435,29
298,2786,3,0.0000,165.7500,1,0.030435,29
299,2828,3,1.0000,165.7500,1,0.030435,29
300,3456,3,0.0000,171.9167,1,0.029590,30
301,3299,3,0.5000,171.9167,1,0.029590,30
302,2810,3,0.5000,171.9167,1,0.029590,30
303,3527,3,0.0000,171.9167,1,0.029590,30
304,3476,3,1.0000,171.9167,1,0.029590,30
305,3495,3,0.5000,171.9167,1,0.029590,30
306,abc339_c,3,0.3333,171.9167,1,0.029590,30
307,3194,3,1.0000,171.9167,1,0.029590,30
308,abc363_f,3,0.0000,171.9167,1,0.029590,30
309,abc394_f,3,0.0000,171.9167,1,0.029590,30
310,abc366_c,3,1.0000,178.5833,1,0.027916,31
311,abc351_d,3,0.0000,178.5833,1,0.027916,31
312,3416,3,0.5000,178.5833,1,0.027916,31
313,abc308_f,3,0.5000,178.5833,1,0.027916,31
314,3638,3,0.3333,178.5833,1,0.027916,31
315,abc400_a,3,1.0000,178.5833,1,0.027916,31
316,abc361_d,3,0.0000,178.5833,1,0.027916,31
317,3455,3,0.0000,178.5833,1,0.027916,31
318,3475,3,0.0000,178.5833,1,0.027916,31
319,abc391_e,3,0.0000,178.5833,1,0.027916,31
320,abc309_d,3,0.0000,185.5000,1,0.035974,32
321,3612,3,0.5000,185.5000,1,0.035974,32
322,abc383_b,3,0.0000,185.5000,1,0.035974,32
323,3515,3,0.6667,185.5000,1,0.035974,32
324,abc329_c,3,0.3333,185.5000,1,0.035974,32
325,3655,3,0.3333,185.5000,1,0.035974,32
326,3600,3,0.0000,185.5000,1,0.035974,32
327,abc358_a,3,1.0000,185.5000,1,0.035974,32
328,3793,3,0.2500,185.5000,1,0.035974,32
329,3422,3,0.0000,185.5000,1,0.035974,32
330,3817,3,1.0000,188.5000,1,0.025832,33
331,arc184_e,3,0.0000,188.5000,1,0.025832,33
332,abc310_b,3,0.0000,188.5000,1,0.025832,33
333,2977,3,1.0000,188.5000,1,0.025832,33
334,3412,3,1.0000,188.5000,1,0.025832,33
335,3267,3,1.0000,188.5000,1,0.025832,33
336,3562,3,0.0000,188.5000,1,0.025832,33
337,2756,3,1.0000,188.5000,1,0.025832,33
338,abc389_a,3,1.0000,188.5000,1,0.025832,33
339,abc307_b,3,1.0000,188.5000,1,0.025832,33
340,abc340_c,3,0.3333,192.1667,1,0.024132,34
341,abc332_b,3,1.0000,192.1667,1,0.024132,34
342,abc312_a,3,1.0000,192.1667,1,0.024132,34
343,abc350_b,3,0.0000,192.1667,1,0.024132,34
344,abc325_d,3,0.6667,192.1667,1,0.024132,34
345,abc320_a,3,1.0000,192.1667,1,0.024132,34
346,abc319_b,3,1.0000,192.1667,1,0.024132,34
347,arc193_b,3,0.0000,192.1667,1,0.024132,34
348,abc365_b,3,1.0000,192.1667,1,0.024132,34
349,arc182_c,3,0.3333,192.1667,1,0.024132,34
350,3308,3,0.0000,198.0000,1,0.020597,35
351,arc192_a,3,0.6667,198.0000,1,0.020597,35
352,arc186_e,3,0.0000,198.0000,1,0.020597,35
353,3403,3,0.0000,198.0000,1,0.020597,35
354,3702,3,0.0000,198.0000,1,0.020597,35
355,2728,3,1.0000,198.0000,1,0.020597,35
356,abc349_e,3,0.0000,198.0000,1,0.020597,35
357,abc324_a,3,1.0000,198.0000,1,0.020597,35
358,abc302_d,3,0.5000,198.0000,1,0.020597,35
359,3420,3,1.0000,198.0000,1,0.020597,35
360,3482,3,0.0000,202.6667,1,0.019558,36
361,2819,3,1.0000,202.6667,1,0.019558,36
362,abc353_b,3,1.0000,202.6667,1,0.019558,36
363,abc397_g,3,0.6667,202.6667,1,0.019558,36
364,abc319_d,3,0.3333,202.6667,1,0.019558,36
365,3607,3,0.3333,202.6667,1,0.019558,36
366,abc367_g,3,1.0000,202.6667,1,0.019558,36
367,3701,3,0.3333,202.6667,1,0.019558,36
368,3627,3,0.3333,202.6667,1,0.019558,36
369,3345,3,0.3333,202.6667,1,0.019558,36
370,abc336_b,3,0.3333,209.4167,1,0.019404,37
371,2920,3,1.0000,209.4167,1,0.019404,37
372,abc334_e,3,0.0000,209.4167,1,0.019404,37
373,abc360_e,3,0.0000,209.4167,1,0.019404,37
374,abc360_b,3,0.3333,209.4167,1,0.019404,37
375,abc388_b,3,1.0000,209.4167,1,0.019404,37
376,abc370_b,3,0.0000,209.4167,1,0.019404,37
377,2839,3,0.3333,209.4167,1,0.019404,37
378,abc399_b,3,0.2500,209.4167,1,0.019404,37
379,3751,3,0.0000,209.4167,1,0.019404,37
380,3363,3,0.0000,214.4500,1,0.022881,38
381,3211,3,0.3333,214.4500,1,0.022881,38
382,3360,3,0.6667,214.4500,1,0.022881,38
383,3395,3,1.0000,214.4500,1,0.022881,38
384,abc337_b,3,0.5000,214.4500,1,0.022881,38
385,abc361_f,3,0.0000,214.4500,1,0.022881,38
386,abc386_a,3,0.8000,214.4500,1,0.022881,38
387,3212,3,1.0000,214.4500,1,0.022881,38
388,3534,3,0.3333,214.4500,1,0.022881,38
389,abc327_e,3,0.3333,214.4500,1,0.022881,38
390,abc382_b,3,1.0000,220.1167,1,0.018720,39
391,abc315_c,3,0.0000,220.1167,1,0.018720,39
392,abc342_c,3,0.6667,220.1167,1,0.018720,39
393,abc392_a,3,1.0000,220.1167,1,0.018720,39
394,3832,3,0.0000,220.1167,1,0.018720,39
395,3190,3,0.3333,220.1167,1,0.018720,39
396,abc366_f,3,0.0000,220.1167,1,0.018720,39
397,3199,3,1.0000,220.1167,1,0.018720,39
398,arc185_c,3,0.3333,220.1167,1,0.018720,39
399,abc377_c,3,0.0000,220.1167,1,0.018720,39
400,abc340_b,3,1.0000,227.1167,1,0.026944,40
401,arc196_c,3,0.3333,227.1167,1,0.026944,40
402,abc369_e,3,0.0000,227.1167,1,0.026944,40
403,3583,3,0.0000,227.1167,1,0.026944,40
404,abc371_f,3,0.0000,227.1167,1,0.026944,40
405,abc314_a,3,1.0000,227.1167,1,0.026944,40
406,abc337_e,3,0.0000,227.1167,1,0.026944,40
407,abc326_c,3,0.3333,227.1167,1,0.026944,40
408,abc387_b,3,0.3333,227.1167,1,0.026944,40
409,abc341_c,3,0.0000,227.1167,1,0.026944,40
410,3244,3,1.0000,232.2833,1,0.028103,41
411,abc324_f,3,0.0000,232.2833,1,0.028103,41
412,abc321_c,3,0.0000,232.2833,1,0.028103,41
413,3566,3,0.0000,232.2833,1,0.028103,41
414,3543,3,1.0000,232.2833,1,0.028103,41
415,abc349_b,3,0.3333,232.2833,1,0.028103,41
416,abc375_e,3,0.5000,232.2833,1,0.028103,41
417,2887,3,1.0000,232.2833,1,0.028103,41
418,abc370_a,3,1.0000,232.2833,1,0.028103,41
419,3575,3,0.0000,232.2833,1,0.028103,41
420,3680,3,0.0000,236.7000,1,0.024853,42
421,abc378_b,3,0.0000,236.7000,1,0.024853,42
422,3644,3,1.0000,236.7000,1,0.024853,42
423,abc309_e,3,0.0000,236.7000,1,0.024853,42
424,abc315_b,3,1.0000,236.7000,1,0.024853,42
425,abc353_c,3,1.0000,236.7000,1,0.024853,42
426,abc346_c,3,1.0000,236.7000,1,0.024853,42
427,3018,3,1.0000,236.7000,1,0.024853,42
428,abc390_c,3,0.3333,236.7000,1,0.024853,42
429,abc395_e,3,0.2500,236.7000,1,0.024853,42
430,abc343_d,3,0.0000,244.7833,1,0.024162,43
431,3739,3,0.0000,244.7833,1,0.024162,43
432,abc360_c,3,0.0000,244.7833,1,0.024162,43
433,3657,3,0.3333,244.7833,1,0.024162,43
434,abc374_d,3,0.0000,244.7833,1,0.024162,43
435,3722,3,0.0000,244.7833,1,0.024162,43
436,3568,3,1.0000,244.7833,1,0.024162,43
437,3799,3,0.2500,244.7833,1,0.024162,43
438,3184,3,0.3333,244.7833,1,0.024162,43
439,abc365_e,3,0.0000,244.7833,1,0.024162,43
440,arc185_e,3,0.0000,247.7833,1,0.026666,44
441,abc395_b,3,1.0000,247.7833,1,0.026666,44
442,abc335_a,3,1.0000,247.7833,1,0.026666,44
443,3759,3,1.0000,247.7833,1,0.026666,44
444,abc393_f,3,1.0000,247.7833,1,0.026666,44
445,abc323_a,3,1.0000,247.7833,1,0.026666,44
446,abc396_g,3,0.0000,247.7833,1,0.026666,44
447,abc305_a,3,1.0000,247.7833,1,0.026666,44
448,abc364_c,3,0.0000,247.7833,1,0.026666,44
449,2832,3,1.0000,247.7833,1,0.026666,44
450,abc342_d,3,0.0000,253.4500,1,0.024919,45
451,abc351_c,3,0.5000,253.4500,1,0.024919,45
452,3535,3,0.0000,253.4500,1,0.024919,45
453,3681,3,0.3333,253.4500,1,0.024919,45
454,3188,3,1.0000,253.4500,1,0.024919,45
455,2800,3,1.0000,253.4500,1,0.024919,45
456,2754,3,1.0000,253.4500,1,0.024919,45
457,abc371_e,3,0.0000,253.4500,1,0.024919,45
458,3047,3,0.5000,253.4500,1,0.024919,45
459,3550,3,0.0000,253.4500,1,0.024919,45
460,3154,3,1.0000,258.7833,1,0.017320,46
461,abc395_a,3,1.0000,258.7833,1,0.017320,46
462,abc332_c,3,0.3333,258.7833,1,0.017320,46
463,3172,3,0.0000,258.7833,1,0.017320,46
464,abc341_a,3,1.0000,258.7833,1,0.017320,46
465,abc348_d,3,0.6667,258.7833,1,0.017320,46
466,2850,3,0.0000,258.7833,1,0.017320,46
467,3265,3,0.0000,258.7833,1,0.017320,46
468,abc327_b,3,0.6667,258.7833,1,0.017320,46
469,abc328_d,3,0.0000,258.7833,1,0.017320,46
470,3637,3,0.0000,263.9833,1,0.018886,47
471,abc314_f,3,0.0000,263.9833,1,0.018886,47
472,3223,3,0.0000,263.9833,1,0.018886,47
473,2845,3,1.0000,263.9833,1,0.018886,47
474,abc331_a,3,1.0000,263.9833,1,0.018886,47
475,2998,3,0.0000,263.9833,1,0.018886,47
476,abc339_b,3,1.0000,263.9833,1,0.018886,47
477,3687,3,0.0000,263.9833,1,0.018886,47
478,3353,3,1.0000,263.9833,1,0.018886,47
479,abc345_b,3,0.8000,263.9833,1,0.018886,47
480,3490,3,0.0000,270.6500,1,0.023297,48
481,abc314_d,3,0.0000,270.6500,1,0.023297,48
482,abc368_a,3,1.0000,270.6500,1,0.023297,48
483,abc332_d,3,0.0000,270.6500,1,0.023297,48
484,3316,3,0.3333,270.6500,1,0.023297,48
485,abc307_e,3,0.0000,270.6500,1,0.023297,48
486,arc195_a,3,0.6667,270.6500,1,0.023297,48
487,3246,3,1.0000,270.6500,1,0.023297,48
488,abc330_d,3,0.3333,270.6500,1,0.023297,48
489,abc325_f,3,0.0000,270.6500,1,0.023297,48
490,arc196_a,3,0.0000,276.3167,1,0.019376,49
491,abc344_c,3,0.0000,276.3167,1,0.019376,49
492,abc306_d,3,0.3333,276.3167,1,0.019376,49
493,3094,3,1.0000,276.3167,1,0.019376,49
494,abc394_g,3,0.0000,276.3167,1,0.019376,49
495,3234,3,0.0000,276.3167,1,0.019376,49
496,3647,3,0.3333,276.3167,1,0.019376,49
497,abc350_a,3,0.6667,276.3167,1,0.019376,49
498,abc320_b,3,1.0000,276.3167,1,0.019376,49
499,abc304_a,3,1.0000,276.3167,1,0.019376,49
500,3233,3,0.3333,283.9000,1,0.021283,50
501,abc370_c,3,0.0000,283.9000,1,0.021283,50
502,3454,3,0.0000,283.9000,1,0.021283,50
503,3017,3,0.6667,283.9000,1,0.021283,50
504,arc185_d,3,0.0000,283.9000,1,0.021283,50
505,abc340_e,3,0.6667,283.9000,1,0.021283,50
506,arc184_c,3,0.0000,283.9000,1,0.021283,50
507,abc359_d,3,0.2500,283.9000,1,0.021283,50
508,abc376_e,3,0.0000,283.9000,1,0.021283,50
509,3437,3,0.5000,283.9000,1,0.021283,50
510,abc382_c,3,0.6667,289.2333,1,0.029500,51
511,3616,3,0.5000,289.2333,1,0.029500,51
512,abc382_g,3,0.0000,289.2333,1,0.029500,51
513,abc324_d,3,0.3333,289.2333,1,0.029500,51
514,abc379_c,3,0.5000,289.2333,1,0.029500,51
515,abc330_c,3,1.0000,289.2333,1,0.029500,51
516,abc348_a,3,1.0000,289.2333,1,0.029500,51
517,abc327_a,3,0.6667,289.2333,1,0.029500,51
518,abc379_f,3,0.0000,289.2333,1,0.029500,51
519,3779,3,0.0000,289.2333,1,0.029500,51
520,arc182_e,3,1.0000,293.6500,1,0.026826,52
521,abc384_f,3,1.0000,293.6500,1,0.026826,52
522,arc190_a,3,0.0000,293.6500,1,0.026826,52
523,abc394_c,3,1.0000,293.6500,1,0.026826,52
524,abc338_d,3,0.3333,293.6500,1,0.026826,52
525,abc302_f,3,0.2500,293.6500,1,0.026826,52
526,1873_B,3,1.0000,293.6500,1,0.026826,52
527,abc360_a,3,1.0000,293.6500,1,0.026826,52
528,abc389_b,3,0.0000,293.6500,1,0.026826,52
529,abc314_c,3,0.0000,293.6500,1,0.026826,52
530,arc188_a,3,0.3333,298.9833,1,0.022565,53
531,abc389_g,3,0.0000,298.9833,1,0.022565,53
532,3522,3,1.0000,298.9833,1,0.022565,53
533,abc358_b,3,0.0000,298.9833,1,0.022565,53
534,abc353_d,3,1.0000,298.9833,1,0.022565,53
535,arc181_c,3,0.0000,298.9833,1,0.022565,53
536,abc334_c,3,0.3333,298.9833,1,0.022565,53
537,abc353_a,3,1.0000,298.9833,1,0.022565,53
538,arc189_a,3,0.0000,298.9833,1,0.022565,53
539,3463,3,1.0000,298.9833,1,0.022565,53
540,abc371_d,3,1.0000,304.3167,1,0.021212,54
541,3778,3,1.0000,304.3167,1,0.021212,54
542,arc181_a,3,0.0000,304.3167,1,0.021212,54
543,abc368_b,3,1.0000,304.3167,1,0.021212,54
544,2812,3,1.0000,304.3167,1,0.021212,54
545,abc331_c,3,0.0000,304.3167,1,0.021212,54
546,abc346_e,3,0.6667,304.3167,1,0.021212,54
547,abc391_b,3,0.0000,304.3167,1,0.021212,54
548,abc335_d,3,0.0000,304.3167,1,0.021212,54
549,3773,3,0.0000,304.3167,1,0.021212,54
550,3674,3,0.0000,309.3167,1,0.017584,55
551,abc388_d,3,0.0000,309.3167,1,0.017584,55
552,abc330_e,3,1.0000,309.3167,1,0.017584,55
553,arc187_b,3,0.0000,309.3167,1,0.017584,55
554,abc302_b,3,0.0000,309.3167,1,0.017584,55
555,2802,3,1.0000,309.3167,1,0.017584,55
556,3765,3,0.0000,309.3167,1,0.017584,55
557,3708,3,1.0000,309.3167,1,0.017584,55
558,abc326_b,3,1.0000,309.3167,1,0.017584,55
559,abc335_c,3,1.0000,309.3167,1,0.017584,55
560,3344,3,1.0000,313.3167,1,0.022837,56
561,abc303_c,3,1.0000,313.3167,1,0.022837,56
562,abc308_a,3,1.0000,313.3167,1,0.022837,56
563,3354,3,0.0000,313.3167,1,0.022837,56
564,2834,3,1.0000,313.3167,1,0.022837,56
565,abc342_b,3,1.0000,313.3167,1,0.022837,56
566,3114,3,0.0000,313.3167,1,0.022837,56
567,abc390_b,3,1.0000,313.3167,1,0.022837,56
568,3688,3,0.0000,313.3167,1,0.022837,56
569,abc380_c,3,0.0000,313.3167,1,0.022837,56
570,abc349_c,3,0.3333,317.6500,1,0.032141,57
571,abc331_d,3,0.0000,317.6500,1,0.032141,57
572,3312,3,1.0000,317.6500,1,0.032141,57
573,2808,3,1.0000,317.6500,1,0.032141,57
574,abc349_a,3,0.3333,317.6500,1,0.032141,57
575,3309,3,1.0000,317.6500,1,0.032141,57
576,arc194_c,3,0.3333,317.6500,1,0.032141,57
577,abc375_f,3,1.0000,317.6500,1,0.032141,57
578,3579,3,0.0000,317.6500,1,0.032141,57
579,abc385_e,3,0.6667,317.6500,1,0.032141,57
580,3471,3,1.0000,321.6500,1,0.019006,58
581,abc380_b,3,1.0000,321.6500,1,0.019006,58
582,3091,3,0.3333,321.6500,1,0.019006,58
583,3682,3,1.0000,321.6500,1,0.019006,58
584,3588,3,0.0000,321.6500,1,0.019006,58
585,abc337_c,3,0.3333,321.6500,1,0.019006,58
586,3606,3,1.0000,321.6500,1,0.019006,58
587,arc194_b,3,0.0000,321.6500,1,0.019006,58
588,abc326_e,3,0.3333,321.6500,1,0.019006,58
589,2844,3,1.0000,321.6500,1,0.019006,58
590,3195,3,0.3333,326.9833,1,0.021864,59
591,3801,3,0.0000,326.9833,1,0.021864,59
592,3229,3,1.0000,326.9833,1,0.021864,59
593,3748,3,0.3333,326.9833,1,0.021864,59
594,abc390_d,3,0.3333,326.9833,1,0.021864,59
595,2831,3,1.0000,326.9833,1,0.021864,59
596,abc364_a,3,0.6667,326.9833,1,0.021864,59
597,3230,3,1.0000,326.9833,1,0.021864,59
598,abc396_c,3,0.0000,326.9833,1,0.021864,59
599,3587,3,0.0000,326.9833,1,0.021864,59
600,3684,3,0.3333,333.3167,1,0.020017,60
601,abc393_b,3,0.3333,333.3167,1,0.020017,60
602,abc352_e,3,0.0000,333.3167,1,0.020017,60
603,3426,3,1.0000,333.3167,1,0.020017,60
604,abc355_e,3,0.0000,333.3167,1,0.020017,60
605,3651,3,0.0000,333.3167,1,0.020017,60
606,abc315_e,3,0.0000,333.3167,1,0.020017,60
607,3200,3,0.0000,333.3167,1,0.020017,60
608,abc331_e,3,1.0000,333.3167,1,0.020017,60
609,3659,3,1.0000,333.3167,1,0.020017,60
610,2848,3,1.0000,338.8167,1,0.030959,61
611,abc320_e,3,0.0000,338.8167,1,0.030959,61
612,3584,3,0.0000,338.8167,1,0.030959,61
613,3031,3,0.0000,338.8167,1,0.030959,61
614,2866,3,1.0000,338.8167,1,0.030959,61
615,abc388_f,3,0.3333,338.8167,1,0.030959,61
616,3622,3,0.0000,338.8167,1,0.030959,61
617,abc357_a,3,0.6667,338.8167,1,0.030959,61
618,abc368_f,3,0.5000,338.8167,1,0.030959,61
619,abc304_b,3,1.0000,338.8167,1,0.030959,61
620,abc334_a,3,1.0000,345.3167,1,0.030055,62
621,abc305_d,3,0.0000,345.3167,1,0.030055,62
622,abc367_e,3,0.6667,345.3167,1,0.030055,62
623,abc321_e,3,0.0000,345.3167,1,0.030055,62
624,abc319_e,3,0.0000,345.3167,1,0.030055,62
625,3240,3,0.5000,345.3167,1,0.030055,62
626,abc388_a,3,1.0000,345.3167,1,0.030055,62
627,3106,3,0.3333,345.3167,1,0.030055,62
628,3166,3,0.0000,345.3167,1,0.030055,62
629,3705,3,0.0000,345.3167,1,0.030055,62
630,3209,3,0.0000,351.6500,1,0.025567,63
631,3093,3,1.0000,351.6500,1,0.025567,63
632,abc325_b,3,0.0000,351.6500,1,0.025567,63
633,abc386_b,3,0.3333,351.6500,1,0.025567,63
634,1899_D,3,0.0000,351.6500,1,0.025567,63
635,abc388_e,3,1.0000,351.6500,1,0.025567,63
636,abc368_g,3,0.0000,351.6500,1,0.025567,63
637,abc325_e,3,0.3333,351.6500,1,0.025567,63
638,abc364_d,3,1.0000,351.6500,1,0.025567,63
639,arc186_d,3,0.0000,351.6500,1,0.025567,63
640,3559,3,0.0000,358.3167,1,0.021941,64
641,abc322_c,3,0.0000,358.3167,1,0.021941,64
642,abc339_d,3,0.3333,358.3167,1,0.021941,64
643,abc400_b,3,1.0000,358.3167,1,0.021941,64
644,arc186_c,3,0.0000,358.3167,1,0.021941,64
645,abc335_b,3,0.0000,358.3167,1,0.021941,64
646,abc383_a,3,1.0000,358.3167,1,0.021941,64
647,abc373_e,3,0.0000,358.3167,1,0.021941,64
648,abc357_d,3,0.0000,358.3167,1,0.021941,64
649,3709,3,1.0000,358.3167,1,0.021941,64
650,abc363_c,3,0.0000,361.3167,1,0.019696,65
651,2916,3,1.0000,361.3167,1,0.019696,65
652,3055,3,1.0000,361.3167,1,0.019696,65
653,3469,3,0.5000,361.3167,1,0.019696,65
654,abc369_a,3,1.0000,361.3167,1,0.019696,65
655,abc394_d,3,1.0000,361.3167,1,0.019696,65
656,2727,3,1.0000,361.3167,1,0.019696,65
657,2915,3,0.5000,361.3167,1,0.019696,65
658,abc379_a,3,1.0000,361.3167,1,0.019696,65
659,3376,3,0.0000,361.3167,1,0.019696,65
660,abc325_c,3,1.0000,368.3167,1,0.019101,66
661,abc373_b,3,0.0000,368.3167,1,0.019101,66
662,3203,3,0.0000,368.3167,1,0.019101,66
663,abc395_f,3,0.0000,368.3167,1,0.019101,66
664,abc374_f,3,0.0000,368.3167,1,0.019101,66
665,abc311_a,3,1.0000,368.3167,1,0.019101,66
666,arc191_a,3,0.0000,368.3167,1,0.019101,66
667,3750,3,1.0000,368.3167,1,0.019101,66
668,abc315_d,3,0.0000,368.3167,1,0.019101,66
669,abc397_c,3,0.0000,368.3167,1,0.019101,66
670,abc360_d,3,0.0000,373.8167,1,0.017021,67
671,3439,3,1.0000,373.8167,1,0.017021,67
672,abc392_f,3,1.0000,373.8167,1,0.017021,67
673,arc183_b,3,0.0000,373.8167,1,0.017021,67
674,abc350_c,3,0.0000,373.8167,1,0.017021,67
675,2955,3,1.0000,373.8167,1,0.017021,67
676,abc369_g,3,0.0000,373.8167,1,0.017021,67
677,2837,3,1.0000,373.8167,1,0.017021,67
678,3498,3,0.0000,373.8167,1,0.017021,67
679,3478,3,0.5000,373.8167,1,0.017021,67
680,abc394_b,3,1.0000,377.2333,1,0.017066,68
681,3484,3,0.0000,377.2333,1,0.017066,68
682,3176,3,1.0000,377.2333,1,0.017066,68
683,abc347_a,3,1.0000,377.2333,1,0.017066,68
684,abc310_c,3,1.0000,377.2333,1,0.017066,68
685,abc385_f,3,0.2500,377.2333,1,0.017066,68
686,3519,3,0.6667,377.2333,1,0.017066,68
687,3646,3,0.0000,377.2333,1,0.017066,68
688,abc301_a,3,0.6667,377.2333,1,0.017066,68
689,2954,3,1.0000,377.2333,1,0.017066,68
690,abc357_e,3,0.0000,383.7333,1,0.012677,69
691,3704,3,0.0000,383.7333,1,0.012677,69
692,3700,3,0.3333,383.7333,1,0.012677,69
693,3754,3,0.0000,383.7333,1,0.012677,69
694,abc356_c,3,0.0000,383.7333,1,0.012677,69
695,3408,3,0.3333,383.7333,1,0.012677,69
696,abc393_a,3,0.5000,383.7333,1,0.012677,69
697,abc376_f,3,0.3333,383.7333,1,0.012677,69
698,2873,3,1.0000,383.7333,1,0.012677,69
699,abc328_a,3,1.0000,383.7333,1,0.012677,69
700,abc379_d,3,0.0000,391.5667,1,0.013208,70
701,abc364_f,3,0.3333,391.5667,1,0.013208,70
702,3517,3,0.0000,391.5667,1,0.013208,70
703,3675,3,0.0000,391.5667,1,0.013208,70
704,abc307_a,3,1.0000,391.5667,1,0.013208,70
705,abc324_e,3,0.0000,391.5667,1,0.013208,70
706,abc378_f,3,0.3333,391.5667,1,0.013208,70
707,3239,3,0.0000,391.5667,1,0.013208,70
708,3406,3,0.0000,391.5667,1,0.013208,70
709,3677,3,0.5000,391.5667,1,0.013208,70
710,3809,3,1.0000,398.9000,1,0.020480,71
711,abc380_g,3,0.3333,398.9000,1,0.020480,71
712,abc322_d,3,0.0000,398.9000,1,0.020480,71
713,3349,3,1.0000,398.9000,1,0.020480,71
714,3502,3,0.0000,398.9000,1,0.020480,71
715,abc343_e,3,0.0000,398.9000,1,0.020480,71
716,1873_D,3,0.0000,398.9000,1,0.020480,71
717,arc192_e,3,0.0000,398.9000,1,0.020480,71
718,3261,3,0.0000,398.9000,1,0.020480,71
719,3716,3,0.3333,398.9000,1,0.020480,71
720,abc397_f,3,0.0000,405.2333,1,0.017357,72
721,abc306_b,3,1.0000,405.2333,1,0.017357,72
722,3396,3,1.0000,405.2333,1,0.017357,72
723,abc383_d,3,0.0000,405.2333,1,0.017357,72
724,abc382_d,3,1.0000,405.2333,1,0.017357,72
725,3263,3,0.6667,405.2333,1,0.017357,72
726,abc310_e,3,0.0000,405.2333,1,0.017357,72
727,3032,3,0.0000,405.2333,1,0.017357,72
728,2757,3,0.0000,405.2333,1,0.017357,72
729,abc364_b,3,0.0000,405.2333,1,0.017357,72
730,arc181_b,3,0.5000,410.3167,1,0.019602,73
731,3805,3,0.2500,410.3167,1,0.019602,73
732,abc379_g,3,0.0000,410.3167,1,0.019602,73
733,3811,3,1.0000,410.3167,1,0.019602,73
734,abc355_b,3,1.0000,410.3167,1,0.019602,73
735,2919,3,1.0000,410.3167,1,0.019602,73
736,abc313_a,3,0.6667,410.3167,1,0.019602,73
737,abc400_d,3,0.0000,410.3167,1,0.019602,73
738,abc384_d,3,0.5000,410.3167,1,0.019602,73
739,3329,3,0.0000,410.3167,1,0.019602,73
740,abc396_e,3,0.3333,416.3167,1,0.016122,74
741,3220,3,1.0000,416.3167,1,0.016122,74
742,3356,3,1.0000,416.3167,1,0.016122,74
743,arc195_d,3,0.0000,416.3167,1,0.016122,74
744,abc381_d,3,0.6667,416.3167,1,0.016122,74
745,3714,3,0.0000,416.3167,1,0.016122,74
746,abc312_f,3,0.3333,416.3167,1,0.016122,74
747,3141,3,0.6667,416.3167,1,0.016122,74
748,abc333_b,3,0.0000,416.3167,1,0.016122,74
749,abc378_g,3,0.0000,416.3167,1,0.016122,74
750,abc347_c,3,1.0000,423.3167,1,0.023192,75
751,2879,3,0.0000,423.3167,1,0.023192,75
752,3046,3,0.3333,423.3167,1,0.023192,75
753,abc373_f,3,0.0000,423.3167,1,0.023192,75
754,arc182_d,3,0.6667,423.3167,1,0.023192,75
755,3795,3,0.0000,423.3167,1,0.023192,75
756,2869,3,1.0000,423.3167,1,0.023192,75
757,abc400_e,3,0.0000,423.3167,1,0.023192,75
758,3364,3,0.0000,423.3167,1,0.023192,75
759,abc348_e,3,0.0000,423.3167,1,0.023192,75
750,abc347_c,3,1.0000,423.3167,1,0.028536,75
751,2879,3,0.0000,423.3167,1,0.028536,75
752,3046,3,0.3333,423.3167,1,0.028536,75
753,abc373_f,3,0.0000,423.3167,1,0.028536,75
754,arc182_d,3,0.6667,423.3167,1,0.028536,75
755,3795,3,0.0000,423.3167,1,0.028536,75
756,2869,3,1.0000,423.3167,1,0.028536,75
757,abc400_e,3,0.0000,423.3167,1,0.028536,75
758,3364,3,0.0000,423.3167,1,0.028536,75
759,abc348_e,3,0.0000,423.3167,1,0.028536,75
760,3610,3,1.0000,431.7333,1,0.029618,76
761,abc336_c,3,0.0000,431.7333,1,0.029618,76
762,abc352_d,3,0.0000,431.7333,1,0.029618,76
763,arc183_c,3,0.2500,431.7333,1,0.029618,76
764,3791,3,0.0000,431.7333,1,0.029618,76
765,3033,3,0.0000,431.7333,1,0.029618,76
766,abc301_e,3,0.3333,431.7333,1,0.029618,76
767,abc348_c,3,0.0000,431.7333,1,0.029618,76
768,abc382_f,3,0.0000,431.7333,1,0.029618,76
769,abc311_e,3,0.0000,431.7333,1,0.029618,76
770,3355,3,0.6667,437.9000,1,0.029212,77
771,3507,3,0.0000,437.9000,1,0.029212,77
772,3494,3,0.0000,437.9000,1,0.029212,77
773,abc377_d,3,0.0000,437.9000,1,0.029212,77
774,3206,3,1.0000,437.9000,1,0.029212,77
775,arc189_d,3,0.0000,437.9000,1,0.029212,77
776,abc306_c,3,1.0000,437.9000,1,0.029212,77
777,3631,3,0.3333,437.9000,1,0.029212,77
778,3563,3,0.5000,437.9000,1,0.029212,77
779,3783,3,0.3333,437.9000,1,0.029212,77
780,abc310_f,3,0.0000,443.0667,1,0.032314,78
781,abc359_c,3,0.0000,443.0667,1,0.032314,78
782,abc385_b,3,1.0000,443.0667,1,0.032314,78
783,abc331_b,3,0.6667,443.0667,1,0.032314,78
784,3762,3,0.5000,443.0667,1,0.032314,78
785,2888,3,1.0000,443.0667,1,0.032314,78
786,abc397_b,3,0.6667,443.0667,1,0.032314,78
787,2877,3,1.0000,443.0667,1,0.032314,78
788,abc371_b,3,0.0000,443.0667,1,0.032314,78
789,abc375_d,3,0.0000,443.0667,1,0.032314,78
790,2893,3,0.0000,449.0667,1,0.039987,79
791,1899_C,3,0.0000,449.0667,1,0.039987,79
792,abc307_d,3,0.0000,449.0667,1,0.039987,79
793,abc386_f,3,0.6667,449.0667,1,0.039987,79
794,abc309_c,3,0.0000,449.0667,1,0.039987,79
795,3450,3,1.0000,449.0667,1,0.039987,79
796,3460,3,0.3333,449.0667,1,0.039987,79
797,2791,3,1.0000,449.0667,1,0.039987,79
798,abc333_a,3,1.0000,449.0667,1,0.039987,79
799,abc389_f,3,0.0000,449.0667,1,0.039987,79
800,abc308_d,3,0.3333,453.7333,1,0.029407,80
801,abc312_e,3,0.3333,453.7333,1,0.029407,80
802,3183,3,1.0000,453.7333,1,0.029407,80
803,3337,3,1.0000,453.7333,1,0.029407,80
804,abc359_a,3,1.0000,453.7333,1,0.029407,80
805,abc354_a,3,0.6667,453.7333,1,0.029407,80
806,arc194_e,3,0.0000,453.7333,1,0.029407,80
807,arc181_d,3,0.0000,453.7333,1,0.029407,80
808,3567,3,1.0000,453.7333,1,0.029407,80
809,abc392_d,3,0.0000,453.7333,1,0.029407,80
810,abc327_d,3,0.2500,459.8167,1,0.032260,81
811,abc376_a,3,1.0000,459.8167,1,0.032260,81
812,abc303_d,3,0.0000,459.8167,1,0.032260,81
813,3570,3,1.0000,459.8167,1,0.032260,81
814,3768,3,1.0000,459.8167,1,0.032260,81
815,3721,3,0.3333,459.8167,1,0.032260,81
816,3594,3,0.0000,459.8167,1,0.032260,81
817,abc396_d,3,0.0000,459.8167,1,0.032260,81
818,abc351_e,3,0.0000,459.8167,1,0.032260,81
819,abc367_a,3,0.3333,459.8167,1,0.032260,81
820,abc361_c,3,0.3333,462.9833,1,0.033643,82
821,abc394_a,3,1.0000,462.9833,1,0.033643,82
822,3262,3,1.0000,462.9833,1,0.033643,82
823,abc365_d,3,0.0000,462.9833,1,0.033643,82
824,3379,3,1.0000,462.9833,1,0.033643,82
825,arc183_a,3,0.0000,462.9833,1,0.033643,82
826,3196,3,0.5000,462.9833,1,0.033643,82
827,3193,3,1.0000,462.9833,1,0.033643,82
828,abc384_c,3,1.0000,462.9833,1,0.033643,82
829,abc362_a,3,1.0000,462.9833,1,0.033643,82
830,3789,3,0.0000,465.9833,1,0.028039,83
831,2891,3,1.0000,465.9833,1,0.028039,83
832,3388,3,1.0000,465.9833,1,0.028039,83
833,abc379_e,3,1.0000,465.9833,1,0.028039,83
834,2999,3,1.0000,465.9833,1,0.028039,83
835,3760,3,0.0000,465.9833,1,0.028039,83
836,abc396_b,3,1.0000,465.9833,1,0.028039,83
837,abc311_c,3,0.0000,465.9833,1,0.028039,83
838,2876,3,1.0000,465.9833,1,0.028039,83
839,abc311_b,3,1.0000,465.9833,1,0.028039,83
840,abc326_d,3,0.0000,471.7333,1,0.028430,84
841,3781,3,0.6667,471.7333,1,0.028430,84
842,abc338_c,3,0.2500,471.7333,1,0.028430,84
843,arc196_b,3,0.0000,471.7333,1,0.028430,84
844,2785,3,1.0000,471.7333,1,0.028430,84
845,3383,3,0.0000,471.7333,1,0.028430,84
846,abc329_f,3,1.0000,471.7333,1,0.028430,84
847,abc366_b,3,0.0000,471.7333,1,0.028430,84
848,1873_A,3,1.0000,471.7333,1,0.028430,84
849,abc362_e,3,0.3333,471.7333,1,0.028430,84
850,arc184_d,3,0.0000,478.4000,1,0.024369,85
851,abc363_e,3,0.0000,478.4000,1,0.024369,85
852,3249,3,1.0000,478.4000,1,0.024369,85
853,3744,3,0.0000,478.4000,1,0.024369,85
854,abc340_d,3,0.3333,478.4000,1,0.024369,85
855,abc390_f,3,0.0000,478.4000,1,0.024369,85
856,abc303_b,3,0.3333,478.4000,1,0.024369,85
857,arc190_d,3,0.0000,478.4000,1,0.024369,85
858,abc398_a,3,1.0000,478.4000,1,0.024369,85
859,abc372_c,3,0.6667,478.4000,1,0.024369,85
860,abc325_a,3,1.0000,483.7333,1,0.022707,86
861,abc370_g,3,0.0000,483.7333,1,0.022707,86
862,3104,3,0.0000,483.7333,1,0.022707,86
863,abc357_b,3,1.0000,483.7333,1,0.022707,86
864,3311,3,1.0000,483.7333,1,0.022707,86
865,abc384_g,3,0.0000,483.7333,1,0.022707,86
866,abc356_d,3,0.6667,483.7333,1,0.022707,86
867,abc393_e,3,0.0000,483.7333,1,0.022707,86
868,abc377_a,3,1.0000,483.7333,1,0.022707,86
869,abc377_e,3,0.0000,483.7333,1,0.022707,86
870,1883_B,3,1.0000,490.7333,1,0.034124,87
871,arc194_d,3,0.0000,490.7333,1,0.034124,87
872,3243,3,0.0000,490.7333,1,0.034124,87
873,abc353_e,3,0.0000,490.7333,1,0.034124,87
874,3697,3,0.3333,490.7333,1,0.034124,87
875,3153,3,1.0000,490.7333,1,0.034124,87
876,abc333_c,3,0.6667,490.7333,1,0.034124,87
877,abc372_g,3,0.0000,490.7333,1,0.034124,87
878,abc385_c,3,0.0000,490.7333,1,0.034124,87
879,arc192_d,3,0.0000,490.7333,1,0.034124,87
880,abc382_a,3,1.0000,498.0667,1,0.024748,88
881,3771,3,0.6667,498.0667,1,0.024748,88
882,3531,3,0.0000,498.0667,1,0.024748,88
883,3164,3,0.0000,498.0667,1,0.024748,88
884,abc377_f,3,0.0000,498.0667,1,0.024748,88
885,abc390_g,3,0.0000,498.0667,1,0.024748,88
886,2730,3,0.0000,498.0667,1,0.024748,88
887,abc391_d,3,0.0000,498.0667,1,0.024748,88
888,3436,3,0.6667,498.0667,1,0.024748,88
889,abc313_c,3,0.3333,498.0667,1,0.024748,88
890,abc361_e,3,0.0000,504.4833,1,0.022155,89
891,3367,3,1.0000,504.4833,1,0.022155,89
892,abc389_e,3,0.0000,504.4833,1,0.022155,89
893,abc342_a,3,1.0000,504.4833,1,0.022155,89
894,abc342_e,3,0.0000,504.4833,1,0.022155,89
895,3692,3,0.2500,504.4833,1,0.022155,89
896,3526,3,0.3333,504.4833,1,0.022155,89
897,abc351_b,3,1.0000,504.4833,1,0.022155,89
898,3794,3,0.0000,504.4833,1,0.022155,89
899,arc188_b,3,0.0000,504.4833,1,0.022155,89
900,3245,3,1.0000,509.9833,1,0.027047,90
901,abc370_d,3,1.0000,509.9833,1,0.027047,90
902,3235,3,1.0000,509.9833,1,0.027047,90
903,3150,3,0.6667,509.9833,1,0.027047,90
904,abc387_f,3,0.0000,509.9833,1,0.027047,90
905,2854,3,0.0000,509.9833,1,0.027047,90
906,abc383_c,3,0.3333,509.9833,1,0.027047,90
907,3025,3,0.0000,509.9833,1,0.027047,90
908,3451,3,0.5000,509.9833,1,0.027047,90
909,abc358_e,3,0.0000,509.9833,1,0.027047,90
910,3213,3,1.0000,514.7333,1,0.024386,91
911,abc399_e,3,0.2500,514.7333,1,0.024386,91
912,3725,3,0.0000,514.7333,1,0.024386,91
913,abc346_b,3,1.0000,514.7333,1,0.024386,91
914,3447,3,1.0000,514.7333,1,0.024386,91
915,abc352_a,3,1.0000,514.7333,1,0.024386,91
916,3413,3,0.0000,514.7333,1,0.024386,91
917,abc381_b,3,1.0000,514.7333,1,0.024386,91
918,abc315_f,3,0.0000,514.7333,1,0.024386,91
919,abc363_d,3,0.0000,514.7333,1,0.024386,91
920,3461,3,0.5000,519.7333,1,0.028619,92
921,abc381_a,3,1.0000,519.7333,1,0.028619,92
922,abc312_d,3,0.0000,519.7333,1,0.028619,92
923,3219,3,0.0000,519.7333,1,0.028619,92
924,abc318_b,3,0.0000,519.7333,1,0.028619,92
925,3224,3,0.0000,519.7333,1,0.028619,92
926,3371,3,1.0000,519.7333,1,0.028619,92
927,abc372_a,3,1.0000,519.7333,1,0.028619,92
928,abc391_f,3,1.0000,519.7333,1,0.028619,92
929,abc345_d,3,0.5000,519.7333,1,0.028619,92
930,abc356_a,3,1.0000,525.5667,1,0.032090,93
931,arc182_a,3,0.0000,525.5667,1,0.032090,93
932,abc306_a,3,1.0000,525.5667,1,0.032090,93
933,abc328_b,3,0.0000,525.5667,1,0.032090,93
934,abc377_b,3,0.6667,525.5667,1,0.032090,93
935,abc390_e,3,0.0000,525.5667,1,0.032090,93
936,3453,3,0.5000,525.5667,1,0.032090,93
937,abc396_f,3,0.0000,525.5667,1,0.032090,93
938,abc305_e,3,0.0000,525.5667,1,0.032090,93
939,2886,3,1.0000,525.5667,1,0.032090,93
940,abc318_e,3,0.3333,530.2333,1,0.026881,94
941,abc346_a,3,1.0000,530.2333,1,0.026881,94
942,abc328_c,3,0.0000,530.2333,1,0.026881,94
943,3593,3,0.3333,530.2333,1,0.026881,94
944,2824,3,1.0000,530.2333,1,0.026881,94
945,3604,3,0.0000,530.2333,1,0.026881,94
946,abc309_b,3,0.3333,530.2333,1,0.026881,94
947,2872,3,1.0000,530.2333,1,0.026881,94
948,abc386_c,3,0.6667,530.2333,1,0.026881,94
949,abc385_a,3,0.6667,530.2333,1,0.026881,94
950,3656,3,0.3333,536.7333,1,0.022963,95
951,abc330_a,3,1.0000,536.7333,1,0.022963,95
952,3571,3,0.0000,536.7333,1,0.022963,95
953,abc307_c,3,0.0000,536.7333,1,0.022963,95
954,3421,3,1.0000,536.7333,1,0.022963,95
955,3573,3,0.3333,536.7333,1,0.022963,95
956,abc372_d,3,0.0000,536.7333,1,0.022963,95
957,abc398_f,3,0.3333,536.7333,1,0.022963,95
958,abc319_c,3,0.0000,536.7333,1,0.022963,95
959,abc341_e,3,0.5000,536.7333,1,0.022963,95
960,3346,3,0.0000,542.0667,1,0.033980,96
961,3252,3,1.0000,542.0667,1,0.033980,96
962,abc312_b,3,0.0000,542.0667,1,0.033980,96
963,abc378_a,3,1.0000,542.0667,1,0.033980,96
964,abc362_b,3,0.0000,542.0667,1,0.033980,96
965,3291,3,0.3333,542.0667,1,0.033980,96
966,arc194_a,3,0.3333,542.0667,1,0.033980,96
967,abc367_b,3,1.0000,542.0667,1,0.033980,96
968,2902,3,1.0000,542.0667,1,0.033980,96
969,abc373_c,3,0.0000,542.0667,1,0.033980,96
970,3558,3,0.0000,547.4000,1,0.027221,97
971,abc400_c,3,0.0000,547.4000,1,0.027221,97
972,abc374_a,3,1.0000,547.4000,1,0.027221,97
973,abc318_d,3,0.0000,547.4000,1,0.027221,97
974,3551,3,0.0000,547.4000,1,0.027221,97
975,abc305_c,3,1.0000,547.4000,1,0.027221,97
976,abc336_d,3,0.0000,547.4000,1,0.027221,97
977,abc340_a,3,1.0000,547.4000,1,0.027221,97
978,3251,3,1.0000,547.4000,1,0.027221,97
979,abc338_e,3,0.6667,547.4000,1,0.027221,97
980,3653,3,0.0000,553.2333,1,0.031299,98
981,abc371_c,3,0.0000,553.2333,1,0.031299,98
982,3327,3,0.0000,553.2333,1,0.031299,98
983,abc321_a,3,1.0000,553.2333,1,0.031299,98
984,abc341_f,3,0.0000,553.2333,1,0.031299,98
985,3080,3,0.5000,553.2333,1,0.031299,98
986,abc388_c,3,0.6667,553.2333,1,0.031299,98
987,abc310_a,3,1.0000,553.2333,1,0.031299,98
988,3715,3,0.0000,553.2333,1,0.031299,98
989,2953,3,1.0000,553.2333,1,0.031299,98
990,abc323_c,3,0.0000,557.7333,1,0.027864,99
991,abc386_e,3,0.0000,557.7333,1,0.027864,99
992,abc309_a,3,1.0000,557.7333,1,0.027864,99
993,3026,3,1.0000,557.7333,1,0.027864,99
994,2849,3,0.0000,557.7333,1,0.027864,99
995,2892,3,0.5000,557.7333,1,0.027864,99
996,abc375_b,3,0.0000,557.7333,1,0.027864,99
997,abc302_a,3,1.0000,557.7333,1,0.027864,99
998,3479,3,1.0000,557.7333,1,0.027864,99
999,abc338_b,3,1.0000,557.7333,1,0.027864,99
1000,abc387_a,3,1.0000,562.7333,1,0.021754,100
1001,abc391_a,3,1.0000,562.7333,1,0.021754,100
1002,abc369_d,3,0.0000,562.7333,1,0.021754,100
1003,abc370_e,3,0.0000,562.7333,1,0.021754,100
1004,3648,3,0.0000,562.7333,1,0.021754,100
1005,abc324_b,3,1.0000,562.7333,1,0.021754,100
1006,3430,3,1.0000,562.7333,1,0.021754,100
1007,2952,3,0.5000,562.7333,1,0.021754,100
1008,abc341_d,3,0.0000,562.7333,1,0.021754,100
1009,abc397_e,3,0.5000,562.7333,1,0.021754,100
1010,3731,3,1.0000,567.1500,1,0.018970,101
1011,3192,3,1.0000,567.1500,1,0.018970,101
1012,abc363_b,3,0.3333,567.1500,1,0.018970,101
1013,3374,3,0.0000,567.1500,1,0.018970,101
1014,abc378_c,3,0.0000,567.1500,1,0.018970,101
1015,2847,3,1.0000,567.1500,1,0.018970,101
1016,3608,3,0.0000,567.1500,1,0.018970,101
1017,abc318_a,3,1.0000,567.1500,1,0.018970,101
1018,abc366_g,3,0.2500,567.1500,1,0.018970,101
1019,abc334_b,3,1.0000,567.1500,1,0.018970,101
1020,3699,3,0.0000,572.4833,1,0.020741,102
1021,abc337_d,3,0.0000,572.4833,1,0.020741,102
1022,3045,3,0.6667,572.4833,1,0.020741,102
1023,abc384_b,3,1.0000,572.4833,1,0.020741,102
1024,3347,3,1.0000,572.4833,1,0.020741,102
1025,3776,3,0.0000,572.4833,1,0.020741,102
1026,3528,3,0.0000,572.4833,1,0.020741,102
1027,abc352_b,3,0.0000,572.4833,1,0.020741,102
1028,abc327_c,3,1.0000,572.4833,1,0.020741,102
1029,3736,3,1.0000,572.4833,1,0.020741,102
1030,3540,3,1.0000,576.9833,1,0.015795,103
1031,3690,3,0.3333,576.9833,1,0.015795,103
1032,abc329_a,3,1.0000,576.9833,1,0.015795,103
1033,2755,3,1.0000,576.9833,1,0.015795,103
1034,3442,3,0.0000,576.9833,1,0.015795,103
1035,abc393_d,3,0.3333,576.9833,1,0.015795,103
1036,abc354_d,3,0.0000,576.9833,1,0.015795,103
1037,3632,3,0.5000,576.9833,1,0.015795,103
1038,abc346_d,3,0.3333,576.9833,1,0.015795,103
1039,2868,3,1.0000,576.9833,1,0.015795,103
1040,3717,3,0.0000,582.2333,1,0.015164,104
1041,3373,3,1.0000,582.2333,1,0.015164,104
1042,abc354_b,3,1.0000,582.2333,1,0.015164,104
1043,abc301_b,3,1.0000,582.2333,1,0.015164,104
1044,2878,3,0.5000,582.2333,1,0.015164,104
1045,2883,3,0.0000,582.2333,1,0.015164,104
1046,3620,3,0.0000,582.2333,1,0.015164,104
1047,3298,3,0.0000,582.2333,1,0.015164,104
1048,abc304_c,3,1.0000,582.2333,1,0.015164,104
1049,abc321_b,3,0.2500,582.2333,1,0.015164,104
1050,3334,3,1.0000,582.5667,1,0.015821,105
1051,3429,3,1.0000,582.5667,1,0.015821,105
1052,abc365_c,3,0.6667,582.5667,1,0.015821,105
1053,2857,3,1.0000,582.5667,1,0.015821,105
1054,abc308_b,3,1.0000,582.5667,1,0.015821,105
