step,problem_id,greedy_reward,cumulative_regret,batch_idx
0,1899_A,0.0000,1.0000,0
1,abc383_e,0.0000,2.0000,0
2,abc315_a,1.0000,2.0000,0
3,3227,0.0000,3.0000,0
4,arc190_c,0.0000,4.0000,0
5,3210,1.0000,4.0000,0
6,arc192_b,0.3333,4.6667,0
7,3605,0.0000,5.6667,0
8,abc398_g,0.6667,6.0000,0
9,abc378_d,1.0000,6.0000,0
10,abc344_a,1.0000,6.0000,1
11,abc374_b,1.0000,6.0000,1
12,3264,0.0000,7.0000,1
13,abc397_d,0.0000,8.0000,1
14,3414,0.5000,8.5000,1
15,arc186_a,0.5000,9.0000,1
16,arc189_b,0.0000,10.0000,1
17,3151,0.0000,11.0000,1
18,abc376_g,0.0000,12.0000,1
19,abc363_a,1.0000,12.0000,1
20,abc380_d,0.0000,13.0000,2
21,abc384_a,1.0000,13.0000,2
22,3384,0.0000,14.0000,2
23,abc303_a,1.0000,14.0000,2
24,abc396_a,1.0000,14.0000,2
25,abc323_b,1.0000,14.0000,2
26,3019,1.0000,14.0000,2
27,abc326_a,0.6667,14.3333,2
28,abc387_c,0.0000,15.3333,2
29,arc188_c,0.3333,16.0000,2
30,abc314_e,0.0000,17.0000,3
31,2881,0.0000,18.0000,3
32,abc391_g,0.0000,19.0000,3
33,abc379_b,1.0000,19.0000,3
34,abc376_b,0.6667,19.3333,3
35,abc371_g,0.0000,20.3333,3
36,abc375_c,0.0000,21.3333,3
37,3044,0.0000,22.3333,3
38,abc329_b,1.0000,22.3333,3
39,abc398_d,0.3333,23.0000,3
40,3510,0.6667,23.3333,4
41,2779,0.0000,24.3333,4
42,3375,0.0000,25.3333,4
43,abc368_e,0.0000,26.3333,4
44,arc193_d,0.0000,27.3333,4
45,2827,0.0000,28.3333,4
46,3785,0.3333,29.0000,4
47,3532,0.0000,30.0000,4
48,abc357_c,0.0000,31.0000,4
49,abc394_e,0.0000,32.0000,4
50,abc392_g,0.0000,33.0000,5
51,3462,0.5000,33.5000,5
52,abc361_b,0.3333,34.1667,5
53,2856,0.0000,35.1667,5
54,2777,0.0000,36.1667,5
55,abc398_c,0.5000,36.6667,5
56,abc377_g,0.0000,37.6667,5
57,3625,0.5000,38.1667,5
58,3382,0.0000,39.1667,5
59,3402,0.0000,40.1667,5
60,3764,1.0000,40.1667,6
61,2784,0.0000,41.1667,6
62,3221,0.0000,42.1667,6
63,3533,0.0000,43.1667,6
64,2816,1.0000,43.1667,6
65,3324,0.0000,44.1667,6
66,abc354_e,0.5000,44.6667,6
67,abc374_e,0.0000,45.6667,6
68,abc399_a,1.0000,45.6667,6
69,3553,1.0000,45.6667,6
70,3398,0.0000,46.6667,7
71,abc376_c,0.3333,47.3333,7
72,arc195_b,0.6667,47.6667,7
73,3428,0.0000,48.6667,7
74,abc308_c,1.0000,48.6667,7
75,abc337_a,1.0000,48.6667,7
76,abc323_e,0.0000,49.6667,7
77,3493,0.5000,50.1667,7
78,2825,1.0000,50.1667,7
79,2811,1.0000,50.1667,7
80,3636,1.0000,50.1667,8
81,abc332_a,1.0000,50.1667,8
82,abc355_d,0.3333,50.8333,8
83,3485,0.0000,51.8333,8
84,abc381_e,0.0000,52.8333,8
85,abc381_c,0.0000,53.8333,8
86,abc368_d,0.3333,54.5000,8
87,3737,0.0000,55.5000,8
88,abc350_d,0.3333,56.1667,8
89,3225,0.0000,57.1667,8
90,3733,0.0000,58.1667,9
91,3438,0.0000,59.1667,9
92,abc399_f,1.0000,59.1667,9
93,abc302_e,0.0000,60.1667,9
94,abc390_a,1.0000,60.1667,9
95,abc362_c,0.3333,60.8333,9
96,2921,0.0000,61.8333,9
97,2917,0.0000,62.8333,9
98,abc378_e,0.0000,63.8333,9
99,2867,0.0000,64.8333,9
100,3541,0.0000,65.8333,10
101,abc356_b,1.0000,65.8333,10
102,abc323_d,0.6667,66.1667,10
103,abc392_b,0.6667,66.5000,10
104,abc334_d,0.0000,67.5000,10
105,abc329_d,1.0000,67.5000,10
106,abc399_d,0.0000,68.5000,10
107,abc349_d,0.3333,69.1667,10
108,abc338_a,0.7500,69.4167,10
109,3626,1.0000,69.4167,10
110,abc305_b,1.0000,69.4167,11
111,abc380_a,1.0000,69.4167,11
112,3242,0.0000,70.4167,11
113,arc191_d,0.0000,71.4167,11
114,abc375_a,1.0000,71.4167,11
115,abc333_e,0.3333,72.0833,11
116,3548,0.3333,72.7500,11
117,arc183_d,0.0000,73.7500,11
118,abc336_a,1.0000,73.7500,11
119,3387,0.0000,74.7500,11
120,abc301_d,0.6667,75.0833,12
121,3747,0.0000,76.0833,12
122,3683,0.0000,77.0833,12
123,3269,0.0000,78.0833,12
124,3411,0.0000,79.0833,12
125,3786,0.0000,80.0833,12
126,abc313_b,0.6667,80.4167,12
127,3508,0.6667,80.7500,12
128,abc347_e,1.0000,80.7500,12
129,3580,1.0000,80.7500,12
130,arc186_b,0.0000,81.7500,13
131,3777,0.3333,82.4167,13
132,3397,0.0000,83.4167,13
133,abc356_e,0.0000,84.4167,13
134,arc195_e,0.0000,85.4167,13
135,abc375_g,0.3333,86.0833,13
136,abc372_f,0.0000,87.0833,13
137,abc367_d,0.3333,87.7500,13
138,abc388_g,0.0000,88.7500,13
139,3231,0.0000,89.7500,13
140,abc389_d,1.0000,89.7500,14
141,3207,1.0000,89.7500,14
142,abc367_f,0.5000,90.2500,14
143,abc339_a,0.0000,91.2500,14
144,abc312_c,1.0000,91.2500,14
145,3024,0.0000,92.2500,14
146,abc320_d,0.0000,93.2500,14
147,abc364_e,0.7500,93.5000,14
148,abc366_d,1.0000,93.5000,14
149,abc329_e,0.6667,93.8333,14
150,abc384_e,0.3333,94.5000,15
151,abc373_g,0.0000,95.5000,15
152,3228,0.0000,96.5000,15
153,abc304_d,1.0000,96.5000,15
154,3613,0.0000,97.5000,15
155,3381,0.0000,98.5000,15
156,3686,0.0000,99.5000,15
157,3328,0.5000,100.0000,15
158,abc322_b,1.0000,100.0000,15
159,3468,0.0000,101.0000,15
160,3658,0.0000,102.0000,16
161,2855,0.0000,103.0000,16
162,2817,0.5000,103.5000,16
163,3496,0.0000,104.5000,16
164,3784,0.0000,105.5000,16
165,arc188_d,0.0000,106.5000,16
166,3654,0.0000,107.5000,16
167,3163,0.0000,108.5000,16
168,abc347_b,1.0000,108.5000,16
169,abc330_b,1.0000,108.5000,16
170,3696,0.3333,109.1667,17
171,3487,0.0000,110.1667,17
172,3000,0.0000,111.1667,17
173,abc385_d,0.0000,112.1667,17
174,abc354_c,0.0000,113.1667,17
175,3723,0.0000,114.1667,17
176,3591,0.0000,115.1667,17
177,3226,0.0000,116.1667,17
178,abc343_b,0.0000,117.1667,17
179,abc322_e,0.5000,117.6667,17
180,3603,1.0000,117.6667,18
181,abc362_d,0.3333,118.3333,18
182,arc195_c,0.0000,119.3333,18
183,2870,0.0000,120.3333,18
184,abc386_d,0.7500,120.5833,18
185,abc355_a,1.0000,120.5833,18
186,1883_C,0.0000,121.5833,18
187,3634,1.0000,121.5833,18
188,abc301_f,0.0000,122.5833,18
189,abc369_c,0.3333,123.2500,18
190,3466,0.0000,124.2500,19
191,3174,1.0000,124.2500,19
192,3292,0.0000,125.2500,19
193,abc310_d,0.0000,126.2500,19
194,3423,0.0000,127.2500,19
195,abc355_c,0.0000,128.2500,19
196,3081,0.0000,129.2500,19
197,3317,0.0000,130.2500,19
198,3770,0.6667,130.5833,19
199,3511,1.0000,130.5833,19
200,abc395_c,0.3333,131.2500,20
201,abc343_c,1.0000,131.2500,20
202,abc351_f,1.0000,131.2500,20
203,abc369_b,1.0000,131.2500,20
204,3743,0.0000,132.2500,20
205,abc324_c,0.0000,133.2500,20
206,abc333_d,0.0000,134.2500,20
207,3362,0.3333,134.9167,20
208,3639,0.5000,135.4167,20
209,2884,0.0000,136.4167,20
210,abc352_c,0.0000,137.4167,21
211,abc350_e,0.0000,138.4167,21
212,arc191_c,0.0000,139.4167,21
213,abc318_c,0.0000,140.4167,21
214,3720,0.2500,141.1667,21
215,abc320_c,0.3333,141.8333,21
216,3394,1.0000,141.8333,21
217,arc196_d,0.0000,142.8333,21
218,3361,0.5000,143.3333,21
219,3034,0.0000,144.3333,21
220,abc344_d,0.0000,145.3333,22
221,3621,0.0000,146.3333,22
222,3372,0.0000,147.3333,22
223,abc338_f,0.0000,148.3333,22
224,arc189_c,0.2500,149.0833,22
225,abc308_e,0.0000,150.0833,22
226,3313,0.0000,151.0833,22
227,abc400_g,0.0000,152.0833,22
228,abc358_c,0.3333,152.7500,22
229,2792,0.0000,153.7500,22
230,3492,0.3333,154.4167,23
231,abc374_c,0.3333,155.0833,23
232,abc344_e,1.0000,155.0833,23
233,abc380_e,1.0000,155.0833,23
234,abc348_b,1.0000,155.0833,23
235,3525,0.0000,156.0833,23
236,abc365_a,1.0000,156.0833,23
237,abc304_e,1.0000,156.0833,23
238,3552,0.6667,156.4167,23
239,3171,1.0000,156.4167,23
240,arc185_b,0.0000,157.4167,24
241,abc302_c,1.0000,157.4167,24
242,abc368_c,0.3333,158.0833,24
243,3555,0.0000,159.0833,24
244,abc303_e,0.0000,160.0833,24
245,3236,0.0000,161.0833,24
246,3560,0.6667,161.4167,24
247,abc372_e,0.0000,162.4167,24
248,abc311_d,0.0000,163.4167,24
249,abc373_a,1.0000,163.4167,24
250,3685,0.0000,164.4167,25
251,abc359_e,0.0000,165.4167,25
252,abc321_d,1.0000,165.4167,25
253,abc341_b,0.0000,166.4167,25
254,3464,0.0000,167.4167,25
255,abc398_b,1.0000,167.4167,25
256,3320,0.0000,168.4167,25
257,abc306_e,1.0000,168.4167,25
258,abc351_a,1.0000,168.4167,25
259,3753,1.0000,168.4167,25
260,3446,0.0000,169.4167,26
261,1899_B,0.0000,170.4167,26
262,3279,1.0000,170.4167,26
263,abc314_b,0.0000,171.4167,26
264,abc370_f,0.0000,172.4167,26
265,3788,0.0000,173.4167,26
266,abc359_b,0.3333,174.0833,26
267,3297,1.0000,174.0833,26
268,3676,0.0000,175.0833,26
269,3763,0.0000,176.0833,26
270,abc366_a,1.0000,176.0833,27
271,abc366_e,0.0000,177.0833,27
272,abc392_c,0.0000,178.0833,27
273,2833,0.0000,179.0833,27
274,3351,0.0000,180.0833,27
275,3649,0.0000,181.0833,27
276,abc301_c,0.5000,181.5833,27
277,abc344_b,0.3333,182.2500,27
278,abc399_c,1.0000,182.2500,27
279,abc380_f,0.6667,182.5833,27
280,abc367_c,0.0000,183.5833,28
281,3629,0.5000,184.0833,28
282,abc322_a,1.0000,184.0833,28
283,2979,0.0000,185.0833,28
284,3331,0.0000,186.0833,28
285,abc397_a,1.0000,186.0833,28
286,arc193_a,0.0000,187.0833,28
287,abc361_a,1.0000,187.0833,28
288,abc328_e,0.6667,187.4167,28
289,3518,0.0000,188.4167,28
290,3306,1.0000,188.4167,29
291,2882,1.0000,188.4167,29
292,abc374_g,0.0000,189.4167,29
293,3617,0.0000,190.4167,29
294,abc358_d,0.3333,191.0833,29
295,abc371_a,1.0000,191.0833,29
296,abc343_a,0.0000,192.0833,29
297,abc376_d,0.3333,192.7500,29
298,2786,1.0000,192.7500,29
299,2828,0.6667,193.0833,29
300,3456,0.0000,194.0833,30
301,3299,0.0000,195.0833,30
302,2810,0.0000,196.0833,30
303,3527,0.0000,197.0833,30
304,3476,0.0000,198.0833,30
305,3495,0.5000,198.5833,30
306,abc339_c,0.3333,199.2500,30
307,3194,0.0000,200.2500,30
308,abc363_f,0.3333,200.9167,30
309,abc394_f,0.0000,201.9167,30
310,abc366_c,0.5000,202.4167,31
311,abc351_d,0.0000,203.4167,31
312,3416,0.0000,204.4167,31
313,abc308_f,0.0000,205.4167,31
314,3638,0.3333,206.0833,31
315,abc400_a,0.3333,206.7500,31
316,abc361_d,0.0000,207.7500,31
317,3455,0.5000,208.2500,31
318,3475,0.0000,209.2500,31
319,abc391_e,0.5000,209.7500,31
320,abc309_d,0.0000,210.7500,32
321,3612,0.0000,211.7500,32
322,abc383_b,0.0000,212.7500,32
323,3515,0.0000,213.7500,32
324,abc329_c,0.3333,214.4167,32
325,3655,0.3333,215.0833,32
326,3600,0.0000,216.0833,32
327,abc358_a,1.0000,216.0833,32
328,3793,0.5000,216.5833,32
329,3422,1.0000,216.5833,32
330,3817,1.0000,216.5833,33
331,arc184_e,1.0000,216.5833,33
332,abc310_b,0.0000,217.5833,33
333,2977,0.0000,218.5833,33
334,3412,1.0000,218.5833,33
335,3267,0.3333,219.2500,33
336,3562,0.0000,220.2500,33
337,2756,0.0000,221.2500,33
338,abc389_a,1.0000,221.2500,33
339,abc307_b,1.0000,221.2500,33
340,abc340_c,0.3333,221.9167,34
341,abc332_b,1.0000,221.9167,34
342,abc312_a,1.0000,221.9167,34
343,abc350_b,0.0000,222.9167,34
344,abc325_d,0.3333,223.5833,34
345,abc320_a,1.0000,223.5833,34
346,abc319_b,1.0000,223.5833,34
347,arc193_b,0.0000,224.5833,34
348,abc365_b,1.0000,224.5833,34
349,arc182_c,0.0000,225.5833,34
350,3308,1.0000,225.5833,35
351,arc192_a,1.0000,225.5833,35
352,arc186_e,0.0000,226.5833,35
353,3403,0.0000,227.5833,35
354,3702,0.0000,228.5833,35
355,2728,0.0000,229.5833,35
356,abc349_e,0.5000,230.0833,35
357,abc324_a,1.0000,230.0833,35
358,abc302_d,0.5000,230.5833,35
359,3420,1.0000,230.5833,35
360,3482,0.0000,231.5833,36
361,2819,1.0000,231.5833,36
362,abc353_b,1.0000,231.5833,36
363,abc397_g,1.0000,231.5833,36
364,abc319_d,0.3333,232.2500,36
365,3607,0.6667,232.5833,36
366,abc367_g,1.0000,232.5833,36
367,3701,0.0000,233.5833,36
368,3627,0.3333,234.2500,36
369,3345,0.3333,234.9167,36
370,abc336_b,1.0000,234.9167,37
371,2920,0.6667,235.2500,37
372,abc334_e,0.0000,236.2500,37
373,abc360_e,0.0000,237.2500,37
374,abc360_b,1.0000,237.2500,37
375,abc388_b,1.0000,237.2500,37
376,abc370_b,0.0000,238.2500,37
377,2839,0.0000,239.2500,37
378,abc399_b,1.0000,239.2500,37
379,3751,0.5000,239.7500,37
380,3363,0.0000,240.7500,38
381,3211,0.0000,241.7500,38
382,3360,0.0000,242.7500,38
383,3395,1.0000,242.7500,38
384,abc337_b,0.7500,243.0000,38
385,abc361_f,0.0000,244.0000,38
386,abc386_a,0.6000,244.4000,38
387,3212,0.0000,245.4000,38
388,3534,0.3333,246.0667,38
389,abc327_e,0.0000,247.0667,38
390,abc382_b,1.0000,247.0667,39
391,abc315_c,1.0000,247.0667,39
392,abc342_c,0.6667,247.4000,39
393,abc392_a,1.0000,247.4000,39
394,3832,0.0000,248.4000,39
395,3190,0.0000,249.4000,39
396,abc366_f,1.0000,249.4000,39
397,3199,1.0000,249.4000,39
398,arc185_c,1.0000,249.4000,39
399,abc377_c,0.6667,249.7333,39
400,abc340_b,0.0000,250.7333,40
401,arc196_c,0.0000,251.7333,40
402,abc369_e,0.3333,252.4000,40
403,3583,0.3333,253.0667,40
404,abc371_f,0.0000,254.0667,40
405,abc314_a,0.3333,254.7333,40
406,abc337_e,0.0000,255.7333,40
407,abc326_c,0.0000,256.7333,40
408,abc387_b,0.3333,257.4000,40
409,abc341_c,1.0000,257.4000,40
410,3244,0.0000,258.4000,41
411,abc324_f,0.0000,259.4000,41
412,abc321_c,0.0000,260.4000,41
413,3566,0.0000,261.4000,41
414,3543,1.0000,261.4000,41
415,abc349_b,0.3333,262.0667,41
416,abc375_e,0.5000,262.5667,41
417,2887,1.0000,262.5667,41
418,abc370_a,1.0000,262.5667,41
419,3575,0.0000,263.5667,41
420,3680,1.0000,263.5667,42
421,abc378_b,0.0000,264.5667,42
422,3644,1.0000,264.5667,42
423,abc309_e,0.0000,265.5667,42
424,abc315_b,1.0000,265.5667,42
425,abc353_c,1.0000,265.5667,42
426,abc346_c,1.0000,265.5667,42
427,3018,1.0000,265.5667,42
428,abc390_c,0.6667,265.9000,42
429,abc395_e,0.0000,266.9000,42
430,abc343_d,1.0000,266.9000,43
431,3739,0.0000,267.9000,43
432,abc360_c,0.0000,268.9000,43
433,3657,0.0000,269.9000,43
434,abc374_d,0.0000,270.9000,43
435,3722,0.0000,271.9000,43
436,3568,1.0000,271.9000,43
437,3799,0.0000,272.9000,43
438,3184,0.0000,273.9000,43
439,abc365_e,1.0000,273.9000,43
440,arc185_e,0.0000,274.9000,44
441,abc395_b,1.0000,274.9000,44
442,abc335_a,1.0000,274.9000,44
443,3759,0.5000,275.4000,44
444,abc393_f,0.0000,276.4000,44
445,abc323_a,1.0000,276.4000,44
446,abc396_g,0.0000,277.4000,44
447,abc305_a,1.0000,277.4000,44
448,abc364_c,0.0000,278.4000,44
449,2832,1.0000,278.4000,44
450,abc342_d,0.0000,279.4000,45
451,abc351_c,0.0000,280.4000,45
452,3535,0.0000,281.4000,45
453,3681,0.3333,282.0667,45
454,3188,0.0000,283.0667,45
455,2800,1.0000,283.0667,45
456,2754,0.5000,283.5667,45
457,abc371_e,0.0000,284.5667,45
458,3047,0.0000,285.5667,45
459,3550,0.3333,286.2333,45
460,3154,0.0000,287.2333,46
461,abc395_a,1.0000,287.2333,46
462,abc332_c,0.0000,288.2333,46
463,3172,1.0000,288.2333,46
464,abc341_a,1.0000,288.2333,46
465,abc348_d,0.3333,288.9000,46
466,2850,0.5000,289.4000,46
467,3265,0.0000,290.4000,46
468,abc327_b,0.6667,290.7333,46
469,abc328_d,1.0000,290.7333,46
470,3637,0.0000,291.7333,47
471,abc314_f,0.0000,292.7333,47
472,3223,0.0000,293.7333,47
473,2845,0.0000,294.7333,47
474,abc331_a,1.0000,294.7333,47
475,2998,1.0000,294.7333,47
476,abc339_b,0.3333,295.4000,47
477,3687,0.5000,295.9000,47
478,3353,1.0000,295.9000,47
479,abc345_b,0.8000,296.1000,47
480,3490,0.3333,296.7667,48
481,abc314_d,1.0000,296.7667,48
482,abc368_a,0.5000,297.2667,48
483,abc332_d,0.5000,297.7667,48
484,3316,0.6667,298.1000,48
485,abc307_e,0.0000,299.1000,48
486,arc195_a,1.0000,299.1000,48
487,3246,0.0000,300.1000,48
488,abc330_d,0.3333,300.7667,48
489,abc325_f,0.3333,301.4333,48
490,arc196_a,1.0000,301.4333,49
491,abc344_c,0.0000,302.4333,49
492,abc306_d,0.3333,303.1000,49
493,3094,1.0000,303.1000,49
494,abc394_g,0.0000,304.1000,49
495,3234,1.0000,304.1000,49
496,3647,0.0000,305.1000,49
497,abc350_a,0.6667,305.4333,49
498,abc320_b,1.0000,305.4333,49
499,abc304_a,1.0000,305.4333,49
500,3233,0.0000,306.4333,50
501,abc370_c,0.0000,307.4333,50
502,3454,0.0000,308.4333,50
503,3017,0.0000,309.4333,50
504,arc185_d,0.0000,310.4333,50
505,abc340_e,0.6667,310.7667,50
506,arc184_c,0.0000,311.7667,50
507,abc359_d,0.7500,312.0167,50
508,abc376_e,0.0000,313.0167,50
509,3437,0.0000,314.0167,50
510,abc382_c,0.6667,314.3500,51
511,3616,0.5000,314.8500,51
512,abc382_g,0.0000,315.8500,51
513,abc324_d,0.3333,316.5167,51
514,abc379_c,0.5000,317.0167,51
515,abc330_c,0.3333,317.6833,51
516,abc348_a,1.0000,317.6833,51
517,abc327_a,1.0000,317.6833,51
518,abc379_f,0.5000,318.1833,51
519,3779,0.0000,319.1833,51
520,arc182_e,1.0000,319.1833,52
521,abc384_f,1.0000,319.1833,52
522,arc190_a,0.2500,319.9333,52
523,abc394_c,1.0000,319.9333,52
524,abc338_d,0.3333,320.6000,52
525,abc302_f,0.5000,321.1000,52
526,1873_B,0.0000,322.1000,52
527,abc360_a,1.0000,322.1000,52
528,abc389_b,1.0000,322.1000,52
529,abc314_c,1.0000,322.1000,52
530,arc188_a,0.0000,323.1000,53
531,abc389_g,0.0000,324.1000,53
532,3522,1.0000,324.1000,53
533,abc358_b,1.0000,324.1000,53
534,abc353_d,1.0000,324.1000,53
535,arc181_c,0.0000,325.1000,53
536,abc334_c,0.6667,325.4333,53
537,abc353_a,1.0000,325.4333,53
538,arc189_a,0.0000,326.4333,53
539,3463,0.5000,326.9333,53
540,abc371_d,0.0000,327.9333,54
541,3778,0.0000,328.9333,54
542,arc181_a,0.0000,329.9333,54
543,abc368_b,1.0000,329.9333,54
544,2812,1.0000,329.9333,54
545,abc331_c,0.0000,330.9333,54
546,abc346_e,0.0000,331.9333,54
547,abc391_b,1.0000,331.9333,54
548,abc335_d,0.0000,332.9333,54
549,3773,0.0000,333.9333,54
550,3674,0.0000,334.9333,55
551,abc388_d,0.0000,335.9333,55
552,abc330_e,0.0000,336.9333,55
553,arc187_b,0.0000,337.9333,55
554,abc302_b,0.0000,338.9333,55
555,2802,1.0000,338.9333,55
556,3765,0.0000,339.9333,55
557,3708,0.3333,340.6000,55
558,abc326_b,1.0000,340.6000,55
559,abc335_c,0.0000,341.6000,55
560,3344,1.0000,341.6000,56
561,abc303_c,0.5000,342.1000,56
562,abc308_a,1.0000,342.1000,56
563,3354,1.0000,342.1000,56
564,2834,0.0000,343.1000,56
565,abc342_b,0.0000,344.1000,56
566,3114,0.0000,345.1000,56
567,abc390_b,1.0000,345.1000,56
568,3688,0.5000,345.6000,56
569,abc380_c,0.0000,346.6000,56
570,abc349_c,0.3333,347.2667,57
571,abc331_d,0.0000,348.2667,57
572,3312,0.0000,349.2667,57
573,2808,1.0000,349.2667,57
574,abc349_a,0.3333,349.9333,57
575,3309,0.0000,350.9333,57
576,arc194_c,0.3333,351.6000,57
577,abc375_f,0.0000,352.6000,57
578,3579,0.0000,353.6000,57
579,abc385_e,0.0000,354.6000,57
580,3471,1.0000,354.6000,58
581,abc380_b,0.0000,355.6000,58
582,3091,1.0000,355.6000,58
583,3682,0.3333,356.2667,58
584,3588,0.0000,357.2667,58
585,abc337_c,0.0000,358.2667,58
586,3606,0.0000,359.2667,58
587,arc194_b,0.6667,359.6000,58
588,abc326_e,0.0000,360.6000,58
589,2844,0.0000,361.6000,58
590,3195,0.3333,362.2667,59
591,3801,1.0000,362.2667,59
592,3229,0.3333,362.9333,59
593,3748,0.6667,363.2667,59
594,abc390_d,0.3333,363.9333,59
595,2831,1.0000,363.9333,59
596,abc364_a,0.6667,364.2667,59
597,3230,1.0000,364.2667,59
598,abc396_c,0.3333,364.9333,59
599,3587,1.0000,364.9333,59
600,3684,0.3333,365.6000,60
601,abc393_b,1.0000,365.6000,60
602,abc352_e,1.0000,365.6000,60
603,3426,1.0000,365.6000,60
604,abc355_e,0.0000,366.6000,60
605,3651,0.0000,367.6000,60
606,abc315_e,0.3333,368.2667,60
607,3200,0.0000,369.2667,60
608,abc331_e,1.0000,369.2667,60
609,3659,0.0000,370.2667,60
610,2848,1.0000,370.2667,61
611,abc320_e,0.3333,370.9333,61
612,3584,0.5000,371.4333,61
613,3031,0.0000,372.4333,61
614,2866,0.3333,373.1000,61
615,abc388_f,0.3333,373.7667,61
616,3622,1.0000,373.7667,61
617,abc357_a,0.6667,374.1000,61
618,abc368_f,0.5000,374.6000,61
619,abc304_b,0.5000,375.1000,61
620,abc334_a,1.0000,375.1000,62
621,abc305_d,0.0000,376.1000,62
622,abc367_e,0.6667,376.4333,62
623,abc321_e,0.0000,377.4333,62
624,abc319_e,0.0000,378.4333,62
625,3240,0.0000,379.4333,62
626,abc388_a,1.0000,379.4333,62
627,3106,1.0000,379.4333,62
628,3166,0.0000,380.4333,62
629,3705,0.6667,380.7667,62
630,3209,0.0000,381.7667,63
631,3093,1.0000,381.7667,63
632,abc325_b,0.3333,382.4333,63
633,abc386_b,0.3333,383.1000,63
634,1899_D,0.0000,384.1000,63
635,abc388_e,0.3333,384.7667,63
636,abc368_g,0.0000,385.7667,63
637,abc325_e,0.6667,386.1000,63
638,abc364_d,1.0000,386.1000,63
639,arc186_d,0.0000,387.1000,63
640,3559,0.3333,387.7667,64
641,abc322_c,1.0000,387.7667,64
642,abc339_d,0.3333,388.4333,64
643,abc400_b,1.0000,388.4333,64
644,arc186_c,0.0000,389.4333,64
645,abc335_b,1.0000,389.4333,64
646,abc383_a,0.0000,390.4333,64
647,abc373_e,0.0000,391.4333,64
648,abc357_d,0.0000,392.4333,64
649,3709,1.0000,392.4333,64
650,abc363_c,1.0000,392.4333,65
651,2916,0.6667,392.7667,65
652,3055,1.0000,392.7667,65
653,3469,0.2500,393.5167,65
654,abc369_a,0.6667,393.8500,65
655,abc394_d,1.0000,393.8500,65
656,2727,1.0000,393.8500,65
657,2915,1.0000,393.8500,65
658,abc379_a,1.0000,393.8500,65
659,3376,0.0000,394.8500,65
660,abc325_c,0.5000,395.3500,66
661,abc373_b,0.5000,395.8500,66
662,3203,0.0000,396.8500,66
663,abc395_f,0.0000,397.8500,66
664,abc374_f,0.0000,398.8500,66
665,abc311_a,1.0000,398.8500,66
666,arc191_a,0.0000,399.8500,66
667,3750,0.0000,400.8500,66
668,abc315_d,0.0000,401.8500,66
669,abc397_c,1.0000,401.8500,66
670,abc360_d,0.0000,402.8500,67
671,3439,0.0000,403.8500,67
672,abc392_f,1.0000,403.8500,67
673,arc183_b,0.0000,404.8500,67
674,abc350_c,0.0000,405.8500,67
675,2955,0.0000,406.8500,67
676,abc369_g,0.0000,407.8500,67
677,2837,1.0000,407.8500,67
678,3498,0.5000,408.3500,67
679,3478,1.0000,408.3500,67
680,abc394_b,1.0000,408.3500,68
681,3484,0.5000,408.8500,68
682,3176,1.0000,408.8500,68
683,abc347_a,1.0000,408.8500,68
684,abc310_c,1.0000,408.8500,68
685,abc385_f,0.0000,409.8500,68
686,3519,0.0000,410.8500,68
687,3646,0.0000,411.8500,68
688,abc301_a,1.0000,411.8500,68
689,2954,1.0000,411.8500,68
690,abc357_e,0.0000,412.8500,69
691,3704,1.0000,412.8500,69
692,3700,0.0000,413.8500,69
693,3754,0.0000,414.8500,69
694,abc356_c,0.0000,415.8500,69
695,3408,1.0000,415.8500,69
696,abc393_a,1.0000,415.8500,69
697,abc376_f,0.3333,416.5167,69
698,2873,1.0000,416.5167,69
699,abc328_a,1.0000,416.5167,69
700,abc379_d,0.0000,417.5167,70
701,abc364_f,0.3333,418.1833,70
702,3517,0.0000,419.1833,70
703,3675,0.5000,419.6833,70
704,abc307_a,1.0000,419.6833,70
705,abc324_e,1.0000,419.6833,70
706,abc378_f,0.0000,420.6833,70
707,3239,1.0000,420.6833,70
708,3406,0.0000,421.6833,70
709,3677,0.0000,422.6833,70
710,3809,1.0000,422.6833,71
711,abc380_g,0.0000,423.6833,71
712,abc322_d,0.0000,424.6833,71
713,3349,1.0000,424.6833,71
714,3502,0.5000,425.1833,71
715,abc343_e,0.0000,426.1833,71
716,1873_D,1.0000,426.1833,71
717,arc192_e,0.0000,427.1833,71
718,3261,0.0000,428.1833,71
719,3716,0.0000,429.1833,71
720,abc397_f,0.0000,430.1833,72
721,abc306_b,0.0000,431.1833,72
722,3396,1.0000,431.1833,72
723,abc383_d,0.5000,431.6833,72
724,abc382_d,0.0000,432.6833,72
725,3263,0.6667,433.0167,72
726,abc310_e,0.0000,434.0167,72
727,3032,0.0000,435.0167,72
728,2757,0.0000,436.0167,72
729,abc364_b,1.0000,436.0167,72
730,arc181_b,0.5000,436.5167,73
731,3805,0.2500,437.2667,73
732,abc379_g,0.0000,438.2667,73
733,3811,1.0000,438.2667,73
734,abc355_b,1.0000,438.2667,73
735,2919,1.0000,438.2667,73
736,abc313_a,1.0000,438.2667,73
737,abc400_d,0.5000,438.7667,73
738,abc384_d,0.5000,439.2667,73
739,3329,1.0000,439.2667,73
740,abc396_e,0.0000,440.2667,74
741,3220,1.0000,440.2667,74
742,3356,1.0000,440.2667,74
743,arc195_d,0.0000,441.2667,74
744,abc381_d,0.0000,442.2667,74
745,3714,0.3333,442.9333,74
746,abc312_f,0.0000,443.9333,74
747,3141,0.0000,444.9333,74
748,abc333_b,0.6667,445.2667,74
749,abc378_g,0.0000,446.2667,74
750,abc347_c,0.0000,447.2667,75
751,2879,0.0000,448.2667,75
752,3046,0.0000,449.2667,75
753,abc373_f,0.0000,450.2667,75
754,arc182_d,0.6667,450.6000,75
755,3795,0.2500,451.3500,75
756,2869,0.0000,452.3500,75
757,abc400_e,0.0000,453.3500,75
758,3364,0.3333,454.0167,75
759,abc348_e,0.0000,455.0167,75
760,3610,0.5000,455.5167,76
761,abc336_c,0.0000,456.5167,76
762,abc352_d,0.3333,457.1833,76
763,arc183_c,0.0000,458.1833,76
764,3791,0.0000,459.1833,76
765,3033,1.0000,459.1833,76
766,abc301_e,0.0000,460.1833,76
767,abc348_c,1.0000,460.1833,76
768,abc382_f,0.0000,461.1833,76
769,abc311_e,0.2500,461.9333,76
770,3355,1.0000,461.9333,77
771,3507,1.0000,461.9333,77
772,3494,0.0000,462.9333,77
773,abc377_d,1.0000,462.9333,77
774,3206,1.0000,462.9333,77
775,arc189_d,0.0000,463.9333,77
776,abc306_c,1.0000,463.9333,77
777,3631,0.3333,464.6000,77
778,3563,0.0000,465.6000,77
779,3783,0.0000,466.6000,77
780,abc310_f,0.0000,467.6000,78
781,abc359_c,0.0000,468.6000,78
782,abc385_b,0.3333,469.2667,78
783,abc331_b,0.3333,469.9333,78
784,3762,0.0000,470.9333,78
785,2888,1.0000,470.9333,78
786,abc397_b,0.0000,471.9333,78
787,2877,1.0000,471.9333,78
788,abc371_b,0.0000,472.9333,78
789,abc375_d,0.0000,473.9333,78
790,2893,0.0000,474.9333,79
791,1899_C,0.0000,475.9333,79
792,abc307_d,0.2500,476.6833,79
793,abc386_f,0.6667,477.0167,79
794,abc309_c,0.0000,478.0167,79
795,3450,1.0000,478.0167,79
796,3460,0.0000,479.0167,79
797,2791,1.0000,479.0167,79
798,abc333_a,1.0000,479.0167,79
799,abc389_f,0.0000,480.0167,79
800,abc308_d,0.0000,481.0167,80
801,abc312_e,0.0000,482.0167,80
802,3183,1.0000,482.0167,80
803,3337,0.5000,482.5167,80
804,abc359_a,1.0000,482.5167,80
805,abc354_a,1.0000,482.5167,80
806,arc194_e,0.5000,483.0167,80
807,arc181_d,0.0000,484.0167,80
808,3567,0.5000,484.5167,80
809,abc392_d,0.0000,485.5167,80
810,abc327_d,0.5000,486.0167,81
811,abc376_a,0.3333,486.6833,81
812,abc303_d,0.0000,487.6833,81
813,3570,0.3333,488.3500,81
814,3768,1.0000,488.3500,81
815,3721,0.0000,489.3500,81
816,3594,0.0000,490.3500,81
817,abc396_d,0.0000,491.3500,81
818,abc351_e,0.0000,492.3500,81
819,abc367_a,0.0000,493.3500,81
820,abc361_c,0.3333,494.0167,82
821,abc394_a,1.0000,494.0167,82
822,3262,1.0000,494.0167,82
823,abc365_d,0.0000,495.0167,82
824,3379,1.0000,495.0167,82
825,arc183_a,0.0000,496.0167,82
826,3196,0.5000,496.5167,82
827,3193,1.0000,496.5167,82
828,abc384_c,0.0000,497.5167,82
829,abc362_a,1.0000,497.5167,82
830,3789,0.0000,498.5167,83
831,2891,0.0000,499.5167,83
832,3388,0.3333,500.1833,83
833,abc379_e,0.0000,501.1833,83
834,2999,0.5000,501.6833,83
835,3760,1.0000,501.6833,83
836,abc396_b,0.0000,502.6833,83
837,abc311_c,0.0000,503.6833,83
838,2876,1.0000,503.6833,83
839,abc311_b,0.0000,504.6833,83
840,abc326_d,0.0000,505.6833,84
841,3781,0.0000,506.6833,84
842,abc338_c,0.2500,507.4333,84
843,arc196_b,0.0000,508.4333,84
844,2785,1.0000,508.4333,84
845,3383,0.0000,509.4333,84
846,abc329_f,0.0000,510.4333,84
847,abc366_b,0.0000,511.4333,84
848,1873_A,0.0000,512.4333,84
849,abc362_e,0.0000,513.4333,84
850,arc184_d,0.0000,514.4333,85
851,abc363_e,0.0000,515.4333,85
852,3249,1.0000,515.4333,85
853,3744,0.0000,516.4333,85
854,abc340_d,0.0000,517.4333,85
855,abc390_f,0.0000,518.4333,85
856,abc303_b,0.0000,519.4333,85
857,arc190_d,0.0000,520.4333,85
858,abc398_a,1.0000,520.4333,85
859,abc372_c,0.0000,521.4333,85
860,abc325_a,1.0000,521.4333,86
861,abc370_g,0.0000,522.4333,86
862,3104,0.0000,523.4333,86
863,abc357_b,0.0000,524.4333,86
864,3311,1.0000,524.4333,86
865,abc384_g,0.0000,525.4333,86
866,abc356_d,0.0000,526.4333,86
867,abc393_e,0.0000,527.4333,86
868,abc377_a,1.0000,527.4333,86
869,abc377_e,0.0000,528.4333,86
870,1883_B,0.0000,529.4333,87
871,arc194_d,0.0000,530.4333,87
872,3243,1.0000,530.4333,87
873,abc353_e,0.0000,531.4333,87
874,3697,0.0000,532.4333,87
875,3153,0.0000,533.4333,87
876,abc333_c,0.0000,534.4333,87
877,abc372_g,0.0000,535.4333,87
878,abc385_c,0.3333,536.1000,87
879,arc192_d,0.0000,537.1000,87
880,abc382_a,0.0000,538.1000,88
881,3771,0.0000,539.1000,88
882,3531,0.0000,540.1000,88
883,3164,1.0000,540.1000,88
884,abc377_f,0.0000,541.1000,88
885,abc390_g,0.0000,542.1000,88
886,2730,1.0000,542.1000,88
887,abc391_d,0.0000,543.1000,88
888,3436,0.0000,544.1000,88
889,abc313_c,0.0000,545.1000,88
890,abc361_e,0.0000,546.1000,89
891,3367,0.0000,547.1000,89
892,abc389_e,0.0000,548.1000,89
893,abc342_a,1.0000,548.1000,89
894,abc342_e,0.0000,549.1000,89
895,3692,0.0000,550.1000,89
896,3526,0.3333,550.7667,89
897,abc351_b,1.0000,550.7667,89
898,3794,0.0000,551.7667,89
899,arc188_b,1.0000,551.7667,89
900,3245,1.0000,551.7667,90
901,abc370_d,0.0000,552.7667,90
902,3235,0.0000,553.7667,90
903,3150,1.0000,553.7667,90
904,abc387_f,0.0000,554.7667,90
905,2854,1.0000,554.7667,90
906,abc383_c,0.0000,555.7667,90
907,3025,0.0000,556.7667,90
908,3451,1.0000,556.7667,90
909,abc358_e,0.0000,557.7667,90
910,3213,1.0000,557.7667,91
911,abc399_e,0.0000,558.7667,91
912,3725,1.0000,558.7667,91
913,abc346_b,0.3333,559.4333,91
914,3447,1.0000,559.4333,91
915,abc352_a,0.6667,559.7667,91
916,3413,0.5000,560.2667,91
917,abc381_b,1.0000,560.2667,91
918,abc315_f,0.0000,561.2667,91
919,abc363_d,0.0000,562.2667,91
920,3461,0.5000,562.7667,92
921,abc381_a,1.0000,562.7667,92
922,abc312_d,0.0000,563.7667,92
923,3219,0.0000,564.7667,92
924,abc318_b,0.0000,565.7667,92
925,3224,0.0000,566.7667,92
926,3371,1.0000,566.7667,92
927,abc372_a,1.0000,566.7667,92
928,abc391_f,1.0000,566.7667,92
929,abc345_d,0.0000,567.7667,92
930,abc356_a,1.0000,567.7667,93
931,arc182_a,0.0000,568.7667,93
932,abc306_a,1.0000,568.7667,93
933,abc328_b,0.0000,569.7667,93
934,abc377_b,1.0000,569.7667,93
935,abc390_e,1.0000,569.7667,93
936,3453,0.5000,570.2667,93
937,abc396_f,0.0000,571.2667,93
938,abc305_e,0.0000,572.2667,93
939,2886,1.0000,572.2667,93
940,abc318_e,0.3333,572.9333,94
941,abc346_a,1.0000,572.9333,94
942,abc328_c,0.5000,573.4333,94
943,3593,0.6667,573.7667,94
944,2824,1.0000,573.7667,94
945,3604,0.0000,574.7667,94
946,abc309_b,0.0000,575.7667,94
947,2872,1.0000,575.7667,94
948,abc386_c,0.6667,576.1000,94
949,abc385_a,0.3333,576.7667,94
950,3656,0.6667,577.1000,95
951,abc330_a,1.0000,577.1000,95
952,3571,0.0000,578.1000,95
953,abc307_c,0.0000,579.1000,95
954,3421,1.0000,579.1000,95
955,3573,0.0000,580.1000,95
956,abc372_d,0.0000,581.1000,95
957,abc398_f,0.0000,582.1000,95
958,abc319_c,0.0000,583.1000,95
959,abc341_e,0.0000,584.1000,95
960,3346,0.0000,585.1000,96
961,3252,1.0000,585.1000,96
962,abc312_b,0.0000,586.1000,96
963,abc378_a,1.0000,586.1000,96
964,abc362_b,1.0000,586.1000,96
965,3291,0.6667,586.4333,96
966,arc194_a,0.0000,587.4333,96
967,abc367_b,1.0000,587.4333,96
968,2902,1.0000,587.4333,96
969,abc373_c,0.0000,588.4333,96
970,3558,1.0000,588.4333,97
971,abc400_c,0.0000,589.4333,97
972,abc374_a,1.0000,589.4333,97
973,abc318_d,0.0000,590.4333,97
974,3551,0.0000,591.4333,97
975,abc305_c,0.0000,592.4333,97
976,abc336_d,0.0000,593.4333,97
977,abc340_a,1.0000,593.4333,97
978,3251,1.0000,593.4333,97
979,abc338_e,0.3333,594.1000,97
980,3653,0.3333,594.7667,98
981,abc371_c,0.0000,595.7667,98
982,3327,0.0000,596.7667,98
983,abc321_a,1.0000,596.7667,98
984,abc341_f,0.0000,597.7667,98
985,3080,0.0000,598.7667,98
986,abc388_c,0.0000,599.7667,98
987,abc310_a,0.0000,600.7667,98
988,3715,0.0000,601.7667,98
989,2953,1.0000,601.7667,98
990,abc323_c,0.0000,602.7667,99
991,abc386_e,0.0000,603.7667,99
992,abc309_a,0.6667,604.1000,99
993,3026,0.0000,605.1000,99
994,2849,0.0000,606.1000,99
995,2892,0.7500,606.3500,99
996,abc375_b,0.0000,607.3500,99
997,abc302_a,0.6667,607.6833,99
998,3479,0.0000,608.6833,99
999,abc338_b,1.0000,608.6833,99
1000,abc387_a,1.0000,608.6833,100
1001,abc391_a,1.0000,608.6833,100
1002,abc369_d,0.0000,609.6833,100
1003,abc370_e,0.0000,610.6833,100
1004,3648,0.0000,611.6833,100
1005,abc324_b,1.0000,611.6833,100
1006,3430,0.0000,612.6833,100
1007,2952,0.0000,613.6833,100
1008,abc341_d,0.0000,614.6833,100
1009,abc397_e,0.0000,615.6833,100
1010,3731,0.0000,616.6833,101
1011,3192,1.0000,616.6833,101
1012,abc363_b,0.0000,617.6833,101
1013,3374,0.0000,618.6833,101
1014,abc378_c,0.0000,619.6833,101
1015,2847,1.0000,619.6833,101
1016,3608,0.0000,620.6833,101
1017,abc318_a,0.0000,621.6833,101
1018,abc366_g,0.0000,622.6833,101
1019,abc334_b,0.0000,623.6833,101
1020,3699,0.0000,624.6833,102
1021,abc337_d,0.0000,625.6833,102
1022,3045,1.0000,625.6833,102
1023,abc384_b,0.0000,626.6833,102
1024,3347,1.0000,626.6833,102
1025,3776,0.0000,627.6833,102
1026,3528,0.0000,628.6833,102
1027,abc352_b,0.0000,629.6833,102
1028,abc327_c,1.0000,629.6833,102
1029,3736,1.0000,629.6833,102
1030,3540,1.0000,629.6833,103
1031,3690,0.0000,630.6833,103
1032,abc329_a,1.0000,630.6833,103
1033,2755,0.0000,631.6833,103
1034,3442,0.0000,632.6833,103
1035,abc393_d,0.0000,633.6833,103
1036,abc354_d,0.0000,634.6833,103
1037,3632,1.0000,634.6833,103
1038,abc346_d,0.0000,635.6833,103
1039,2868,0.0000,636.6833,103
1040,3717,0.0000,637.6833,104
1041,3373,0.5000,638.1833,104
1042,abc354_b,0.0000,639.1833,104
1043,abc301_b,0.0000,640.1833,104
1044,2878,0.5000,640.6833,104
1045,2883,0.3333,641.3500,104
1046,3620,0.0000,642.3500,104
1047,3298,0.0000,643.3500,104
1048,abc304_c,0.0000,644.3500,104
1049,abc321_b,0.0000,645.3500,104
1050,3334,1.0000,645.3500,105
1051,3429,1.0000,645.3500,105
1052,abc365_c,0.3333,646.0167,105
1053,2857,0.5000,646.5167,105
1054,abc308_b,0.0000,647.5167,105
